 
****************************************
Report : timing
        -path full
        -delay max
        -max_paths 100
Design : SYS_TOP
Version: O-2018.06-SP1
Date   : Mon Sep 28 23:42:12 2026
****************************************

Operating Conditions: scmetro_tsmc_cl013g_rvt_ss_1p08v_125c   Library: scmetro_tsmc_cl013g_rvt_ss_1p08v_125c
Wire Load Model Mode: top

  Startpoint: u_ALU/ALU_OUT_reg[7]
              (rising edge-triggered flip-flop clocked by ALU_CLK)
  Endpoint: u_ALU/ALU_OUT_reg[8]
            (rising edge-triggered flip-flop clocked by ALU_CLK)
  Path Group: ALU_CLK
  Path Type: max

  Des/Clust/Port     Wire Load Model       Library
  ------------------------------------------------
  SYS_TOP            tsmc13_wl30           scmetro_tsmc_cl013g_rvt_ss_1p08v_125c

  Point                                    Incr       Path
  -----------------------------------------------------------
  clock ALU_CLK (rise edge)                0.00       0.00
  clock network delay (ideal)              0.00       0.00
  u_ALU/ALU_OUT_reg[7]/CK (SDFFRQX1M)      0.00       0.00 r
  u_ALU/ALU_OUT_reg[7]/Q (SDFFRQX1M)       0.77       0.77 f
  u_ALU/ALU_OUT_reg[8]/SI (SDFFRQX1M)      0.00       0.77 f
  data arrival time                                   0.77

  clock ALU_CLK (rise edge)               20.00      20.00
  clock network delay (ideal)              0.00      20.00
  clock uncertainty                       -0.20      19.80
  u_ALU/ALU_OUT_reg[8]/CK (SDFFRQX1M)      0.00      19.80 r
  library setup time                      -0.61      19.19
  data required time                                 19.19
  -----------------------------------------------------------
  data required time                                 19.19
  data arrival time                                  -0.77
  -----------------------------------------------------------
  slack (MET)                                        18.42


  Startpoint: u_ALU/ALU_OUT_reg[6]
              (rising edge-triggered flip-flop clocked by ALU_CLK)
  Endpoint: u_ALU/ALU_OUT_reg[7]
            (rising edge-triggered flip-flop clocked by ALU_CLK)
  Path Group: ALU_CLK
  Path Type: max

  Des/Clust/Port     Wire Load Model       Library
  ------------------------------------------------
  SYS_TOP            tsmc13_wl30           scmetro_tsmc_cl013g_rvt_ss_1p08v_125c

  Point                                    Incr       Path
  -----------------------------------------------------------
  clock ALU_CLK (rise edge)                0.00       0.00
  clock network delay (ideal)              0.00       0.00
  u_ALU/ALU_OUT_reg[6]/CK (SDFFRQX1M)      0.00       0.00 r
  u_ALU/ALU_OUT_reg[6]/Q (SDFFRQX1M)       0.77       0.77 f
  u_ALU/ALU_OUT_reg[7]/SI (SDFFRQX1M)      0.00       0.77 f
  data arrival time                                   0.77

  clock ALU_CLK (rise edge)               20.00      20.00
  clock network delay (ideal)              0.00      20.00
  clock uncertainty                       -0.20      19.80
  u_ALU/ALU_OUT_reg[7]/CK (SDFFRQX1M)      0.00      19.80 r
  library setup time                      -0.61      19.19
  data required time                                 19.19
  -----------------------------------------------------------
  data required time                                 19.19
  data arrival time                                  -0.77
  -----------------------------------------------------------
  slack (MET)                                        18.42


  Startpoint: u_ALU/ALU_OUT_reg[5]
              (rising edge-triggered flip-flop clocked by ALU_CLK)
  Endpoint: u_ALU/ALU_OUT_reg[6]
            (rising edge-triggered flip-flop clocked by ALU_CLK)
  Path Group: ALU_CLK
  Path Type: max

  Des/Clust/Port     Wire Load Model       Library
  ------------------------------------------------
  SYS_TOP            tsmc13_wl30           scmetro_tsmc_cl013g_rvt_ss_1p08v_125c

  Point                                    Incr       Path
  -----------------------------------------------------------
  clock ALU_CLK (rise edge)                0.00       0.00
  clock network delay (ideal)              0.00       0.00
  u_ALU/ALU_OUT_reg[5]/CK (SDFFRQX1M)      0.00       0.00 r
  u_ALU/ALU_OUT_reg[5]/Q (SDFFRQX1M)       0.77       0.77 f
  u_ALU/ALU_OUT_reg[6]/SI (SDFFRQX1M)      0.00       0.77 f
  data arrival time                                   0.77

  clock ALU_CLK (rise edge)               20.00      20.00
  clock network delay (ideal)              0.00      20.00
  clock uncertainty                       -0.20      19.80
  u_ALU/ALU_OUT_reg[6]/CK (SDFFRQX1M)      0.00      19.80 r
  library setup time                      -0.61      19.19
  data required time                                 19.19
  -----------------------------------------------------------
  data required time                                 19.19
  data arrival time                                  -0.77
  -----------------------------------------------------------
  slack (MET)                                        18.42


  Startpoint: u_ALU/ALU_OUT_reg[4]
              (rising edge-triggered flip-flop clocked by ALU_CLK)
  Endpoint: u_ALU/ALU_OUT_reg[5]
            (rising edge-triggered flip-flop clocked by ALU_CLK)
  Path Group: ALU_CLK
  Path Type: max

  Des/Clust/Port     Wire Load Model       Library
  ------------------------------------------------
  SYS_TOP            tsmc13_wl30           scmetro_tsmc_cl013g_rvt_ss_1p08v_125c

  Point                                    Incr       Path
  -----------------------------------------------------------
  clock ALU_CLK (rise edge)                0.00       0.00
  clock network delay (ideal)              0.00       0.00
  u_ALU/ALU_OUT_reg[4]/CK (SDFFRQX1M)      0.00       0.00 r
  u_ALU/ALU_OUT_reg[4]/Q (SDFFRQX1M)       0.77       0.77 f
  u_ALU/ALU_OUT_reg[5]/SI (SDFFRQX1M)      0.00       0.77 f
  data arrival time                                   0.77

  clock ALU_CLK (rise edge)               20.00      20.00
  clock network delay (ideal)              0.00      20.00
  clock uncertainty                       -0.20      19.80
  u_ALU/ALU_OUT_reg[5]/CK (SDFFRQX1M)      0.00      19.80 r
  library setup time                      -0.61      19.19
  data required time                                 19.19
  -----------------------------------------------------------
  data required time                                 19.19
  data arrival time                                  -0.77
  -----------------------------------------------------------
  slack (MET)                                        18.42


  Startpoint: u_ALU/ALU_OUT_reg[3]
              (rising edge-triggered flip-flop clocked by ALU_CLK)
  Endpoint: u_ALU/ALU_OUT_reg[4]
            (rising edge-triggered flip-flop clocked by ALU_CLK)
  Path Group: ALU_CLK
  Path Type: max

  Des/Clust/Port     Wire Load Model       Library
  ------------------------------------------------
  SYS_TOP            tsmc13_wl30           scmetro_tsmc_cl013g_rvt_ss_1p08v_125c

  Point                                    Incr       Path
  -----------------------------------------------------------
  clock ALU_CLK (rise edge)                0.00       0.00
  clock network delay (ideal)              0.00       0.00
  u_ALU/ALU_OUT_reg[3]/CK (SDFFRQX1M)      0.00       0.00 r
  u_ALU/ALU_OUT_reg[3]/Q (SDFFRQX1M)       0.77       0.77 f
  u_ALU/ALU_OUT_reg[4]/SI (SDFFRQX1M)      0.00       0.77 f
  data arrival time                                   0.77

  clock ALU_CLK (rise edge)               20.00      20.00
  clock network delay (ideal)              0.00      20.00
  clock uncertainty                       -0.20      19.80
  u_ALU/ALU_OUT_reg[4]/CK (SDFFRQX1M)      0.00      19.80 r
  library setup time                      -0.61      19.19
  data required time                                 19.19
  -----------------------------------------------------------
  data required time                                 19.19
  data arrival time                                  -0.77
  -----------------------------------------------------------
  slack (MET)                                        18.42


  Startpoint: u_ALU/ALU_OUT_reg[2]
              (rising edge-triggered flip-flop clocked by ALU_CLK)
  Endpoint: u_ALU/ALU_OUT_reg[3]
            (rising edge-triggered flip-flop clocked by ALU_CLK)
  Path Group: ALU_CLK
  Path Type: max

  Des/Clust/Port     Wire Load Model       Library
  ------------------------------------------------
  SYS_TOP            tsmc13_wl30           scmetro_tsmc_cl013g_rvt_ss_1p08v_125c

  Point                                    Incr       Path
  -----------------------------------------------------------
  clock ALU_CLK (rise edge)                0.00       0.00
  clock network delay (ideal)              0.00       0.00
  u_ALU/ALU_OUT_reg[2]/CK (SDFFRQX1M)      0.00       0.00 r
  u_ALU/ALU_OUT_reg[2]/Q (SDFFRQX1M)       0.77       0.77 f
  u_ALU/ALU_OUT_reg[3]/SI (SDFFRQX1M)      0.00       0.77 f
  data arrival time                                   0.77

  clock ALU_CLK (rise edge)               20.00      20.00
  clock network delay (ideal)              0.00      20.00
  clock uncertainty                       -0.20      19.80
  u_ALU/ALU_OUT_reg[3]/CK (SDFFRQX1M)      0.00      19.80 r
  library setup time                      -0.61      19.19
  data required time                                 19.19
  -----------------------------------------------------------
  data required time                                 19.19
  data arrival time                                  -0.77
  -----------------------------------------------------------
  slack (MET)                                        18.42


  Startpoint: u_ALU/ALU_OUT_reg[1]
              (rising edge-triggered flip-flop clocked by ALU_CLK)
  Endpoint: u_ALU/ALU_OUT_reg[2]
            (rising edge-triggered flip-flop clocked by ALU_CLK)
  Path Group: ALU_CLK
  Path Type: max

  Des/Clust/Port     Wire Load Model       Library
  ------------------------------------------------
  SYS_TOP            tsmc13_wl30           scmetro_tsmc_cl013g_rvt_ss_1p08v_125c

  Point                                    Incr       Path
  -----------------------------------------------------------
  clock ALU_CLK (rise edge)                0.00       0.00
  clock network delay (ideal)              0.00       0.00
  u_ALU/ALU_OUT_reg[1]/CK (SDFFRQX1M)      0.00       0.00 r
  u_ALU/ALU_OUT_reg[1]/Q (SDFFRQX1M)       0.77       0.77 f
  u_ALU/ALU_OUT_reg[2]/SI (SDFFRQX1M)      0.00       0.77 f
  data arrival time                                   0.77

  clock ALU_CLK (rise edge)               20.00      20.00
  clock network delay (ideal)              0.00      20.00
  clock uncertainty                       -0.20      19.80
  u_ALU/ALU_OUT_reg[2]/CK (SDFFRQX1M)      0.00      19.80 r
  library setup time                      -0.61      19.19
  data required time                                 19.19
  -----------------------------------------------------------
  data required time                                 19.19
  data arrival time                                  -0.77
  -----------------------------------------------------------
  slack (MET)                                        18.42


  Startpoint: u_ALU/ALU_OUT_reg[0]
              (rising edge-triggered flip-flop clocked by ALU_CLK)
  Endpoint: u_ALU/ALU_OUT_reg[1]
            (rising edge-triggered flip-flop clocked by ALU_CLK)
  Path Group: ALU_CLK
  Path Type: max

  Des/Clust/Port     Wire Load Model       Library
  ------------------------------------------------
  SYS_TOP            tsmc13_wl30           scmetro_tsmc_cl013g_rvt_ss_1p08v_125c

  Point                                    Incr       Path
  -----------------------------------------------------------
  clock ALU_CLK (rise edge)                0.00       0.00
  clock network delay (ideal)              0.00       0.00
  u_ALU/ALU_OUT_reg[0]/CK (SDFFRQX1M)      0.00       0.00 r
  u_ALU/ALU_OUT_reg[0]/Q (SDFFRQX1M)       0.77       0.77 f
  u_ALU/ALU_OUT_reg[1]/SI (SDFFRQX1M)      0.00       0.77 f
  data arrival time                                   0.77

  clock ALU_CLK (rise edge)               20.00      20.00
  clock network delay (ideal)              0.00      20.00
  clock uncertainty                       -0.20      19.80
  u_ALU/ALU_OUT_reg[1]/CK (SDFFRQX1M)      0.00      19.80 r
  library setup time                      -0.61      19.19
  data required time                                 19.19
  -----------------------------------------------------------
  data required time                                 19.19
  data arrival time                                  -0.77
  -----------------------------------------------------------
  slack (MET)                                        18.42


  Startpoint: u_ALU/ALU_OUT_reg[14]
              (rising edge-triggered flip-flop clocked by ALU_CLK)
  Endpoint: u_ALU/ALU_OUT_reg[15]
            (rising edge-triggered flip-flop clocked by ALU_CLK)
  Path Group: ALU_CLK
  Path Type: max

  Des/Clust/Port     Wire Load Model       Library
  ------------------------------------------------
  SYS_TOP            tsmc13_wl30           scmetro_tsmc_cl013g_rvt_ss_1p08v_125c

  Point                                                   Incr       Path
  --------------------------------------------------------------------------
  clock ALU_CLK (rise edge)                               0.00       0.00
  clock network delay (ideal)                             0.00       0.00
  u_ALU/ALU_OUT_reg[14]/CK (SDFFRQX1M)                    0.00       0.00 r
  u_ALU/ALU_OUT_reg[14]/Q (SDFFRQX1M)                     0.77       0.77 f
  u_ALU/ALU_OUT_reg[15]/SI (SDFFRQX1M)                    0.00       0.77 f
  data arrival time                                                  0.77

  clock ALU_CLK (rise edge)                              20.00      20.00
  clock network delay (ideal)                             0.00      20.00
  clock uncertainty                                      -0.20      19.80
  u_ALU/ALU_OUT_reg[15]/CK (SDFFRQX1M)                    0.00      19.80 r
  library setup time                                     -0.61      19.19
  data required time                                                19.19
  --------------------------------------------------------------------------
  data required time                                                19.19
  data arrival time                                                 -0.77
  --------------------------------------------------------------------------
  slack (MET)                                                       18.43


  Startpoint: u_ALU/ALU_OUT_reg[13]
              (rising edge-triggered flip-flop clocked by ALU_CLK)
  Endpoint: u_ALU/ALU_OUT_reg[14]
            (rising edge-triggered flip-flop clocked by ALU_CLK)
  Path Group: ALU_CLK
  Path Type: max

  Des/Clust/Port     Wire Load Model       Library
  ------------------------------------------------
  SYS_TOP            tsmc13_wl30           scmetro_tsmc_cl013g_rvt_ss_1p08v_125c

  Point                                                   Incr       Path
  --------------------------------------------------------------------------
  clock ALU_CLK (rise edge)                               0.00       0.00
  clock network delay (ideal)                             0.00       0.00
  u_ALU/ALU_OUT_reg[13]/CK (SDFFRQX1M)                    0.00       0.00 r
  u_ALU/ALU_OUT_reg[13]/Q (SDFFRQX1M)                     0.77       0.77 f
  u_ALU/ALU_OUT_reg[14]/SI (SDFFRQX1M)                    0.00       0.77 f
  data arrival time                                                  0.77

  clock ALU_CLK (rise edge)                              20.00      20.00
  clock network delay (ideal)                             0.00      20.00
  clock uncertainty                                      -0.20      19.80
  u_ALU/ALU_OUT_reg[14]/CK (SDFFRQX1M)                    0.00      19.80 r
  library setup time                                     -0.61      19.19
  data required time                                                19.19
  --------------------------------------------------------------------------
  data required time                                                19.19
  data arrival time                                                 -0.77
  --------------------------------------------------------------------------
  slack (MET)                                                       18.43


  Startpoint: u_ALU/ALU_OUT_reg[12]
              (rising edge-triggered flip-flop clocked by ALU_CLK)
  Endpoint: u_ALU/ALU_OUT_reg[13]
            (rising edge-triggered flip-flop clocked by ALU_CLK)
  Path Group: ALU_CLK
  Path Type: max

  Des/Clust/Port     Wire Load Model       Library
  ------------------------------------------------
  SYS_TOP            tsmc13_wl30           scmetro_tsmc_cl013g_rvt_ss_1p08v_125c

  Point                                                   Incr       Path
  --------------------------------------------------------------------------
  clock ALU_CLK (rise edge)                               0.00       0.00
  clock network delay (ideal)                             0.00       0.00
  u_ALU/ALU_OUT_reg[12]/CK (SDFFRQX1M)                    0.00       0.00 r
  u_ALU/ALU_OUT_reg[12]/Q (SDFFRQX1M)                     0.77       0.77 f
  u_ALU/ALU_OUT_reg[13]/SI (SDFFRQX1M)                    0.00       0.77 f
  data arrival time                                                  0.77

  clock ALU_CLK (rise edge)                              20.00      20.00
  clock network delay (ideal)                             0.00      20.00
  clock uncertainty                                      -0.20      19.80
  u_ALU/ALU_OUT_reg[13]/CK (SDFFRQX1M)                    0.00      19.80 r
  library setup time                                     -0.61      19.19
  data required time                                                19.19
  --------------------------------------------------------------------------
  data required time                                                19.19
  data arrival time                                                 -0.77
  --------------------------------------------------------------------------
  slack (MET)                                                       18.43


  Startpoint: u_ALU/ALU_OUT_reg[11]
              (rising edge-triggered flip-flop clocked by ALU_CLK)
  Endpoint: u_ALU/ALU_OUT_reg[12]
            (rising edge-triggered flip-flop clocked by ALU_CLK)
  Path Group: ALU_CLK
  Path Type: max

  Des/Clust/Port     Wire Load Model       Library
  ------------------------------------------------
  SYS_TOP            tsmc13_wl30           scmetro_tsmc_cl013g_rvt_ss_1p08v_125c

  Point                                                   Incr       Path
  --------------------------------------------------------------------------
  clock ALU_CLK (rise edge)                               0.00       0.00
  clock network delay (ideal)                             0.00       0.00
  u_ALU/ALU_OUT_reg[11]/CK (SDFFRQX1M)                    0.00       0.00 r
  u_ALU/ALU_OUT_reg[11]/Q (SDFFRQX1M)                     0.77       0.77 f
  u_ALU/ALU_OUT_reg[12]/SI (SDFFRQX1M)                    0.00       0.77 f
  data arrival time                                                  0.77

  clock ALU_CLK (rise edge)                              20.00      20.00
  clock network delay (ideal)                             0.00      20.00
  clock uncertainty                                      -0.20      19.80
  u_ALU/ALU_OUT_reg[12]/CK (SDFFRQX1M)                    0.00      19.80 r
  library setup time                                     -0.61      19.19
  data required time                                                19.19
  --------------------------------------------------------------------------
  data required time                                                19.19
  data arrival time                                                 -0.77
  --------------------------------------------------------------------------
  slack (MET)                                                       18.43


  Startpoint: u_ALU/ALU_OUT_reg[10]
              (rising edge-triggered flip-flop clocked by ALU_CLK)
  Endpoint: u_ALU/ALU_OUT_reg[11]
            (rising edge-triggered flip-flop clocked by ALU_CLK)
  Path Group: ALU_CLK
  Path Type: max

  Des/Clust/Port     Wire Load Model       Library
  ------------------------------------------------
  SYS_TOP            tsmc13_wl30           scmetro_tsmc_cl013g_rvt_ss_1p08v_125c

  Point                                                   Incr       Path
  --------------------------------------------------------------------------
  clock ALU_CLK (rise edge)                               0.00       0.00
  clock network delay (ideal)                             0.00       0.00
  u_ALU/ALU_OUT_reg[10]/CK (SDFFRQX1M)                    0.00       0.00 r
  u_ALU/ALU_OUT_reg[10]/Q (SDFFRQX1M)                     0.77       0.77 f
  u_ALU/ALU_OUT_reg[11]/SI (SDFFRQX1M)                    0.00       0.77 f
  data arrival time                                                  0.77

  clock ALU_CLK (rise edge)                              20.00      20.00
  clock network delay (ideal)                             0.00      20.00
  clock uncertainty                                      -0.20      19.80
  u_ALU/ALU_OUT_reg[11]/CK (SDFFRQX1M)                    0.00      19.80 r
  library setup time                                     -0.61      19.19
  data required time                                                19.19
  --------------------------------------------------------------------------
  data required time                                                19.19
  data arrival time                                                 -0.77
  --------------------------------------------------------------------------
  slack (MET)                                                       18.43


  Startpoint: u_ALU/ALU_OUT_reg[9]
              (rising edge-triggered flip-flop clocked by ALU_CLK)
  Endpoint: u_ALU/ALU_OUT_reg[10]
            (rising edge-triggered flip-flop clocked by ALU_CLK)
  Path Group: ALU_CLK
  Path Type: max

  Des/Clust/Port     Wire Load Model       Library
  ------------------------------------------------
  SYS_TOP            tsmc13_wl30           scmetro_tsmc_cl013g_rvt_ss_1p08v_125c

  Point                                                   Incr       Path
  --------------------------------------------------------------------------
  clock ALU_CLK (rise edge)                               0.00       0.00
  clock network delay (ideal)                             0.00       0.00
  u_ALU/ALU_OUT_reg[9]/CK (SDFFRQX1M)                     0.00       0.00 r
  u_ALU/ALU_OUT_reg[9]/Q (SDFFRQX1M)                      0.77       0.77 f
  u_ALU/ALU_OUT_reg[10]/SI (SDFFRQX1M)                    0.00       0.77 f
  data arrival time                                                  0.77

  clock ALU_CLK (rise edge)                              20.00      20.00
  clock network delay (ideal)                             0.00      20.00
  clock uncertainty                                      -0.20      19.80
  u_ALU/ALU_OUT_reg[10]/CK (SDFFRQX1M)                    0.00      19.80 r
  library setup time                                     -0.61      19.19
  data required time                                                19.19
  --------------------------------------------------------------------------
  data required time                                                19.19
  data arrival time                                                 -0.77
  --------------------------------------------------------------------------
  slack (MET)                                                       18.43


  Startpoint: u_ALU/ALU_OUT_reg[8]
              (rising edge-triggered flip-flop clocked by ALU_CLK)
  Endpoint: u_ALU/ALU_OUT_reg[9]
            (rising edge-triggered flip-flop clocked by ALU_CLK)
  Path Group: ALU_CLK
  Path Type: max

  Des/Clust/Port     Wire Load Model       Library
  ------------------------------------------------
  SYS_TOP            tsmc13_wl30           scmetro_tsmc_cl013g_rvt_ss_1p08v_125c

  Point                                    Incr       Path
  -----------------------------------------------------------
  clock ALU_CLK (rise edge)                0.00       0.00
  clock network delay (ideal)              0.00       0.00
  u_ALU/ALU_OUT_reg[8]/CK (SDFFRQX1M)      0.00       0.00 r
  u_ALU/ALU_OUT_reg[8]/Q (SDFFRQX1M)       0.77       0.77 f
  u_ALU/ALU_OUT_reg[9]/SI (SDFFRQX1M)      0.00       0.77 f
  data arrival time                                   0.77

  clock ALU_CLK (rise edge)               20.00      20.00
  clock network delay (ideal)              0.00      20.00
  clock uncertainty                       -0.20      19.80
  u_ALU/ALU_OUT_reg[9]/CK (SDFFRQX1M)      0.00      19.80 r
  library setup time                      -0.61      19.19
  data required time                                 19.19
  -----------------------------------------------------------
  data required time                                 19.19
  data arrival time                                  -0.77
  -----------------------------------------------------------
  slack (MET)                                        18.43


  Startpoint: u_ALU/ALU_OUT_reg[15]
              (rising edge-triggered flip-flop clocked by ALU_CLK)
  Endpoint: u_ALU/Valid_reg
            (rising edge-triggered flip-flop clocked by ALU_CLK)
  Path Group: ALU_CLK
  Path Type: max

  Des/Clust/Port     Wire Load Model       Library
  ------------------------------------------------
  SYS_TOP            tsmc13_wl30           scmetro_tsmc_cl013g_rvt_ss_1p08v_125c

  Point                                                   Incr       Path
  --------------------------------------------------------------------------
  clock ALU_CLK (rise edge)                               0.00       0.00
  clock network delay (ideal)                             0.00       0.00
  u_ALU/ALU_OUT_reg[15]/CK (SDFFRQX1M)                    0.00       0.00 r
  u_ALU/ALU_OUT_reg[15]/Q (SDFFRQX1M)                     0.77       0.77 f
  u_ALU/Valid_reg/SI (SDFFRQX1M)                          0.00       0.77 f
  data arrival time                                                  0.77

  clock ALU_CLK (rise edge)                              20.00      20.00
  clock network delay (ideal)                             0.00      20.00
  clock uncertainty                                      -0.20      19.80
  u_ALU/Valid_reg/CK (SDFFRQX1M)                          0.00      19.80 r
  library setup time                                     -0.61      19.19
  data required time                                                19.19
  --------------------------------------------------------------------------
  data required time                                                19.19
  data arrival time                                                 -0.77
  --------------------------------------------------------------------------
  slack (MET)                                                       18.43


  Startpoint: u_RegFile/mem_reg[2][5]
              (rising edge-triggered flip-flop clocked by SCAN_CLK)
  Endpoint: u_CLK_DIV_RX/t2_neg_reg
            (falling edge-triggered flip-flop clocked by SCAN_CLK)
  Path Group: SCAN_CLK
  Path Type: max

  Des/Clust/Port     Wire Load Model       Library
  ------------------------------------------------
  SYS_TOP            tsmc13_wl30           scmetro_tsmc_cl013g_rvt_ss_1p08v_125c

  Point                                                   Incr       Path
  --------------------------------------------------------------------------
  clock SCAN_CLK (rise edge)                              0.00       0.00
  clock network delay (ideal)                             0.00       0.00
  u_RegFile/mem_reg[2][5]/CK (SDFFSQX2M)                  0.00       0.00 r
  u_RegFile/mem_reg[2][5]/Q (SDFFSQX2M)                   1.20       1.20 r
  u_RegFile/U171/Y (INVXLM)                               0.72       1.91 f
  u_RegFile/U172/Y (INVX6M)                               1.01       2.92 r
  u_RegFile/REG2[5] (RegisterFile_DATA_WIDTH8_DATA_DEPTH16_ADDR_WIDTH4_test_1)
                                                          0.00       2.92 r
  div_62/b[3] (SYS_TOP_DW_div_uns_0)                      0.00       2.92 r
  div_62/U5/Y (NOR3X6M)                                   0.36       3.28 f
  div_62/U56/Y (AND4X1M)                                  0.69       3.97 f
  div_62/U40/Y (CLKMX2X2M)                                0.66       4.64 r
  div_62/u_div/u_fa_PartRem_0_6_1/CO (ADDFX2M)            0.71       5.35 r
  div_62/U4/Y (AND3X2M)                                   0.73       6.08 r
  div_62/U43/Y (CLKMX2X2M)                                0.69       6.77 f
  div_62/u_div/u_fa_PartRem_0_5_1/CO (ADDFX2M)            0.73       7.50 f
  div_62/u_div/u_fa_PartRem_0_5_2/CO (ADDFX2M)            0.50       7.99 f
  div_62/U11/Y (CLKAND2X2M)                               0.94       8.94 f
  div_62/U46/Y (CLKMX2X2M)                                0.76       9.70 r
  div_62/u_div/u_fa_PartRem_0_4_1/CO (ADDFX2M)            0.72      10.42 r
  div_62/u_div/u_fa_PartRem_0_4_2/CO (ADDFX2M)            0.47      10.89 r
  div_62/u_div/u_fa_PartRem_0_4_3/CO (ADDFX2M)            0.46      11.35 r
  div_62/U2/Y (AND3X4M)                                   0.67      12.02 r
  div_62/U49/Y (CLKMX2X2M)                                0.68      12.70 f
  div_62/u_div/u_fa_PartRem_0_3_1/CO (ADDFX2M)            0.73      13.43 f
  div_62/u_div/u_fa_PartRem_0_3_2/CO (ADDFX2M)            0.51      13.94 f
  div_62/u_div/u_fa_PartRem_0_3_3/CO (ADDFX2M)            0.51      14.45 f
  div_62/u_div/u_fa_PartRem_0_3_4/CO (ADDFX2M)            0.50      14.95 f
  div_62/U3/Y (CLKAND2X4M)                                0.77      15.72 f
  div_62/U52/Y (CLKMX2X2M)                                0.73      16.45 r
  div_62/u_div/u_fa_PartRem_0_2_1/CO (ADDFX2M)            0.72      17.17 r
  div_62/u_div/u_fa_PartRem_0_2_2/CO (ADDFX2M)            0.47      17.64 r
  div_62/u_div/u_fa_PartRem_0_2_3/CO (ADDFX2M)            0.47      18.11 r
  div_62/u_div/u_fa_PartRem_0_2_4/CO (ADDFX2M)            0.47      18.58 r
  div_62/u_div/u_fa_PartRem_0_2_5/CO (ADDFX4M)            1.00      19.58 r
  div_62/U54/Y (CLKMX2X2M)                                0.70      20.28 f
  div_62/u_div/u_fa_PartRem_0_1_1/CO (ADDFX2M)            0.73      21.01 f
  div_62/u_div/u_fa_PartRem_0_1_2/CO (ADDFX2M)            0.51      21.52 f
  div_62/u_div/u_fa_PartRem_0_1_3/CO (ADDFX2M)            0.51      22.03 f
  div_62/u_div/u_fa_PartRem_0_1_4/CO (ADDFX2M)            0.51      22.53 f
  div_62/u_div/u_fa_PartRem_0_1_5/CO (ADDFX2M)            0.50      23.04 f
  div_62/U16/Y (OR2X4M)                                   0.57      23.61 f
  div_62/U55/Y (CLKMX2X2M)                                0.49      24.09 r
  div_62/u_div/u_fa_PartRem_0_0_1/CO (ADDFX2M)            0.69      24.79 r
  div_62/u_div/u_fa_PartRem_0_0_2/CO (ADDFX2M)            0.47      25.26 r
  div_62/u_div/u_fa_PartRem_0_0_3/CO (ADDFX2M)            0.47      25.72 r
  div_62/u_div/u_fa_PartRem_0_0_4/CO (ADDFX2M)            0.47      26.19 r
  div_62/u_div/u_fa_PartRem_0_0_5/CO (ADDFX2M)            0.46      26.65 r
  div_62/U17/Y (OR2X2M)                                   0.33      26.98 r
  div_62/quotient[0] (SYS_TOP_DW_div_uns_0)               0.00      26.98 r
  U42/Y (AO22X4M)                                         0.69      27.67 r
  u_CLK_DIV_RX/i_div_ratio[0] (CLK_DIV_test_0)            0.00      27.67 r
  u_CLK_DIV_RX/add_20_round/A[0] (CLK_DIV_1_DW01_inc_1)
                                                          0.00      27.67 r
  u_CLK_DIV_RX/add_20_round/U1_1_1/CO (ADDHX1M)           0.48      28.14 r
  u_CLK_DIV_RX/add_20_round/U1_1_2/CO (ADDHX1M)           0.45      28.59 r
  u_CLK_DIV_RX/add_20_round/U1_1_3/CO (ADDHX1M)           0.45      29.04 r
  u_CLK_DIV_RX/add_20_round/U1_1_4/CO (ADDHX1M)           0.45      29.49 r
  u_CLK_DIV_RX/add_20_round/U1_1_5/CO (ADDHX1M)           0.45      29.94 r
  u_CLK_DIV_RX/add_20_round/U1_1_6/CO (ADDHX1M)           0.45      30.39 r
  u_CLK_DIV_RX/add_20_round/U1_1_7/S (ADDHX1M)            0.52      30.91 r
  u_CLK_DIV_RX/add_20_round/SUM[7] (CLK_DIV_1_DW01_inc_1)
                                                          0.00      30.91 r
  u_CLK_DIV_RX/U77/Y (XNOR2X1M)                           0.50      31.40 f
  u_CLK_DIV_RX/U74/Y (NOR4X1M)                            1.02      32.43 r
  u_CLK_DIV_RX/U68/Y (CLKNAND2X2M)                        0.66      33.09 f
  u_CLK_DIV_RX/U67/Y (CLKXOR2X2M)                         0.49      33.58 f
  u_CLK_DIV_RX/U66/Y (NOR2X1M)                            0.63      34.21 r
  u_CLK_DIV_RX/t2_neg_reg/D (SDFFNSRHX1M)                 0.00      34.21 r
  data arrival time                                                 34.21

  clock SCAN_CLK (fall edge)                             50.00      50.00
  clock network delay (ideal)                             0.00      50.00
  clock uncertainty                                      -0.20      49.80
  u_CLK_DIV_RX/t2_neg_reg/CKN (SDFFNSRHX1M)               0.00      49.80 f
  library setup time                                     -0.29      49.51
  data required time                                                49.51
  --------------------------------------------------------------------------
  data required time                                                49.51
  data arrival time                                                -34.21
  --------------------------------------------------------------------------
  slack (MET)                                                       15.30


  Startpoint: SE (input port clocked by SCAN_CLK)
  Endpoint: u_CLK_DIV_RX/t2_neg_reg
            (falling edge-triggered flip-flop clocked by SCAN_CLK)
  Path Group: SCAN_CLK
  Path Type: max

  Des/Clust/Port     Wire Load Model       Library
  ------------------------------------------------
  SYS_TOP            tsmc13_wl30           scmetro_tsmc_cl013g_rvt_ss_1p08v_125c

  Point                                                   Incr       Path
  --------------------------------------------------------------------------
  clock SCAN_CLK (rise edge)                              0.00       0.00
  clock network delay (ideal)                             0.00       0.00
  input external delay                                   20.00      20.00 r
  SE (in)                                                 0.66      20.66 r
  U96/Y (DLY1X1M)                                         0.89      21.54 r
  U121/Y (DLY1X1M)                                        0.89      22.43 r
  U117/Y (INVXLM)                                         0.55      22.98 f
  U84/Y (DLY1X1M)                                         0.83      23.81 f
  U118/Y (INVXLM)                                         0.62      24.43 r
  U116/Y (DLY1X1M)                                        0.88      25.31 r
  U74/Y (INVXLM)                                          0.55      25.85 f
  U72/Y (DLY1X1M)                                         0.83      26.68 f
  U73/Y (INVXLM)                                          0.62      27.30 r
  U70/Y (INVXLM)                                          0.48      27.78 f
  U71/Y (INVXLM)                                          0.58      28.36 r
  U69/Y (DLY1X1M)                                         0.89      29.25 r
  U68/Y (DLY1X1M)                                         0.88      30.12 r
  u_CLK_DIV_RX/test_se (CLK_DIV_test_0)                   0.00      30.12 r
  u_CLK_DIV_RX/U102/Y (INVXLM)                            0.55      30.67 f
  u_CLK_DIV_RX/U103/Y (INVXLM)                            0.60      31.27 r
  u_CLK_DIV_RX/U107/Y (DLY1X1M)                           0.88      32.15 r
  u_CLK_DIV_RX/U108/Y (DLY1X1M)                           0.88      33.03 r
  u_CLK_DIV_RX/U110/Y (DLY1X1M)                           0.90      33.93 r
  u_CLK_DIV_RX/t2_neg_reg/SE (SDFFNSRHX1M)                0.00      33.93 r
  data arrival time                                                 33.93

  clock SCAN_CLK (fall edge)                             50.00      50.00
  clock network delay (ideal)                             0.00      50.00
  clock uncertainty                                      -0.20      49.80
  u_CLK_DIV_RX/t2_neg_reg/CKN (SDFFNSRHX1M)               0.00      49.80 f
  library setup time                                     -0.51      49.29
  data required time                                                49.29
  --------------------------------------------------------------------------
  data required time                                                49.29
  data arrival time                                                -33.93
  --------------------------------------------------------------------------
  slack (MET)                                                       15.36


  Startpoint: SE (input port clocked by SCAN_CLK)
  Endpoint: u_CLK_DIV_TX/t2_neg_reg
            (falling edge-triggered flip-flop clocked by SCAN_CLK)
  Path Group: SCAN_CLK
  Path Type: max

  Des/Clust/Port     Wire Load Model       Library
  ------------------------------------------------
  SYS_TOP            tsmc13_wl30           scmetro_tsmc_cl013g_rvt_ss_1p08v_125c

  Point                                                   Incr       Path
  --------------------------------------------------------------------------
  clock SCAN_CLK (rise edge)                              0.00       0.00
  clock network delay (ideal)                             0.00       0.00
  input external delay                                   20.00      20.00 r
  SE (in)                                                 0.66      20.66 r
  U96/Y (DLY1X1M)                                         0.89      21.54 r
  U121/Y (DLY1X1M)                                        0.89      22.43 r
  U117/Y (INVXLM)                                         0.55      22.98 f
  U84/Y (DLY1X1M)                                         0.83      23.81 f
  U118/Y (INVXLM)                                         0.62      24.43 r
  U116/Y (DLY1X1M)                                        0.88      25.31 r
  U74/Y (INVXLM)                                          0.55      25.85 f
  U72/Y (DLY1X1M)                                         0.83      26.68 f
  U67/Y (INVXLM)                                          0.62      27.30 r
  U110/Y (DLY1X1M)                                        0.88      28.18 r
  u_CLK_DIV_TX/test_se (CLK_DIV_test_1)                   0.00      28.18 r
  u_CLK_DIV_TX/U107/Y (DLY1X1M)                           0.88      29.05 r
  u_CLK_DIV_TX/U109/Y (DLY1X1M)                           0.90      29.96 r
  u_CLK_DIV_TX/t2_neg_reg/SE (SDFFNSRHX1M)                0.00      29.96 r
  data arrival time                                                 29.96

  clock SCAN_CLK (fall edge)                             50.00      50.00
  clock network delay (ideal)                             0.00      50.00
  clock uncertainty                                      -0.20      49.80
  u_CLK_DIV_TX/t2_neg_reg/CKN (SDFFNSRHX1M)               0.00      49.80 f
  library setup time                                     -0.51      49.29
  data required time                                                49.29
  --------------------------------------------------------------------------
  data required time                                                49.29
  data arrival time                                                -29.96
  --------------------------------------------------------------------------
  slack (MET)                                                       19.33


  Startpoint: u_CLK_DIV_TX/t2_neg_reg
              (falling edge-triggered flip-flop clocked by SCAN_CLK)
  Endpoint: SO[1] (output port clocked by SCAN_CLK)
  Path Group: SCAN_CLK
  Path Type: max

  Des/Clust/Port     Wire Load Model       Library
  ------------------------------------------------
  SYS_TOP            tsmc13_wl30           scmetro_tsmc_cl013g_rvt_ss_1p08v_125c

  Point                                                   Incr       Path
  --------------------------------------------------------------------------
  clock SCAN_CLK (fall edge)                             50.00      50.00
  clock network delay (ideal)                             0.00      50.00
  u_CLK_DIV_TX/t2_neg_reg/CKN (SDFFNSRHX1M)               0.00      50.00 f
  u_CLK_DIV_TX/t2_neg_reg/Q (SDFFNSRHX1M)                 0.82      50.82 r
  u_CLK_DIV_TX/U4/Y (INVXLM)                              0.42      51.24 f
  u_CLK_DIV_TX/U5/Y (INVX2M)                              0.98      52.22 r
  u_CLK_DIV_TX/test_so2 (CLK_DIV_test_1)                  0.00      52.22 r
  SO[1] (out)                                             0.00      52.22 r
  data arrival time                                                 52.22

  clock SCAN_CLK (rise edge)                            100.00     100.00
  clock network delay (ideal)                             0.00     100.00
  clock uncertainty                                      -0.20      99.80
  output external delay                                 -20.00      79.80
  data required time                                                79.80
  --------------------------------------------------------------------------
  data required time                                                79.80
  data arrival time                                                -52.22
  --------------------------------------------------------------------------
  slack (MET)                                                       27.58


  Startpoint: SI[1] (input port clocked by SCAN_CLK)
  Endpoint: u_CLK_DIV_RX/t2_neg_reg
            (falling edge-triggered flip-flop clocked by SCAN_CLK)
  Path Group: SCAN_CLK
  Path Type: max

  Des/Clust/Port     Wire Load Model       Library
  ------------------------------------------------
  SYS_TOP            tsmc13_wl30           scmetro_tsmc_cl013g_rvt_ss_1p08v_125c

  Point                                                   Incr       Path
  --------------------------------------------------------------------------
  clock SCAN_CLK (rise edge)                              0.00       0.00
  clock network delay (ideal)                             0.00       0.00
  input external delay                                   20.00      20.00 f
  SI[1] (in)                                              0.10      20.10 f
  u_CLK_DIV_RX/test_si2 (CLK_DIV_test_0)                  0.00      20.10 f
  u_CLK_DIV_RX/t2_neg_reg/SI (SDFFNSRHX1M)                0.00      20.10 f
  data arrival time                                                 20.10

  clock SCAN_CLK (fall edge)                             50.00      50.00
  clock network delay (ideal)                             0.00      50.00
  clock uncertainty                                      -0.20      49.80
  u_CLK_DIV_RX/t2_neg_reg/CKN (SDFFNSRHX1M)               0.00      49.80 f
  library setup time                                     -0.42      49.38
  data required time                                                49.38
  --------------------------------------------------------------------------
  data required time                                                49.38
  data arrival time                                                -20.10
  --------------------------------------------------------------------------
  slack (MET)                                                       29.27


  Startpoint: u_RegFile/mem_reg[3][1]
              (rising edge-triggered flip-flop clocked by SCAN_CLK)
  Endpoint: u_CLK_DIV_TX/t2_neg_reg
            (falling edge-triggered flip-flop clocked by SCAN_CLK)
  Path Group: SCAN_CLK
  Path Type: max

  Des/Clust/Port     Wire Load Model       Library
  ------------------------------------------------
  SYS_TOP            tsmc13_wl30           scmetro_tsmc_cl013g_rvt_ss_1p08v_125c

  Point                                                   Incr       Path
  --------------------------------------------------------------------------
  clock SCAN_CLK (rise edge)                              0.00       0.00
  clock network delay (ideal)                             0.00       0.00
  u_RegFile/mem_reg[3][1]/CK (SDFFRQX2M)                  0.00       0.00 r
  u_RegFile/mem_reg[3][1]/Q (SDFFRQX2M)                   0.68       0.68 r
  u_RegFile/U177/Y (INVXLM)                               0.52       1.19 f
  u_RegFile/U178/Y (INVX6M)                               0.89       2.08 r
  u_RegFile/REG3[1] (RegisterFile_DATA_WIDTH8_DATA_DEPTH16_ADDR_WIDTH4_test_1)
                                                          0.00       2.08 r
  u_CLK_DIV_TX/i_div_ratio[1] (CLK_DIV_test_1)            0.00       2.08 r
  u_CLK_DIV_TX/add_20_round/A[1] (CLK_DIV_0_DW01_inc_1)
                                                          0.00       2.08 r
  u_CLK_DIV_TX/add_20_round/U1_1_1/CO (ADDHX1M)           0.45       2.54 r
  u_CLK_DIV_TX/add_20_round/U1_1_2/CO (ADDHX1M)           0.45       2.99 r
  u_CLK_DIV_TX/add_20_round/U1_1_3/CO (ADDHX1M)           0.45       3.44 r
  u_CLK_DIV_TX/add_20_round/U1_1_4/CO (ADDHX1M)           0.45       3.88 r
  u_CLK_DIV_TX/add_20_round/U1_1_5/CO (ADDHX1M)           0.45       4.33 r
  u_CLK_DIV_TX/add_20_round/U1_1_6/CO (ADDHX1M)           0.45       4.78 r
  u_CLK_DIV_TX/add_20_round/U1_1_7/S (ADDHX1M)            0.52       5.30 r
  u_CLK_DIV_TX/add_20_round/SUM[7] (CLK_DIV_0_DW01_inc_1)
                                                          0.00       5.30 r
  u_CLK_DIV_TX/U79/Y (XNOR2X1M)                           0.50       5.80 f
  u_CLK_DIV_TX/U76/Y (NOR4X1M)                            1.02       6.83 r
  u_CLK_DIV_TX/U70/Y (CLKNAND2X2M)                        0.66       7.49 f
  u_CLK_DIV_TX/U69/Y (CLKXOR2X2M)                         0.49       7.98 f
  u_CLK_DIV_TX/U68/Y (NOR2X1M)                            0.63       8.61 r
  u_CLK_DIV_TX/t2_neg_reg/D (SDFFNSRHX1M)                 0.00       8.61 r
  data arrival time                                                  8.61

  clock SCAN_CLK (fall edge)                             50.00      50.00
  clock network delay (ideal)                             0.00      50.00
  clock uncertainty                                      -0.20      49.80
  u_CLK_DIV_TX/t2_neg_reg/CKN (SDFFNSRHX1M)               0.00      49.80 f
  library setup time                                     -0.29      49.51
  data required time                                                49.51
  --------------------------------------------------------------------------
  data required time                                                49.51
  data arrival time                                                 -8.61
  --------------------------------------------------------------------------
  slack (MET)                                                       40.90


  Startpoint: SE (input port clocked by SCAN_CLK)
  Endpoint: u_ASYNC_FIFO/sync_rreset/shift_reg_reg[0]
            (rising edge-triggered flip-flop clocked by SCAN_CLK)
  Path Group: SCAN_CLK
  Path Type: max

  Des/Clust/Port     Wire Load Model       Library
  ------------------------------------------------
  SYS_TOP            tsmc13_wl30           scmetro_tsmc_cl013g_rvt_ss_1p08v_125c

  Point                                                   Incr       Path
  --------------------------------------------------------------------------
  clock SCAN_CLK (rise edge)                              0.00       0.00
  clock network delay (ideal)                             0.00       0.00
  input external delay                                   20.00      20.00 r
  SE (in)                                                 0.66      20.66 r
  U96/Y (DLY1X1M)                                         0.89      21.54 r
  U121/Y (DLY1X1M)                                        0.89      22.43 r
  U117/Y (INVXLM)                                         0.55      22.98 f
  U84/Y (DLY1X1M)                                         0.83      23.81 f
  U118/Y (INVXLM)                                         0.62      24.43 r
  U116/Y (DLY1X1M)                                        0.88      25.31 r
  U74/Y (INVXLM)                                          0.55      25.85 f
  U72/Y (DLY1X1M)                                         0.83      26.68 f
  U73/Y (INVXLM)                                          0.62      27.30 r
  U70/Y (INVXLM)                                          0.48      27.78 f
  U71/Y (INVXLM)                                          0.58      28.36 r
  U69/Y (DLY1X1M)                                         0.89      29.25 r
  U68/Y (DLY1X1M)                                         0.88      30.12 r
  U66/Y (DLY1X1M)                                         0.88      31.00 r
  U92/Y (INVXLM)                                          0.55      31.55 f
  U87/Y (INVXLM)                                          0.60      32.15 r
  U88/Y (INVXLM)                                          0.48      32.63 f
  U93/Y (INVXLM)                                          0.58      33.21 r
  U85/Y (DLY1X1M)                                         0.88      34.09 r
  U122/Y (DLY1X1M)                                        0.89      34.97 r
  U111/Y (INVXLM)                                         0.55      35.52 f
  U89/Y (INVXLM)                                          0.60      36.13 r
  U78/Y (DLY1X1M)                                         0.88      37.00 r
  U91/Y (INVXLM)                                          0.55      37.55 f
  U80/Y (DLY1X1M)                                         0.83      38.38 f
  U112/Y (INVXLM)                                         0.62      39.00 r
  U100/Y (INVXLM)                                         0.48      39.48 f
  U82/Y (DLY1X1M)                                         0.81      40.29 f
  U101/Y (INVXLM)                                         0.62      40.91 r
  U99/Y (DLY1X1M)                                         0.88      41.79 r
  u_ASYNC_FIFO/test_se (ASYNC_FIFO_TOP_DATA_WIDTH8_ADDR8_test_1)
                                                          0.00      41.79 r
  u_ASYNC_FIFO/sync_rreset/test_se (RESET_SYNC_STAGES2_test_0)
                                                          0.00      41.79 r
  u_ASYNC_FIFO/sync_rreset/U6/Y (DLY1X1M)                 0.90      42.69 r
  u_ASYNC_FIFO/sync_rreset/shift_reg_reg[0]/SE (SDFFRQX2M)
                                                          0.00      42.69 r
  data arrival time                                                 42.69

  clock SCAN_CLK (rise edge)                            100.00     100.00
  clock network delay (ideal)                             0.00     100.00
  clock uncertainty                                      -0.20      99.80
  u_ASYNC_FIFO/sync_rreset/shift_reg_reg[0]/CK (SDFFRQX2M)
                                                          0.00      99.80 r
  library setup time                                     -0.61      99.19
  data required time                                                99.19
  --------------------------------------------------------------------------
  data required time                                                99.19
  data arrival time                                                -42.69
  --------------------------------------------------------------------------
  slack (MET)                                                       56.50


  Startpoint: SE (input port clocked by SCAN_CLK)
  Endpoint: u_ASYNC_FIFO/sync_wreset/shift_reg_reg[1]
            (rising edge-triggered flip-flop clocked by SCAN_CLK)
  Path Group: SCAN_CLK
  Path Type: max

  Des/Clust/Port     Wire Load Model       Library
  ------------------------------------------------
  SYS_TOP            tsmc13_wl30           scmetro_tsmc_cl013g_rvt_ss_1p08v_125c

  Point                                                   Incr       Path
  --------------------------------------------------------------------------
  clock SCAN_CLK (rise edge)                              0.00       0.00
  clock network delay (ideal)                             0.00       0.00
  input external delay                                   20.00      20.00 r
  SE (in)                                                 0.66      20.66 r
  U96/Y (DLY1X1M)                                         0.89      21.54 r
  U121/Y (DLY1X1M)                                        0.89      22.43 r
  U117/Y (INVXLM)                                         0.55      22.98 f
  U84/Y (DLY1X1M)                                         0.83      23.81 f
  U118/Y (INVXLM)                                         0.62      24.43 r
  U116/Y (DLY1X1M)                                        0.88      25.31 r
  U74/Y (INVXLM)                                          0.55      25.85 f
  U72/Y (DLY1X1M)                                         0.83      26.68 f
  U73/Y (INVXLM)                                          0.62      27.30 r
  U70/Y (INVXLM)                                          0.48      27.78 f
  U71/Y (INVXLM)                                          0.58      28.36 r
  U69/Y (DLY1X1M)                                         0.89      29.25 r
  U68/Y (DLY1X1M)                                         0.88      30.12 r
  U66/Y (DLY1X1M)                                         0.88      31.00 r
  U92/Y (INVXLM)                                          0.55      31.55 f
  U87/Y (INVXLM)                                          0.60      32.15 r
  U88/Y (INVXLM)                                          0.48      32.63 f
  U93/Y (INVXLM)                                          0.58      33.21 r
  U85/Y (DLY1X1M)                                         0.88      34.09 r
  U122/Y (DLY1X1M)                                        0.89      34.97 r
  U111/Y (INVXLM)                                         0.55      35.52 f
  U89/Y (INVXLM)                                          0.60      36.13 r
  U78/Y (DLY1X1M)                                         0.88      37.00 r
  U91/Y (INVXLM)                                          0.55      37.55 f
  U80/Y (DLY1X1M)                                         0.83      38.38 f
  U112/Y (INVXLM)                                         0.62      39.00 r
  U100/Y (INVXLM)                                         0.48      39.48 f
  U82/Y (DLY1X1M)                                         0.81      40.29 f
  U101/Y (INVXLM)                                         0.62      40.91 r
  U99/Y (DLY1X1M)                                         0.88      41.79 r
  u_ASYNC_FIFO/test_se (ASYNC_FIFO_TOP_DATA_WIDTH8_ADDR8_test_1)
                                                          0.00      41.79 r
  u_ASYNC_FIFO/sync_wreset/test_se (RESET_SYNC_STAGES2_test_1)
                                                          0.00      41.79 r
  u_ASYNC_FIFO/sync_wreset/U5/Y (DLY1X1M)                 0.90      42.69 r
  u_ASYNC_FIFO/sync_wreset/shift_reg_reg[1]/SE (SDFFRQX2M)
                                                          0.00      42.69 r
  data arrival time                                                 42.69

  clock SCAN_CLK (rise edge)                            100.00     100.00
  clock network delay (ideal)                             0.00     100.00
  clock uncertainty                                      -0.20      99.80
  u_ASYNC_FIFO/sync_wreset/shift_reg_reg[1]/CK (SDFFRQX2M)
                                                          0.00      99.80 r
  library setup time                                     -0.61      99.19
  data required time                                                99.19
  --------------------------------------------------------------------------
  data required time                                                99.19
  data arrival time                                                -42.69
  --------------------------------------------------------------------------
  slack (MET)                                                       56.51


  Startpoint: SE (input port clocked by SCAN_CLK)
  Endpoint: u_ASYNC_FIFO/sync_wreset/shift_reg_reg[0]
            (rising edge-triggered flip-flop clocked by SCAN_CLK)
  Path Group: SCAN_CLK
  Path Type: max

  Des/Clust/Port     Wire Load Model       Library
  ------------------------------------------------
  SYS_TOP            tsmc13_wl30           scmetro_tsmc_cl013g_rvt_ss_1p08v_125c

  Point                                                   Incr       Path
  --------------------------------------------------------------------------
  clock SCAN_CLK (rise edge)                              0.00       0.00
  clock network delay (ideal)                             0.00       0.00
  input external delay                                   20.00      20.00 r
  SE (in)                                                 0.66      20.66 r
  U96/Y (DLY1X1M)                                         0.89      21.54 r
  U121/Y (DLY1X1M)                                        0.89      22.43 r
  U117/Y (INVXLM)                                         0.55      22.98 f
  U84/Y (DLY1X1M)                                         0.83      23.81 f
  U118/Y (INVXLM)                                         0.62      24.43 r
  U116/Y (DLY1X1M)                                        0.88      25.31 r
  U74/Y (INVXLM)                                          0.55      25.85 f
  U72/Y (DLY1X1M)                                         0.83      26.68 f
  U73/Y (INVXLM)                                          0.62      27.30 r
  U70/Y (INVXLM)                                          0.48      27.78 f
  U71/Y (INVXLM)                                          0.58      28.36 r
  U69/Y (DLY1X1M)                                         0.89      29.25 r
  U68/Y (DLY1X1M)                                         0.88      30.12 r
  U66/Y (DLY1X1M)                                         0.88      31.00 r
  U92/Y (INVXLM)                                          0.55      31.55 f
  U87/Y (INVXLM)                                          0.60      32.15 r
  U88/Y (INVXLM)                                          0.48      32.63 f
  U93/Y (INVXLM)                                          0.58      33.21 r
  U85/Y (DLY1X1M)                                         0.88      34.09 r
  U122/Y (DLY1X1M)                                        0.89      34.97 r
  U111/Y (INVXLM)                                         0.55      35.52 f
  U89/Y (INVXLM)                                          0.60      36.13 r
  U78/Y (DLY1X1M)                                         0.88      37.00 r
  U91/Y (INVXLM)                                          0.55      37.55 f
  U80/Y (DLY1X1M)                                         0.83      38.38 f
  U112/Y (INVXLM)                                         0.62      39.00 r
  U100/Y (INVXLM)                                         0.48      39.48 f
  U82/Y (DLY1X1M)                                         0.81      40.29 f
  U101/Y (INVXLM)                                         0.62      40.91 r
  U99/Y (DLY1X1M)                                         0.88      41.79 r
  u_ASYNC_FIFO/test_se (ASYNC_FIFO_TOP_DATA_WIDTH8_ADDR8_test_1)
                                                          0.00      41.79 r
  u_ASYNC_FIFO/sync_wreset/test_se (RESET_SYNC_STAGES2_test_1)
                                                          0.00      41.79 r
  u_ASYNC_FIFO/sync_wreset/U5/Y (DLY1X1M)                 0.90      42.69 r
  u_ASYNC_FIFO/sync_wreset/shift_reg_reg[0]/SE (SDFFRQX2M)
                                                          0.00      42.69 r
  data arrival time                                                 42.69

  clock SCAN_CLK (rise edge)                            100.00     100.00
  clock network delay (ideal)                             0.00     100.00
  clock uncertainty                                      -0.20      99.80
  u_ASYNC_FIFO/sync_wreset/shift_reg_reg[0]/CK (SDFFRQX2M)
                                                          0.00      99.80 r
  library setup time                                     -0.61      99.19
  data required time                                                99.19
  --------------------------------------------------------------------------
  data required time                                                99.19
  data arrival time                                                -42.69
  --------------------------------------------------------------------------
  slack (MET)                                                       56.51


  Startpoint: SE (input port clocked by SCAN_CLK)
  Endpoint: u_ASYNC_FIFO/sync_rreset/shift_reg_reg[1]
            (rising edge-triggered flip-flop clocked by SCAN_CLK)
  Path Group: SCAN_CLK
  Path Type: max

  Des/Clust/Port     Wire Load Model       Library
  ------------------------------------------------
  SYS_TOP            tsmc13_wl30           scmetro_tsmc_cl013g_rvt_ss_1p08v_125c

  Point                                                   Incr       Path
  --------------------------------------------------------------------------
  clock SCAN_CLK (rise edge)                              0.00       0.00
  clock network delay (ideal)                             0.00       0.00
  input external delay                                   20.00      20.00 r
  SE (in)                                                 0.66      20.66 r
  U96/Y (DLY1X1M)                                         0.89      21.54 r
  U121/Y (DLY1X1M)                                        0.89      22.43 r
  U117/Y (INVXLM)                                         0.55      22.98 f
  U84/Y (DLY1X1M)                                         0.83      23.81 f
  U118/Y (INVXLM)                                         0.62      24.43 r
  U116/Y (DLY1X1M)                                        0.88      25.31 r
  U74/Y (INVXLM)                                          0.55      25.85 f
  U72/Y (DLY1X1M)                                         0.83      26.68 f
  U73/Y (INVXLM)                                          0.62      27.30 r
  U70/Y (INVXLM)                                          0.48      27.78 f
  U71/Y (INVXLM)                                          0.58      28.36 r
  U69/Y (DLY1X1M)                                         0.89      29.25 r
  U68/Y (DLY1X1M)                                         0.88      30.12 r
  U66/Y (DLY1X1M)                                         0.88      31.00 r
  U92/Y (INVXLM)                                          0.55      31.55 f
  U87/Y (INVXLM)                                          0.60      32.15 r
  U88/Y (INVXLM)                                          0.48      32.63 f
  U93/Y (INVXLM)                                          0.58      33.21 r
  U85/Y (DLY1X1M)                                         0.88      34.09 r
  U122/Y (DLY1X1M)                                        0.89      34.97 r
  U111/Y (INVXLM)                                         0.55      35.52 f
  U89/Y (INVXLM)                                          0.60      36.13 r
  U78/Y (DLY1X1M)                                         0.88      37.00 r
  U91/Y (INVXLM)                                          0.55      37.55 f
  U80/Y (DLY1X1M)                                         0.83      38.38 f
  U112/Y (INVXLM)                                         0.62      39.00 r
  U100/Y (INVXLM)                                         0.48      39.48 f
  U82/Y (DLY1X1M)                                         0.81      40.29 f
  U101/Y (INVXLM)                                         0.62      40.91 r
  U99/Y (DLY1X1M)                                         0.88      41.79 r
  u_ASYNC_FIFO/test_se (ASYNC_FIFO_TOP_DATA_WIDTH8_ADDR8_test_1)
                                                          0.00      41.79 r
  u_ASYNC_FIFO/sync_rreset/test_se (RESET_SYNC_STAGES2_test_0)
                                                          0.00      41.79 r
  u_ASYNC_FIFO/sync_rreset/U6/Y (DLY1X1M)                 0.90      42.69 r
  u_ASYNC_FIFO/sync_rreset/shift_reg_reg[1]/SE (SDFFRHQX8M)
                                                          0.00      42.69 r
  data arrival time                                                 42.69

  clock SCAN_CLK (rise edge)                            100.00     100.00
  clock network delay (ideal)                             0.00     100.00
  clock uncertainty                                      -0.20      99.80
  u_ASYNC_FIFO/sync_rreset/shift_reg_reg[1]/CK (SDFFRHQX8M)
                                                          0.00      99.80 r
  library setup time                                     -0.55      99.25
  data required time                                                99.25
  --------------------------------------------------------------------------
  data required time                                                99.25
  data arrival time                                                -42.69
  --------------------------------------------------------------------------
  slack (MET)                                                       56.55


  Startpoint: SE (input port clocked by SCAN_CLK)
  Endpoint: u_DATA_SYNC/enable_pulse_reg
            (rising edge-triggered flip-flop clocked by SCAN_CLK)
  Path Group: SCAN_CLK
  Path Type: max

  Des/Clust/Port     Wire Load Model       Library
  ------------------------------------------------
  SYS_TOP            tsmc13_wl30           scmetro_tsmc_cl013g_rvt_ss_1p08v_125c

  Point                                                   Incr       Path
  --------------------------------------------------------------------------
  clock SCAN_CLK (rise edge)                              0.00       0.00
  clock network delay (ideal)                             0.00       0.00
  input external delay                                   20.00      20.00 r
  SE (in)                                                 0.66      20.66 r
  U96/Y (DLY1X1M)                                         0.89      21.54 r
  U121/Y (DLY1X1M)                                        0.89      22.43 r
  U117/Y (INVXLM)                                         0.55      22.98 f
  U84/Y (DLY1X1M)                                         0.83      23.81 f
  U118/Y (INVXLM)                                         0.62      24.43 r
  U116/Y (DLY1X1M)                                        0.88      25.31 r
  U74/Y (INVXLM)                                          0.55      25.85 f
  U72/Y (DLY1X1M)                                         0.83      26.68 f
  U73/Y (INVXLM)                                          0.62      27.30 r
  U70/Y (INVXLM)                                          0.48      27.78 f
  U71/Y (INVXLM)                                          0.58      28.36 r
  U69/Y (DLY1X1M)                                         0.89      29.25 r
  U68/Y (DLY1X1M)                                         0.88      30.12 r
  U66/Y (DLY1X1M)                                         0.88      31.00 r
  U92/Y (INVXLM)                                          0.55      31.55 f
  U87/Y (INVXLM)                                          0.60      32.15 r
  U88/Y (INVXLM)                                          0.48      32.63 f
  U93/Y (INVXLM)                                          0.58      33.21 r
  U85/Y (DLY1X1M)                                         0.88      34.09 r
  U122/Y (DLY1X1M)                                        0.89      34.97 r
  U111/Y (INVXLM)                                         0.55      35.52 f
  U89/Y (INVXLM)                                          0.60      36.13 r
  U78/Y (DLY1X1M)                                         0.88      37.00 r
  U90/Y (INVXLM)                                          0.55      37.55 f
  U79/Y (DLY1X1M)                                         0.83      38.38 f
  U104/Y (INVXLM)                                         0.62      39.00 r
  U98/Y (DLY1X1M)                                         0.88      39.87 r
  u_DATA_SYNC/test_se (DATA_SYNC_STAGES2_BUS_WIDTH8_test_1)
                                                          0.00      39.87 r
  u_DATA_SYNC/U34/Y (DLY1X1M)                             0.88      40.75 r
  u_DATA_SYNC/U30/Y (DLY1X1M)                             0.88      41.63 r
  u_DATA_SYNC/U39/Y (DLY1X1M)                             0.90      42.53 r
  u_DATA_SYNC/enable_pulse_reg/SE (SDFFRQX2M)             0.00      42.53 r
  data arrival time                                                 42.53

  clock SCAN_CLK (rise edge)                            100.00     100.00
  clock network delay (ideal)                             0.00     100.00
  clock uncertainty                                      -0.20      99.80
  u_DATA_SYNC/enable_pulse_reg/CK (SDFFRQX2M)             0.00      99.80 r
  library setup time                                     -0.61      99.19
  data required time                                                99.19
  --------------------------------------------------------------------------
  data required time                                                99.19
  data arrival time                                                -42.53
  --------------------------------------------------------------------------
  slack (MET)                                                       56.67


  Startpoint: SE (input port clocked by SCAN_CLK)
  Endpoint: u_DATA_SYNC/shift_reg_reg[0]
            (rising edge-triggered flip-flop clocked by SCAN_CLK)
  Path Group: SCAN_CLK
  Path Type: max

  Des/Clust/Port     Wire Load Model       Library
  ------------------------------------------------
  SYS_TOP            tsmc13_wl30           scmetro_tsmc_cl013g_rvt_ss_1p08v_125c

  Point                                                   Incr       Path
  --------------------------------------------------------------------------
  clock SCAN_CLK (rise edge)                              0.00       0.00
  clock network delay (ideal)                             0.00       0.00
  input external delay                                   20.00      20.00 r
  SE (in)                                                 0.66      20.66 r
  U96/Y (DLY1X1M)                                         0.89      21.54 r
  U121/Y (DLY1X1M)                                        0.89      22.43 r
  U117/Y (INVXLM)                                         0.55      22.98 f
  U84/Y (DLY1X1M)                                         0.83      23.81 f
  U118/Y (INVXLM)                                         0.62      24.43 r
  U116/Y (DLY1X1M)                                        0.88      25.31 r
  U74/Y (INVXLM)                                          0.55      25.85 f
  U72/Y (DLY1X1M)                                         0.83      26.68 f
  U73/Y (INVXLM)                                          0.62      27.30 r
  U70/Y (INVXLM)                                          0.48      27.78 f
  U71/Y (INVXLM)                                          0.58      28.36 r
  U69/Y (DLY1X1M)                                         0.89      29.25 r
  U68/Y (DLY1X1M)                                         0.88      30.12 r
  U66/Y (DLY1X1M)                                         0.88      31.00 r
  U92/Y (INVXLM)                                          0.55      31.55 f
  U87/Y (INVXLM)                                          0.60      32.15 r
  U88/Y (INVXLM)                                          0.48      32.63 f
  U93/Y (INVXLM)                                          0.58      33.21 r
  U85/Y (DLY1X1M)                                         0.88      34.09 r
  U122/Y (DLY1X1M)                                        0.89      34.97 r
  U111/Y (INVXLM)                                         0.55      35.52 f
  U89/Y (INVXLM)                                          0.60      36.13 r
  U78/Y (DLY1X1M)                                         0.88      37.00 r
  U90/Y (INVXLM)                                          0.55      37.55 f
  U79/Y (DLY1X1M)                                         0.83      38.38 f
  U104/Y (INVXLM)                                         0.62      39.00 r
  U98/Y (DLY1X1M)                                         0.88      39.87 r
  u_DATA_SYNC/test_se (DATA_SYNC_STAGES2_BUS_WIDTH8_test_1)
                                                          0.00      39.87 r
  u_DATA_SYNC/U35/Y (DLY1X1M)                             0.88      40.75 r
  u_DATA_SYNC/U31/Y (DLY1X1M)                             0.88      41.63 r
  u_DATA_SYNC/U38/Y (DLY1X1M)                             0.90      42.53 r
  u_DATA_SYNC/shift_reg_reg[0]/SE (SDFFRQX2M)             0.00      42.53 r
  data arrival time                                                 42.53

  clock SCAN_CLK (rise edge)                            100.00     100.00
  clock network delay (ideal)                             0.00     100.00
  clock uncertainty                                      -0.20      99.80
  u_DATA_SYNC/shift_reg_reg[0]/CK (SDFFRQX2M)             0.00      99.80 r
  library setup time                                     -0.61      99.19
  data required time                                                99.19
  --------------------------------------------------------------------------
  data required time                                                99.19
  data arrival time                                                -42.53
  --------------------------------------------------------------------------
  slack (MET)                                                       56.67


  Startpoint: SE (input port clocked by SCAN_CLK)
  Endpoint: u_DATA_SYNC/sync_bus_reg[3]
            (rising edge-triggered flip-flop clocked by SCAN_CLK)
  Path Group: SCAN_CLK
  Path Type: max

  Des/Clust/Port     Wire Load Model       Library
  ------------------------------------------------
  SYS_TOP            tsmc13_wl30           scmetro_tsmc_cl013g_rvt_ss_1p08v_125c

  Point                                                   Incr       Path
  --------------------------------------------------------------------------
  clock SCAN_CLK (rise edge)                              0.00       0.00
  clock network delay (ideal)                             0.00       0.00
  input external delay                                   20.00      20.00 r
  SE (in)                                                 0.66      20.66 r
  U96/Y (DLY1X1M)                                         0.89      21.54 r
  U121/Y (DLY1X1M)                                        0.89      22.43 r
  U117/Y (INVXLM)                                         0.55      22.98 f
  U84/Y (DLY1X1M)                                         0.83      23.81 f
  U118/Y (INVXLM)                                         0.62      24.43 r
  U116/Y (DLY1X1M)                                        0.88      25.31 r
  U74/Y (INVXLM)                                          0.55      25.85 f
  U72/Y (DLY1X1M)                                         0.83      26.68 f
  U73/Y (INVXLM)                                          0.62      27.30 r
  U70/Y (INVXLM)                                          0.48      27.78 f
  U71/Y (INVXLM)                                          0.58      28.36 r
  U69/Y (DLY1X1M)                                         0.89      29.25 r
  U68/Y (DLY1X1M)                                         0.88      30.12 r
  U66/Y (DLY1X1M)                                         0.88      31.00 r
  U92/Y (INVXLM)                                          0.55      31.55 f
  U87/Y (INVXLM)                                          0.60      32.15 r
  U88/Y (INVXLM)                                          0.48      32.63 f
  U93/Y (INVXLM)                                          0.58      33.21 r
  U85/Y (DLY1X1M)                                         0.88      34.09 r
  U122/Y (DLY1X1M)                                        0.89      34.97 r
  U111/Y (INVXLM)                                         0.55      35.52 f
  U89/Y (INVXLM)                                          0.60      36.13 r
  U78/Y (DLY1X1M)                                         0.88      37.00 r
  U90/Y (INVXLM)                                          0.55      37.55 f
  U79/Y (DLY1X1M)                                         0.83      38.38 f
  U104/Y (INVXLM)                                         0.62      39.00 r
  U98/Y (DLY1X1M)                                         0.88      39.87 r
  u_DATA_SYNC/test_se (DATA_SYNC_STAGES2_BUS_WIDTH8_test_1)
                                                          0.00      39.87 r
  u_DATA_SYNC/U34/Y (DLY1X1M)                             0.88      40.75 r
  u_DATA_SYNC/U30/Y (DLY1X1M)                             0.88      41.63 r
  u_DATA_SYNC/U39/Y (DLY1X1M)                             0.90      42.53 r
  u_DATA_SYNC/sync_bus_reg[3]/SE (SDFFRQX2M)              0.00      42.53 r
  data arrival time                                                 42.53

  clock SCAN_CLK (rise edge)                            100.00     100.00
  clock network delay (ideal)                             0.00     100.00
  clock uncertainty                                      -0.20      99.80
  u_DATA_SYNC/sync_bus_reg[3]/CK (SDFFRQX2M)              0.00      99.80 r
  library setup time                                     -0.61      99.19
  data required time                                                99.19
  --------------------------------------------------------------------------
  data required time                                                99.19
  data arrival time                                                -42.53
  --------------------------------------------------------------------------
  slack (MET)                                                       56.67


  Startpoint: SE (input port clocked by SCAN_CLK)
  Endpoint: u_DATA_SYNC/sync_bus_reg[2]
            (rising edge-triggered flip-flop clocked by SCAN_CLK)
  Path Group: SCAN_CLK
  Path Type: max

  Des/Clust/Port     Wire Load Model       Library
  ------------------------------------------------
  SYS_TOP            tsmc13_wl30           scmetro_tsmc_cl013g_rvt_ss_1p08v_125c

  Point                                                   Incr       Path
  --------------------------------------------------------------------------
  clock SCAN_CLK (rise edge)                              0.00       0.00
  clock network delay (ideal)                             0.00       0.00
  input external delay                                   20.00      20.00 r
  SE (in)                                                 0.66      20.66 r
  U96/Y (DLY1X1M)                                         0.89      21.54 r
  U121/Y (DLY1X1M)                                        0.89      22.43 r
  U117/Y (INVXLM)                                         0.55      22.98 f
  U84/Y (DLY1X1M)                                         0.83      23.81 f
  U118/Y (INVXLM)                                         0.62      24.43 r
  U116/Y (DLY1X1M)                                        0.88      25.31 r
  U74/Y (INVXLM)                                          0.55      25.85 f
  U72/Y (DLY1X1M)                                         0.83      26.68 f
  U73/Y (INVXLM)                                          0.62      27.30 r
  U70/Y (INVXLM)                                          0.48      27.78 f
  U71/Y (INVXLM)                                          0.58      28.36 r
  U69/Y (DLY1X1M)                                         0.89      29.25 r
  U68/Y (DLY1X1M)                                         0.88      30.12 r
  U66/Y (DLY1X1M)                                         0.88      31.00 r
  U92/Y (INVXLM)                                          0.55      31.55 f
  U87/Y (INVXLM)                                          0.60      32.15 r
  U88/Y (INVXLM)                                          0.48      32.63 f
  U93/Y (INVXLM)                                          0.58      33.21 r
  U85/Y (DLY1X1M)                                         0.88      34.09 r
  U122/Y (DLY1X1M)                                        0.89      34.97 r
  U111/Y (INVXLM)                                         0.55      35.52 f
  U89/Y (INVXLM)                                          0.60      36.13 r
  U78/Y (DLY1X1M)                                         0.88      37.00 r
  U90/Y (INVXLM)                                          0.55      37.55 f
  U79/Y (DLY1X1M)                                         0.83      38.38 f
  U104/Y (INVXLM)                                         0.62      39.00 r
  U98/Y (DLY1X1M)                                         0.88      39.87 r
  u_DATA_SYNC/test_se (DATA_SYNC_STAGES2_BUS_WIDTH8_test_1)
                                                          0.00      39.87 r
  u_DATA_SYNC/U35/Y (DLY1X1M)                             0.88      40.75 r
  u_DATA_SYNC/U31/Y (DLY1X1M)                             0.88      41.63 r
  u_DATA_SYNC/U38/Y (DLY1X1M)                             0.90      42.53 r
  u_DATA_SYNC/sync_bus_reg[2]/SE (SDFFRQX2M)              0.00      42.53 r
  data arrival time                                                 42.53

  clock SCAN_CLK (rise edge)                            100.00     100.00
  clock network delay (ideal)                             0.00     100.00
  clock uncertainty                                      -0.20      99.80
  u_DATA_SYNC/sync_bus_reg[2]/CK (SDFFRQX2M)              0.00      99.80 r
  library setup time                                     -0.61      99.19
  data required time                                                99.19
  --------------------------------------------------------------------------
  data required time                                                99.19
  data arrival time                                                -42.53
  --------------------------------------------------------------------------
  slack (MET)                                                       56.67


  Startpoint: SE (input port clocked by SCAN_CLK)
  Endpoint: u_DATA_SYNC/en_out_del_reg
            (rising edge-triggered flip-flop clocked by SCAN_CLK)
  Path Group: SCAN_CLK
  Path Type: max

  Des/Clust/Port     Wire Load Model       Library
  ------------------------------------------------
  SYS_TOP            tsmc13_wl30           scmetro_tsmc_cl013g_rvt_ss_1p08v_125c

  Point                                                   Incr       Path
  --------------------------------------------------------------------------
  clock SCAN_CLK (rise edge)                              0.00       0.00
  clock network delay (ideal)                             0.00       0.00
  input external delay                                   20.00      20.00 r
  SE (in)                                                 0.66      20.66 r
  U96/Y (DLY1X1M)                                         0.89      21.54 r
  U121/Y (DLY1X1M)                                        0.89      22.43 r
  U117/Y (INVXLM)                                         0.55      22.98 f
  U84/Y (DLY1X1M)                                         0.83      23.81 f
  U118/Y (INVXLM)                                         0.62      24.43 r
  U116/Y (DLY1X1M)                                        0.88      25.31 r
  U74/Y (INVXLM)                                          0.55      25.85 f
  U72/Y (DLY1X1M)                                         0.83      26.68 f
  U73/Y (INVXLM)                                          0.62      27.30 r
  U70/Y (INVXLM)                                          0.48      27.78 f
  U71/Y (INVXLM)                                          0.58      28.36 r
  U69/Y (DLY1X1M)                                         0.89      29.25 r
  U68/Y (DLY1X1M)                                         0.88      30.12 r
  U66/Y (DLY1X1M)                                         0.88      31.00 r
  U92/Y (INVXLM)                                          0.55      31.55 f
  U87/Y (INVXLM)                                          0.60      32.15 r
  U88/Y (INVXLM)                                          0.48      32.63 f
  U93/Y (INVXLM)                                          0.58      33.21 r
  U85/Y (DLY1X1M)                                         0.88      34.09 r
  U122/Y (DLY1X1M)                                        0.89      34.97 r
  U111/Y (INVXLM)                                         0.55      35.52 f
  U89/Y (INVXLM)                                          0.60      36.13 r
  U78/Y (DLY1X1M)                                         0.88      37.00 r
  U90/Y (INVXLM)                                          0.55      37.55 f
  U79/Y (DLY1X1M)                                         0.83      38.38 f
  U104/Y (INVXLM)                                         0.62      39.00 r
  U98/Y (DLY1X1M)                                         0.88      39.87 r
  u_DATA_SYNC/test_se (DATA_SYNC_STAGES2_BUS_WIDTH8_test_1)
                                                          0.00      39.87 r
  u_DATA_SYNC/U34/Y (DLY1X1M)                             0.88      40.75 r
  u_DATA_SYNC/U30/Y (DLY1X1M)                             0.88      41.63 r
  u_DATA_SYNC/U4/Y (BUFX2M)                               0.52      42.15 r
  u_DATA_SYNC/en_out_del_reg/SE (SDFFRQX2M)               0.00      42.15 r
  data arrival time                                                 42.15

  clock SCAN_CLK (rise edge)                            100.00     100.00
  clock network delay (ideal)                             0.00     100.00
  clock uncertainty                                      -0.20      99.80
  u_DATA_SYNC/en_out_del_reg/CK (SDFFRQX2M)               0.00      99.80 r
  library setup time                                     -0.59      99.21
  data required time                                                99.21
  --------------------------------------------------------------------------
  data required time                                                99.21
  data arrival time                                                -42.15
  --------------------------------------------------------------------------
  slack (MET)                                                       57.06


  Startpoint: SE (input port clocked by SCAN_CLK)
  Endpoint: u_DATA_SYNC/shift_reg_reg[1]
            (rising edge-triggered flip-flop clocked by SCAN_CLK)
  Path Group: SCAN_CLK
  Path Type: max

  Des/Clust/Port     Wire Load Model       Library
  ------------------------------------------------
  SYS_TOP            tsmc13_wl30           scmetro_tsmc_cl013g_rvt_ss_1p08v_125c

  Point                                                   Incr       Path
  --------------------------------------------------------------------------
  clock SCAN_CLK (rise edge)                              0.00       0.00
  clock network delay (ideal)                             0.00       0.00
  input external delay                                   20.00      20.00 r
  SE (in)                                                 0.66      20.66 r
  U96/Y (DLY1X1M)                                         0.89      21.54 r
  U121/Y (DLY1X1M)                                        0.89      22.43 r
  U117/Y (INVXLM)                                         0.55      22.98 f
  U84/Y (DLY1X1M)                                         0.83      23.81 f
  U118/Y (INVXLM)                                         0.62      24.43 r
  U116/Y (DLY1X1M)                                        0.88      25.31 r
  U74/Y (INVXLM)                                          0.55      25.85 f
  U72/Y (DLY1X1M)                                         0.83      26.68 f
  U73/Y (INVXLM)                                          0.62      27.30 r
  U70/Y (INVXLM)                                          0.48      27.78 f
  U71/Y (INVXLM)                                          0.58      28.36 r
  U69/Y (DLY1X1M)                                         0.89      29.25 r
  U68/Y (DLY1X1M)                                         0.88      30.12 r
  U66/Y (DLY1X1M)                                         0.88      31.00 r
  U92/Y (INVXLM)                                          0.55      31.55 f
  U87/Y (INVXLM)                                          0.60      32.15 r
  U88/Y (INVXLM)                                          0.48      32.63 f
  U93/Y (INVXLM)                                          0.58      33.21 r
  U85/Y (DLY1X1M)                                         0.88      34.09 r
  U122/Y (DLY1X1M)                                        0.89      34.97 r
  U111/Y (INVXLM)                                         0.55      35.52 f
  U89/Y (INVXLM)                                          0.60      36.13 r
  U78/Y (DLY1X1M)                                         0.88      37.00 r
  U90/Y (INVXLM)                                          0.55      37.55 f
  U79/Y (DLY1X1M)                                         0.83      38.38 f
  U104/Y (INVXLM)                                         0.62      39.00 r
  U98/Y (DLY1X1M)                                         0.88      39.87 r
  u_DATA_SYNC/test_se (DATA_SYNC_STAGES2_BUS_WIDTH8_test_1)
                                                          0.00      39.87 r
  u_DATA_SYNC/U35/Y (DLY1X1M)                             0.88      40.75 r
  u_DATA_SYNC/U31/Y (DLY1X1M)                             0.88      41.63 r
  u_DATA_SYNC/U3/Y (BUFX2M)                               0.52      42.15 r
  u_DATA_SYNC/shift_reg_reg[1]/SE (SDFFRQX2M)             0.00      42.15 r
  data arrival time                                                 42.15

  clock SCAN_CLK (rise edge)                            100.00     100.00
  clock network delay (ideal)                             0.00     100.00
  clock uncertainty                                      -0.20      99.80
  u_DATA_SYNC/shift_reg_reg[1]/CK (SDFFRQX2M)             0.00      99.80 r
  library setup time                                     -0.59      99.21
  data required time                                                99.21
  --------------------------------------------------------------------------
  data required time                                                99.21
  data arrival time                                                -42.15
  --------------------------------------------------------------------------
  slack (MET)                                                       57.06


  Startpoint: SE (input port clocked by SCAN_CLK)
  Endpoint: u_DATA_SYNC/sync_bus_reg[4]
            (rising edge-triggered flip-flop clocked by SCAN_CLK)
  Path Group: SCAN_CLK
  Path Type: max

  Des/Clust/Port     Wire Load Model       Library
  ------------------------------------------------
  SYS_TOP            tsmc13_wl30           scmetro_tsmc_cl013g_rvt_ss_1p08v_125c

  Point                                                   Incr       Path
  --------------------------------------------------------------------------
  clock SCAN_CLK (rise edge)                              0.00       0.00
  clock network delay (ideal)                             0.00       0.00
  input external delay                                   20.00      20.00 r
  SE (in)                                                 0.66      20.66 r
  U96/Y (DLY1X1M)                                         0.89      21.54 r
  U121/Y (DLY1X1M)                                        0.89      22.43 r
  U117/Y (INVXLM)                                         0.55      22.98 f
  U84/Y (DLY1X1M)                                         0.83      23.81 f
  U118/Y (INVXLM)                                         0.62      24.43 r
  U116/Y (DLY1X1M)                                        0.88      25.31 r
  U74/Y (INVXLM)                                          0.55      25.85 f
  U72/Y (DLY1X1M)                                         0.83      26.68 f
  U73/Y (INVXLM)                                          0.62      27.30 r
  U70/Y (INVXLM)                                          0.48      27.78 f
  U71/Y (INVXLM)                                          0.58      28.36 r
  U69/Y (DLY1X1M)                                         0.89      29.25 r
  U68/Y (DLY1X1M)                                         0.88      30.12 r
  U66/Y (DLY1X1M)                                         0.88      31.00 r
  U92/Y (INVXLM)                                          0.55      31.55 f
  U87/Y (INVXLM)                                          0.60      32.15 r
  U88/Y (INVXLM)                                          0.48      32.63 f
  U93/Y (INVXLM)                                          0.58      33.21 r
  U85/Y (DLY1X1M)                                         0.88      34.09 r
  U122/Y (DLY1X1M)                                        0.89      34.97 r
  U111/Y (INVXLM)                                         0.55      35.52 f
  U89/Y (INVXLM)                                          0.60      36.13 r
  U78/Y (DLY1X1M)                                         0.88      37.00 r
  U90/Y (INVXLM)                                          0.55      37.55 f
  U79/Y (DLY1X1M)                                         0.83      38.38 f
  U104/Y (INVXLM)                                         0.62      39.00 r
  U98/Y (DLY1X1M)                                         0.88      39.87 r
  u_DATA_SYNC/test_se (DATA_SYNC_STAGES2_BUS_WIDTH8_test_1)
                                                          0.00      39.87 r
  u_DATA_SYNC/U34/Y (DLY1X1M)                             0.88      40.75 r
  u_DATA_SYNC/U30/Y (DLY1X1M)                             0.88      41.63 r
  u_DATA_SYNC/U4/Y (BUFX2M)                               0.52      42.15 r
  u_DATA_SYNC/sync_bus_reg[4]/SE (SDFFRQX4M)              0.00      42.15 r
  data arrival time                                                 42.15

  clock SCAN_CLK (rise edge)                            100.00     100.00
  clock network delay (ideal)                             0.00     100.00
  clock uncertainty                                      -0.20      99.80
  u_DATA_SYNC/sync_bus_reg[4]/CK (SDFFRQX4M)              0.00      99.80 r
  library setup time                                     -0.59      99.21
  data required time                                                99.21
  --------------------------------------------------------------------------
  data required time                                                99.21
  data arrival time                                                -42.15
  --------------------------------------------------------------------------
  slack (MET)                                                       57.06


  Startpoint: SE (input port clocked by SCAN_CLK)
  Endpoint: u_DATA_SYNC/sync_bus_reg[0]
            (rising edge-triggered flip-flop clocked by SCAN_CLK)
  Path Group: SCAN_CLK
  Path Type: max

  Des/Clust/Port     Wire Load Model       Library
  ------------------------------------------------
  SYS_TOP            tsmc13_wl30           scmetro_tsmc_cl013g_rvt_ss_1p08v_125c

  Point                                                   Incr       Path
  --------------------------------------------------------------------------
  clock SCAN_CLK (rise edge)                              0.00       0.00
  clock network delay (ideal)                             0.00       0.00
  input external delay                                   20.00      20.00 r
  SE (in)                                                 0.66      20.66 r
  U96/Y (DLY1X1M)                                         0.89      21.54 r
  U121/Y (DLY1X1M)                                        0.89      22.43 r
  U117/Y (INVXLM)                                         0.55      22.98 f
  U84/Y (DLY1X1M)                                         0.83      23.81 f
  U118/Y (INVXLM)                                         0.62      24.43 r
  U116/Y (DLY1X1M)                                        0.88      25.31 r
  U74/Y (INVXLM)                                          0.55      25.85 f
  U72/Y (DLY1X1M)                                         0.83      26.68 f
  U73/Y (INVXLM)                                          0.62      27.30 r
  U70/Y (INVXLM)                                          0.48      27.78 f
  U71/Y (INVXLM)                                          0.58      28.36 r
  U69/Y (DLY1X1M)                                         0.89      29.25 r
  U68/Y (DLY1X1M)                                         0.88      30.12 r
  U66/Y (DLY1X1M)                                         0.88      31.00 r
  U92/Y (INVXLM)                                          0.55      31.55 f
  U87/Y (INVXLM)                                          0.60      32.15 r
  U88/Y (INVXLM)                                          0.48      32.63 f
  U93/Y (INVXLM)                                          0.58      33.21 r
  U85/Y (DLY1X1M)                                         0.88      34.09 r
  U122/Y (DLY1X1M)                                        0.89      34.97 r
  U111/Y (INVXLM)                                         0.55      35.52 f
  U89/Y (INVXLM)                                          0.60      36.13 r
  U78/Y (DLY1X1M)                                         0.88      37.00 r
  U90/Y (INVXLM)                                          0.55      37.55 f
  U79/Y (DLY1X1M)                                         0.83      38.38 f
  U104/Y (INVXLM)                                         0.62      39.00 r
  U98/Y (DLY1X1M)                                         0.88      39.87 r
  u_DATA_SYNC/test_se (DATA_SYNC_STAGES2_BUS_WIDTH8_test_1)
                                                          0.00      39.87 r
  u_DATA_SYNC/U35/Y (DLY1X1M)                             0.88      40.75 r
  u_DATA_SYNC/U31/Y (DLY1X1M)                             0.88      41.63 r
  u_DATA_SYNC/U3/Y (BUFX2M)                               0.52      42.15 r
  u_DATA_SYNC/sync_bus_reg[0]/SE (SDFFRQX4M)              0.00      42.15 r
  data arrival time                                                 42.15

  clock SCAN_CLK (rise edge)                            100.00     100.00
  clock network delay (ideal)                             0.00     100.00
  clock uncertainty                                      -0.20      99.80
  u_DATA_SYNC/sync_bus_reg[0]/CK (SDFFRQX4M)              0.00      99.80 r
  library setup time                                     -0.59      99.21
  data required time                                                99.21
  --------------------------------------------------------------------------
  data required time                                                99.21
  data arrival time                                                -42.15
  --------------------------------------------------------------------------
  slack (MET)                                                       57.06


  Startpoint: SE (input port clocked by SCAN_CLK)
  Endpoint: u_DATA_SYNC/sync_bus_reg[7]
            (rising edge-triggered flip-flop clocked by SCAN_CLK)
  Path Group: SCAN_CLK
  Path Type: max

  Des/Clust/Port     Wire Load Model       Library
  ------------------------------------------------
  SYS_TOP            tsmc13_wl30           scmetro_tsmc_cl013g_rvt_ss_1p08v_125c

  Point                                                   Incr       Path
  --------------------------------------------------------------------------
  clock SCAN_CLK (rise edge)                              0.00       0.00
  clock network delay (ideal)                             0.00       0.00
  input external delay                                   20.00      20.00 r
  SE (in)                                                 0.66      20.66 r
  U96/Y (DLY1X1M)                                         0.89      21.54 r
  U121/Y (DLY1X1M)                                        0.89      22.43 r
  U117/Y (INVXLM)                                         0.55      22.98 f
  U84/Y (DLY1X1M)                                         0.83      23.81 f
  U118/Y (INVXLM)                                         0.62      24.43 r
  U116/Y (DLY1X1M)                                        0.88      25.31 r
  U74/Y (INVXLM)                                          0.55      25.85 f
  U72/Y (DLY1X1M)                                         0.83      26.68 f
  U73/Y (INVXLM)                                          0.62      27.30 r
  U70/Y (INVXLM)                                          0.48      27.78 f
  U71/Y (INVXLM)                                          0.58      28.36 r
  U69/Y (DLY1X1M)                                         0.89      29.25 r
  U68/Y (DLY1X1M)                                         0.88      30.12 r
  U66/Y (DLY1X1M)                                         0.88      31.00 r
  U92/Y (INVXLM)                                          0.55      31.55 f
  U87/Y (INVXLM)                                          0.60      32.15 r
  U88/Y (INVXLM)                                          0.48      32.63 f
  U93/Y (INVXLM)                                          0.58      33.21 r
  U85/Y (DLY1X1M)                                         0.88      34.09 r
  U122/Y (DLY1X1M)                                        0.89      34.97 r
  U111/Y (INVXLM)                                         0.55      35.52 f
  U89/Y (INVXLM)                                          0.60      36.13 r
  U78/Y (DLY1X1M)                                         0.88      37.00 r
  U90/Y (INVXLM)                                          0.55      37.55 f
  U79/Y (DLY1X1M)                                         0.83      38.38 f
  U104/Y (INVXLM)                                         0.62      39.00 r
  U98/Y (DLY1X1M)                                         0.88      39.87 r
  u_DATA_SYNC/test_se (DATA_SYNC_STAGES2_BUS_WIDTH8_test_1)
                                                          0.00      39.87 r
  u_DATA_SYNC/U34/Y (DLY1X1M)                             0.88      40.75 r
  u_DATA_SYNC/U33/Y (DLY1X1M)                             0.90      41.65 r
  u_DATA_SYNC/sync_bus_reg[7]/SE (SDFFRQX2M)              0.00      41.65 r
  data arrival time                                                 41.65

  clock SCAN_CLK (rise edge)                            100.00     100.00
  clock network delay (ideal)                             0.00     100.00
  clock uncertainty                                      -0.20      99.80
  u_DATA_SYNC/sync_bus_reg[7]/CK (SDFFRQX2M)              0.00      99.80 r
  library setup time                                     -0.61      99.19
  data required time                                                99.19
  --------------------------------------------------------------------------
  data required time                                                99.19
  data arrival time                                                -41.65
  --------------------------------------------------------------------------
  slack (MET)                                                       57.55


  Startpoint: SE (input port clocked by SCAN_CLK)
  Endpoint: u_DATA_SYNC/sync_bus_reg[5]
            (rising edge-triggered flip-flop clocked by SCAN_CLK)
  Path Group: SCAN_CLK
  Path Type: max

  Des/Clust/Port     Wire Load Model       Library
  ------------------------------------------------
  SYS_TOP            tsmc13_wl30           scmetro_tsmc_cl013g_rvt_ss_1p08v_125c

  Point                                                   Incr       Path
  --------------------------------------------------------------------------
  clock SCAN_CLK (rise edge)                              0.00       0.00
  clock network delay (ideal)                             0.00       0.00
  input external delay                                   20.00      20.00 r
  SE (in)                                                 0.66      20.66 r
  U96/Y (DLY1X1M)                                         0.89      21.54 r
  U121/Y (DLY1X1M)                                        0.89      22.43 r
  U117/Y (INVXLM)                                         0.55      22.98 f
  U84/Y (DLY1X1M)                                         0.83      23.81 f
  U118/Y (INVXLM)                                         0.62      24.43 r
  U116/Y (DLY1X1M)                                        0.88      25.31 r
  U74/Y (INVXLM)                                          0.55      25.85 f
  U72/Y (DLY1X1M)                                         0.83      26.68 f
  U73/Y (INVXLM)                                          0.62      27.30 r
  U70/Y (INVXLM)                                          0.48      27.78 f
  U71/Y (INVXLM)                                          0.58      28.36 r
  U69/Y (DLY1X1M)                                         0.89      29.25 r
  U68/Y (DLY1X1M)                                         0.88      30.12 r
  U66/Y (DLY1X1M)                                         0.88      31.00 r
  U92/Y (INVXLM)                                          0.55      31.55 f
  U87/Y (INVXLM)                                          0.60      32.15 r
  U88/Y (INVXLM)                                          0.48      32.63 f
  U93/Y (INVXLM)                                          0.58      33.21 r
  U85/Y (DLY1X1M)                                         0.88      34.09 r
  U122/Y (DLY1X1M)                                        0.89      34.97 r
  U111/Y (INVXLM)                                         0.55      35.52 f
  U89/Y (INVXLM)                                          0.60      36.13 r
  U78/Y (DLY1X1M)                                         0.88      37.00 r
  U90/Y (INVXLM)                                          0.55      37.55 f
  U79/Y (DLY1X1M)                                         0.83      38.38 f
  U104/Y (INVXLM)                                         0.62      39.00 r
  U98/Y (DLY1X1M)                                         0.88      39.87 r
  u_DATA_SYNC/test_se (DATA_SYNC_STAGES2_BUS_WIDTH8_test_1)
                                                          0.00      39.87 r
  u_DATA_SYNC/U35/Y (DLY1X1M)                             0.88      40.75 r
  u_DATA_SYNC/U32/Y (DLY1X1M)                             0.90      41.65 r
  u_DATA_SYNC/sync_bus_reg[5]/SE (SDFFRQX2M)              0.00      41.65 r
  data arrival time                                                 41.65

  clock SCAN_CLK (rise edge)                            100.00     100.00
  clock network delay (ideal)                             0.00     100.00
  clock uncertainty                                      -0.20      99.80
  u_DATA_SYNC/sync_bus_reg[5]/CK (SDFFRQX2M)              0.00      99.80 r
  library setup time                                     -0.61      99.19
  data required time                                                99.19
  --------------------------------------------------------------------------
  data required time                                                99.19
  data arrival time                                                -41.65
  --------------------------------------------------------------------------
  slack (MET)                                                       57.55


  Startpoint: SE (input port clocked by SCAN_CLK)
  Endpoint: u_DATA_SYNC/sync_bus_reg[6]
            (rising edge-triggered flip-flop clocked by SCAN_CLK)
  Path Group: SCAN_CLK
  Path Type: max

  Des/Clust/Port     Wire Load Model       Library
  ------------------------------------------------
  SYS_TOP            tsmc13_wl30           scmetro_tsmc_cl013g_rvt_ss_1p08v_125c

  Point                                                   Incr       Path
  --------------------------------------------------------------------------
  clock SCAN_CLK (rise edge)                              0.00       0.00
  clock network delay (ideal)                             0.00       0.00
  input external delay                                   20.00      20.00 r
  SE (in)                                                 0.66      20.66 r
  U96/Y (DLY1X1M)                                         0.89      21.54 r
  U121/Y (DLY1X1M)                                        0.89      22.43 r
  U117/Y (INVXLM)                                         0.55      22.98 f
  U84/Y (DLY1X1M)                                         0.83      23.81 f
  U118/Y (INVXLM)                                         0.62      24.43 r
  U116/Y (DLY1X1M)                                        0.88      25.31 r
  U74/Y (INVXLM)                                          0.55      25.85 f
  U72/Y (DLY1X1M)                                         0.83      26.68 f
  U73/Y (INVXLM)                                          0.62      27.30 r
  U70/Y (INVXLM)                                          0.48      27.78 f
  U71/Y (INVXLM)                                          0.58      28.36 r
  U69/Y (DLY1X1M)                                         0.89      29.25 r
  U68/Y (DLY1X1M)                                         0.88      30.12 r
  U66/Y (DLY1X1M)                                         0.88      31.00 r
  U92/Y (INVXLM)                                          0.55      31.55 f
  U87/Y (INVXLM)                                          0.60      32.15 r
  U88/Y (INVXLM)                                          0.48      32.63 f
  U93/Y (INVXLM)                                          0.58      33.21 r
  U85/Y (DLY1X1M)                                         0.88      34.09 r
  U122/Y (DLY1X1M)                                        0.89      34.97 r
  U111/Y (INVXLM)                                         0.55      35.52 f
  U89/Y (INVXLM)                                          0.60      36.13 r
  U78/Y (DLY1X1M)                                         0.88      37.00 r
  U90/Y (INVXLM)                                          0.55      37.55 f
  U79/Y (DLY1X1M)                                         0.83      38.38 f
  U104/Y (INVXLM)                                         0.62      39.00 r
  U98/Y (DLY1X1M)                                         0.88      39.87 r
  u_DATA_SYNC/test_se (DATA_SYNC_STAGES2_BUS_WIDTH8_test_1)
                                                          0.00      39.87 r
  u_DATA_SYNC/U34/Y (DLY1X1M)                             0.88      40.75 r
  u_DATA_SYNC/U33/Y (DLY1X1M)                             0.90      41.65 r
  u_DATA_SYNC/sync_bus_reg[6]/SE (SDFFRQX2M)              0.00      41.65 r
  data arrival time                                                 41.65

  clock SCAN_CLK (rise edge)                            100.00     100.00
  clock network delay (ideal)                             0.00     100.00
  clock uncertainty                                      -0.20      99.80
  u_DATA_SYNC/sync_bus_reg[6]/CK (SDFFRQX2M)              0.00      99.80 r
  library setup time                                     -0.61      99.19
  data required time                                                99.19
  --------------------------------------------------------------------------
  data required time                                                99.19
  data arrival time                                                -41.65
  --------------------------------------------------------------------------
  slack (MET)                                                       57.55


  Startpoint: SE (input port clocked by SCAN_CLK)
  Endpoint: u_DATA_SYNC/sync_bus_reg[1]
            (rising edge-triggered flip-flop clocked by SCAN_CLK)
  Path Group: SCAN_CLK
  Path Type: max

  Des/Clust/Port     Wire Load Model       Library
  ------------------------------------------------
  SYS_TOP            tsmc13_wl30           scmetro_tsmc_cl013g_rvt_ss_1p08v_125c

  Point                                                   Incr       Path
  --------------------------------------------------------------------------
  clock SCAN_CLK (rise edge)                              0.00       0.00
  clock network delay (ideal)                             0.00       0.00
  input external delay                                   20.00      20.00 r
  SE (in)                                                 0.66      20.66 r
  U96/Y (DLY1X1M)                                         0.89      21.54 r
  U121/Y (DLY1X1M)                                        0.89      22.43 r
  U117/Y (INVXLM)                                         0.55      22.98 f
  U84/Y (DLY1X1M)                                         0.83      23.81 f
  U118/Y (INVXLM)                                         0.62      24.43 r
  U116/Y (DLY1X1M)                                        0.88      25.31 r
  U74/Y (INVXLM)                                          0.55      25.85 f
  U72/Y (DLY1X1M)                                         0.83      26.68 f
  U73/Y (INVXLM)                                          0.62      27.30 r
  U70/Y (INVXLM)                                          0.48      27.78 f
  U71/Y (INVXLM)                                          0.58      28.36 r
  U69/Y (DLY1X1M)                                         0.89      29.25 r
  U68/Y (DLY1X1M)                                         0.88      30.12 r
  U66/Y (DLY1X1M)                                         0.88      31.00 r
  U92/Y (INVXLM)                                          0.55      31.55 f
  U87/Y (INVXLM)                                          0.60      32.15 r
  U88/Y (INVXLM)                                          0.48      32.63 f
  U93/Y (INVXLM)                                          0.58      33.21 r
  U85/Y (DLY1X1M)                                         0.88      34.09 r
  U122/Y (DLY1X1M)                                        0.89      34.97 r
  U111/Y (INVXLM)                                         0.55      35.52 f
  U89/Y (INVXLM)                                          0.60      36.13 r
  U78/Y (DLY1X1M)                                         0.88      37.00 r
  U90/Y (INVXLM)                                          0.55      37.55 f
  U79/Y (DLY1X1M)                                         0.83      38.38 f
  U104/Y (INVXLM)                                         0.62      39.00 r
  U98/Y (DLY1X1M)                                         0.88      39.87 r
  u_DATA_SYNC/test_se (DATA_SYNC_STAGES2_BUS_WIDTH8_test_1)
                                                          0.00      39.87 r
  u_DATA_SYNC/U35/Y (DLY1X1M)                             0.88      40.75 r
  u_DATA_SYNC/U32/Y (DLY1X1M)                             0.90      41.65 r
  u_DATA_SYNC/sync_bus_reg[1]/SE (SDFFRQX2M)              0.00      41.65 r
  data arrival time                                                 41.65

  clock SCAN_CLK (rise edge)                            100.00     100.00
  clock network delay (ideal)                             0.00     100.00
  clock uncertainty                                      -0.20      99.80
  u_DATA_SYNC/sync_bus_reg[1]/CK (SDFFRQX2M)              0.00      99.80 r
  library setup time                                     -0.61      99.19
  data required time                                                99.19
  --------------------------------------------------------------------------
  data required time                                                99.19
  data arrival time                                                -41.65
  --------------------------------------------------------------------------
  slack (MET)                                                       57.55


  Startpoint: SE (input port clocked by SCAN_CLK)
  Endpoint: uart_rx_valid_reg_reg
            (rising edge-triggered flip-flop clocked by SCAN_CLK)
  Path Group: SCAN_CLK
  Path Type: max

  Des/Clust/Port     Wire Load Model       Library
  ------------------------------------------------
  SYS_TOP            tsmc13_wl30           scmetro_tsmc_cl013g_rvt_ss_1p08v_125c

  Point                                                   Incr       Path
  --------------------------------------------------------------------------
  clock SCAN_CLK (rise edge)                              0.00       0.00
  clock network delay (ideal)                             0.00       0.00
  input external delay                                   20.00      20.00 r
  SE (in)                                                 0.66      20.66 r
  U96/Y (DLY1X1M)                                         0.89      21.54 r
  U121/Y (DLY1X1M)                                        0.89      22.43 r
  U117/Y (INVXLM)                                         0.55      22.98 f
  U84/Y (DLY1X1M)                                         0.83      23.81 f
  U118/Y (INVXLM)                                         0.62      24.43 r
  U116/Y (DLY1X1M)                                        0.88      25.31 r
  U74/Y (INVXLM)                                          0.55      25.85 f
  U72/Y (DLY1X1M)                                         0.83      26.68 f
  U73/Y (INVXLM)                                          0.62      27.30 r
  U70/Y (INVXLM)                                          0.48      27.78 f
  U71/Y (INVXLM)                                          0.58      28.36 r
  U69/Y (DLY1X1M)                                         0.89      29.25 r
  U68/Y (DLY1X1M)                                         0.88      30.12 r
  U66/Y (DLY1X1M)                                         0.88      31.00 r
  U92/Y (INVXLM)                                          0.55      31.55 f
  U87/Y (INVXLM)                                          0.60      32.15 r
  U88/Y (INVXLM)                                          0.48      32.63 f
  U93/Y (INVXLM)                                          0.58      33.21 r
  U85/Y (DLY1X1M)                                         0.88      34.09 r
  U122/Y (DLY1X1M)                                        0.89      34.97 r
  U111/Y (INVXLM)                                         0.55      35.52 f
  U89/Y (INVXLM)                                          0.60      36.13 r
  U78/Y (DLY1X1M)                                         0.88      37.00 r
  U91/Y (INVXLM)                                          0.55      37.55 f
  U80/Y (DLY1X1M)                                         0.83      38.38 f
  U112/Y (INVXLM)                                         0.62      39.00 r
  U100/Y (INVXLM)                                         0.48      39.48 f
  U82/Y (DLY1X1M)                                         0.81      40.29 f
  U102/Y (INVXLM)                                         0.63      40.92 r
  uart_rx_valid_reg_reg/SE (SDFFRQX2M)                    0.00      40.92 r
  data arrival time                                                 40.92

  clock SCAN_CLK (rise edge)                            100.00     100.00
  clock network delay (ideal)                             0.00     100.00
  clock uncertainty                                      -0.20      99.80
  uart_rx_valid_reg_reg/CK (SDFFRQX2M)                    0.00      99.80 r
  library setup time                                     -0.60      99.20
  data required time                                                99.20
  --------------------------------------------------------------------------
  data required time                                                99.20
  data arrival time                                                -40.92
  --------------------------------------------------------------------------
  slack (MET)                                                       58.28


  Startpoint: SE (input port clocked by SCAN_CLK)
  Endpoint: uart_rx_p_data_reg_reg[1]
            (rising edge-triggered flip-flop clocked by SCAN_CLK)
  Path Group: SCAN_CLK
  Path Type: max

  Des/Clust/Port     Wire Load Model       Library
  ------------------------------------------------
  SYS_TOP            tsmc13_wl30           scmetro_tsmc_cl013g_rvt_ss_1p08v_125c

  Point                                                   Incr       Path
  --------------------------------------------------------------------------
  clock SCAN_CLK (rise edge)                              0.00       0.00
  clock network delay (ideal)                             0.00       0.00
  input external delay                                   20.00      20.00 r
  SE (in)                                                 0.66      20.66 r
  U96/Y (DLY1X1M)                                         0.89      21.54 r
  U121/Y (DLY1X1M)                                        0.89      22.43 r
  U117/Y (INVXLM)                                         0.55      22.98 f
  U84/Y (DLY1X1M)                                         0.83      23.81 f
  U118/Y (INVXLM)                                         0.62      24.43 r
  U116/Y (DLY1X1M)                                        0.88      25.31 r
  U74/Y (INVXLM)                                          0.55      25.85 f
  U72/Y (DLY1X1M)                                         0.83      26.68 f
  U73/Y (INVXLM)                                          0.62      27.30 r
  U70/Y (INVXLM)                                          0.48      27.78 f
  U71/Y (INVXLM)                                          0.58      28.36 r
  U69/Y (DLY1X1M)                                         0.89      29.25 r
  U68/Y (DLY1X1M)                                         0.88      30.12 r
  U66/Y (DLY1X1M)                                         0.88      31.00 r
  U92/Y (INVXLM)                                          0.55      31.55 f
  U87/Y (INVXLM)                                          0.60      32.15 r
  U88/Y (INVXLM)                                          0.48      32.63 f
  U93/Y (INVXLM)                                          0.58      33.21 r
  U85/Y (DLY1X1M)                                         0.88      34.09 r
  U122/Y (DLY1X1M)                                        0.89      34.97 r
  U111/Y (INVXLM)                                         0.55      35.52 f
  U89/Y (INVXLM)                                          0.60      36.13 r
  U78/Y (DLY1X1M)                                         0.88      37.00 r
  U91/Y (INVXLM)                                          0.55      37.55 f
  U80/Y (DLY1X1M)                                         0.83      38.38 f
  U113/Y (INVXLM)                                         0.63      39.01 r
  uart_rx_p_data_reg_reg[1]/SE (SDFFRQX2M)                0.00      39.01 r
  data arrival time                                                 39.01

  clock SCAN_CLK (rise edge)                            100.00     100.00
  clock network delay (ideal)                             0.00     100.00
  clock uncertainty                                      -0.20      99.80
  uart_rx_p_data_reg_reg[1]/CK (SDFFRQX2M)                0.00      99.80 r
  library setup time                                     -0.60      99.20
  data required time                                                99.20
  --------------------------------------------------------------------------
  data required time                                                99.20
  data arrival time                                                -39.01
  --------------------------------------------------------------------------
  slack (MET)                                                       60.19


  Startpoint: SE (input port clocked by SCAN_CLK)
  Endpoint: uart_rx_p_data_reg_reg[5]
            (rising edge-triggered flip-flop clocked by SCAN_CLK)
  Path Group: SCAN_CLK
  Path Type: max

  Des/Clust/Port     Wire Load Model       Library
  ------------------------------------------------
  SYS_TOP            tsmc13_wl30           scmetro_tsmc_cl013g_rvt_ss_1p08v_125c

  Point                                                   Incr       Path
  --------------------------------------------------------------------------
  clock SCAN_CLK (rise edge)                              0.00       0.00
  clock network delay (ideal)                             0.00       0.00
  input external delay                                   20.00      20.00 r
  SE (in)                                                 0.66      20.66 r
  U96/Y (DLY1X1M)                                         0.89      21.54 r
  U121/Y (DLY1X1M)                                        0.89      22.43 r
  U117/Y (INVXLM)                                         0.55      22.98 f
  U84/Y (DLY1X1M)                                         0.83      23.81 f
  U118/Y (INVXLM)                                         0.62      24.43 r
  U116/Y (DLY1X1M)                                        0.88      25.31 r
  U74/Y (INVXLM)                                          0.55      25.85 f
  U72/Y (DLY1X1M)                                         0.83      26.68 f
  U73/Y (INVXLM)                                          0.62      27.30 r
  U70/Y (INVXLM)                                          0.48      27.78 f
  U71/Y (INVXLM)                                          0.58      28.36 r
  U69/Y (DLY1X1M)                                         0.89      29.25 r
  U68/Y (DLY1X1M)                                         0.88      30.12 r
  U66/Y (DLY1X1M)                                         0.88      31.00 r
  U92/Y (INVXLM)                                          0.55      31.55 f
  U87/Y (INVXLM)                                          0.60      32.15 r
  U88/Y (INVXLM)                                          0.48      32.63 f
  U93/Y (INVXLM)                                          0.58      33.21 r
  U85/Y (DLY1X1M)                                         0.88      34.09 r
  U122/Y (DLY1X1M)                                        0.89      34.97 r
  U111/Y (INVXLM)                                         0.55      35.52 f
  U89/Y (INVXLM)                                          0.60      36.13 r
  U78/Y (DLY1X1M)                                         0.88      37.00 r
  U90/Y (INVXLM)                                          0.55      37.55 f
  U79/Y (DLY1X1M)                                         0.83      38.38 f
  U114/Y (INVXLM)                                         0.63      39.01 r
  uart_rx_p_data_reg_reg[5]/SE (SDFFRQX2M)                0.00      39.01 r
  data arrival time                                                 39.01

  clock SCAN_CLK (rise edge)                            100.00     100.00
  clock network delay (ideal)                             0.00     100.00
  clock uncertainty                                      -0.20      99.80
  uart_rx_p_data_reg_reg[5]/CK (SDFFRQX2M)                0.00      99.80 r
  library setup time                                     -0.60      99.20
  data required time                                                99.20
  --------------------------------------------------------------------------
  data required time                                                99.20
  data arrival time                                                -39.01
  --------------------------------------------------------------------------
  slack (MET)                                                       60.19


  Startpoint: SE (input port clocked by SCAN_CLK)
  Endpoint: u_RegFile/mem_reg[7][6]
            (rising edge-triggered flip-flop clocked by SCAN_CLK)
  Path Group: SCAN_CLK
  Path Type: max

  Des/Clust/Port     Wire Load Model       Library
  ------------------------------------------------
  SYS_TOP            tsmc13_wl30           scmetro_tsmc_cl013g_rvt_ss_1p08v_125c

  Point                                                   Incr       Path
  --------------------------------------------------------------------------
  clock SCAN_CLK (rise edge)                              0.00       0.00
  clock network delay (ideal)                             0.00       0.00
  input external delay                                   20.00      20.00 r
  SE (in)                                                 0.66      20.66 r
  U96/Y (DLY1X1M)                                         0.89      21.54 r
  U121/Y (DLY1X1M)                                        0.89      22.43 r
  U117/Y (INVXLM)                                         0.55      22.98 f
  U84/Y (DLY1X1M)                                         0.83      23.81 f
  U118/Y (INVXLM)                                         0.62      24.43 r
  U116/Y (DLY1X1M)                                        0.88      25.31 r
  U74/Y (INVXLM)                                          0.55      25.85 f
  U72/Y (DLY1X1M)                                         0.83      26.68 f
  U73/Y (INVXLM)                                          0.62      27.30 r
  U70/Y (INVXLM)                                          0.48      27.78 f
  U71/Y (INVXLM)                                          0.58      28.36 r
  U69/Y (DLY1X1M)                                         0.89      29.25 r
  U68/Y (DLY1X1M)                                         0.88      30.12 r
  U66/Y (DLY1X1M)                                         0.88      31.00 r
  U115/Y (DLY1X1M)                                        0.88      31.88 r
  u_RegFile/test_se (RegisterFile_DATA_WIDTH8_DATA_DEPTH16_ADDR_WIDTH4_test_1)
                                                          0.00      31.88 r
  u_RegFile/U630/Y (DLY1X1M)                              0.88      32.75 r
  u_RegFile/U567/Y (DLY1X1M)                              0.88      33.63 r
  u_RegFile/U698/Y (DLY1X1M)                              0.88      34.51 r
  u_RegFile/U585/Y (DLY1X1M)                              0.88      35.38 r
  u_RegFile/U682/Y (DLY1X1M)                              0.88      36.26 r
  u_RegFile/U570/Y (DLY1X1M)                              0.88      37.13 r
  u_RegFile/U635/Y (DLY1X1M)                              0.89      38.02 r
  u_RegFile/U587/Y (DLY1X1M)                              0.90      38.92 r
  u_RegFile/mem_reg[7][6]/SE (SDFFRQX2M)                  0.00      38.92 r
  data arrival time                                                 38.92

  clock SCAN_CLK (rise edge)                            100.00     100.00
  clock network delay (ideal)                             0.00     100.00
  clock uncertainty                                      -0.20      99.80
  u_RegFile/mem_reg[7][6]/CK (SDFFRQX2M)                  0.00      99.80 r
  library setup time                                     -0.61      99.19
  data required time                                                99.19
  --------------------------------------------------------------------------
  data required time                                                99.19
  data arrival time                                                -38.92
  --------------------------------------------------------------------------
  slack (MET)                                                       60.28


  Startpoint: SE (input port clocked by SCAN_CLK)
  Endpoint: u_RegFile/mem_reg[9][7]
            (rising edge-triggered flip-flop clocked by SCAN_CLK)
  Path Group: SCAN_CLK
  Path Type: max

  Des/Clust/Port     Wire Load Model       Library
  ------------------------------------------------
  SYS_TOP            tsmc13_wl30           scmetro_tsmc_cl013g_rvt_ss_1p08v_125c

  Point                                                   Incr       Path
  --------------------------------------------------------------------------
  clock SCAN_CLK (rise edge)                              0.00       0.00
  clock network delay (ideal)                             0.00       0.00
  input external delay                                   20.00      20.00 r
  SE (in)                                                 0.66      20.66 r
  U96/Y (DLY1X1M)                                         0.89      21.54 r
  U121/Y (DLY1X1M)                                        0.89      22.43 r
  U117/Y (INVXLM)                                         0.55      22.98 f
  U84/Y (DLY1X1M)                                         0.83      23.81 f
  U118/Y (INVXLM)                                         0.62      24.43 r
  U116/Y (DLY1X1M)                                        0.88      25.31 r
  U74/Y (INVXLM)                                          0.55      25.85 f
  U72/Y (DLY1X1M)                                         0.83      26.68 f
  U73/Y (INVXLM)                                          0.62      27.30 r
  U70/Y (INVXLM)                                          0.48      27.78 f
  U71/Y (INVXLM)                                          0.58      28.36 r
  U69/Y (DLY1X1M)                                         0.89      29.25 r
  U68/Y (DLY1X1M)                                         0.88      30.12 r
  U66/Y (DLY1X1M)                                         0.88      31.00 r
  U115/Y (DLY1X1M)                                        0.88      31.88 r
  u_RegFile/test_se (RegisterFile_DATA_WIDTH8_DATA_DEPTH16_ADDR_WIDTH4_test_1)
                                                          0.00      31.88 r
  u_RegFile/U629/Y (DLY1X1M)                              0.88      32.75 r
  u_RegFile/U566/Y (DLY1X1M)                              0.88      33.63 r
  u_RegFile/U697/Y (DLY1X1M)                              0.88      34.51 r
  u_RegFile/U584/Y (DLY1X1M)                              0.88      35.38 r
  u_RegFile/U685/Y (DLY1X1M)                              0.88      36.26 r
  u_RegFile/U573/Y (DLY1X1M)                              0.88      37.13 r
  u_RegFile/U638/Y (DLY1X1M)                              0.89      38.02 r
  u_RegFile/U588/Y (DLY1X1M)                              0.90      38.92 r
  u_RegFile/mem_reg[9][7]/SE (SDFFRQX2M)                  0.00      38.92 r
  data arrival time                                                 38.92

  clock SCAN_CLK (rise edge)                            100.00     100.00
  clock network delay (ideal)                             0.00     100.00
  clock uncertainty                                      -0.20      99.80
  u_RegFile/mem_reg[9][7]/CK (SDFFRQX2M)                  0.00      99.80 r
  library setup time                                     -0.61      99.19
  data required time                                                99.19
  --------------------------------------------------------------------------
  data required time                                                99.19
  data arrival time                                                -38.92
  --------------------------------------------------------------------------
  slack (MET)                                                       60.28


  Startpoint: SE (input port clocked by SCAN_CLK)
  Endpoint: u_RegFile/mem_reg[9][5]
            (rising edge-triggered flip-flop clocked by SCAN_CLK)
  Path Group: SCAN_CLK
  Path Type: max

  Des/Clust/Port     Wire Load Model       Library
  ------------------------------------------------
  SYS_TOP            tsmc13_wl30           scmetro_tsmc_cl013g_rvt_ss_1p08v_125c

  Point                                                   Incr       Path
  --------------------------------------------------------------------------
  clock SCAN_CLK (rise edge)                              0.00       0.00
  clock network delay (ideal)                             0.00       0.00
  input external delay                                   20.00      20.00 r
  SE (in)                                                 0.66      20.66 r
  U96/Y (DLY1X1M)                                         0.89      21.54 r
  U121/Y (DLY1X1M)                                        0.89      22.43 r
  U117/Y (INVXLM)                                         0.55      22.98 f
  U84/Y (DLY1X1M)                                         0.83      23.81 f
  U118/Y (INVXLM)                                         0.62      24.43 r
  U116/Y (DLY1X1M)                                        0.88      25.31 r
  U74/Y (INVXLM)                                          0.55      25.85 f
  U72/Y (DLY1X1M)                                         0.83      26.68 f
  U73/Y (INVXLM)                                          0.62      27.30 r
  U70/Y (INVXLM)                                          0.48      27.78 f
  U71/Y (INVXLM)                                          0.58      28.36 r
  U69/Y (DLY1X1M)                                         0.89      29.25 r
  U68/Y (DLY1X1M)                                         0.88      30.12 r
  U66/Y (DLY1X1M)                                         0.88      31.00 r
  U115/Y (DLY1X1M)                                        0.88      31.88 r
  u_RegFile/test_se (RegisterFile_DATA_WIDTH8_DATA_DEPTH16_ADDR_WIDTH4_test_1)
                                                          0.00      31.88 r
  u_RegFile/U629/Y (DLY1X1M)                              0.88      32.75 r
  u_RegFile/U566/Y (DLY1X1M)                              0.88      33.63 r
  u_RegFile/U697/Y (DLY1X1M)                              0.88      34.51 r
  u_RegFile/U584/Y (DLY1X1M)                              0.88      35.38 r
  u_RegFile/U692/Y (DLY1X1M)                              0.88      36.26 r
  u_RegFile/U579/Y (DLY1X1M)                              0.88      37.13 r
  u_RegFile/U662/Y (DLY1X1M)                              0.89      38.02 r
  u_RegFile/U599/Y (DLY1X1M)                              0.90      38.92 r
  u_RegFile/mem_reg[9][5]/SE (SDFFRQX2M)                  0.00      38.92 r
  data arrival time                                                 38.92

  clock SCAN_CLK (rise edge)                            100.00     100.00
  clock network delay (ideal)                             0.00     100.00
  clock uncertainty                                      -0.20      99.80
  u_RegFile/mem_reg[9][5]/CK (SDFFRQX2M)                  0.00      99.80 r
  library setup time                                     -0.61      99.19
  data required time                                                99.19
  --------------------------------------------------------------------------
  data required time                                                99.19
  data arrival time                                                -38.92
  --------------------------------------------------------------------------
  slack (MET)                                                       60.28


  Startpoint: SE (input port clocked by SCAN_CLK)
  Endpoint: u_RegFile/mem_reg[9][2]
            (rising edge-triggered flip-flop clocked by SCAN_CLK)
  Path Group: SCAN_CLK
  Path Type: max

  Des/Clust/Port     Wire Load Model       Library
  ------------------------------------------------
  SYS_TOP            tsmc13_wl30           scmetro_tsmc_cl013g_rvt_ss_1p08v_125c

  Point                                                   Incr       Path
  --------------------------------------------------------------------------
  clock SCAN_CLK (rise edge)                              0.00       0.00
  clock network delay (ideal)                             0.00       0.00
  input external delay                                   20.00      20.00 r
  SE (in)                                                 0.66      20.66 r
  U96/Y (DLY1X1M)                                         0.89      21.54 r
  U121/Y (DLY1X1M)                                        0.89      22.43 r
  U117/Y (INVXLM)                                         0.55      22.98 f
  U84/Y (DLY1X1M)                                         0.83      23.81 f
  U118/Y (INVXLM)                                         0.62      24.43 r
  U116/Y (DLY1X1M)                                        0.88      25.31 r
  U74/Y (INVXLM)                                          0.55      25.85 f
  U72/Y (DLY1X1M)                                         0.83      26.68 f
  U73/Y (INVXLM)                                          0.62      27.30 r
  U70/Y (INVXLM)                                          0.48      27.78 f
  U71/Y (INVXLM)                                          0.58      28.36 r
  U69/Y (DLY1X1M)                                         0.89      29.25 r
  U68/Y (DLY1X1M)                                         0.88      30.12 r
  U66/Y (DLY1X1M)                                         0.88      31.00 r
  U115/Y (DLY1X1M)                                        0.88      31.88 r
  u_RegFile/test_se (RegisterFile_DATA_WIDTH8_DATA_DEPTH16_ADDR_WIDTH4_test_1)
                                                          0.00      31.88 r
  u_RegFile/U630/Y (DLY1X1M)                              0.88      32.75 r
  u_RegFile/U567/Y (DLY1X1M)                              0.88      33.63 r
  u_RegFile/U698/Y (DLY1X1M)                              0.88      34.51 r
  u_RegFile/U585/Y (DLY1X1M)                              0.88      35.38 r
  u_RegFile/U679/Y (DLY1X1M)                              0.88      36.26 r
  u_RegFile/U568/Y (DLY1X1M)                              0.88      37.13 r
  u_RegFile/U653/Y (DLY1X1M)                              0.89      38.02 r
  u_RegFile/U593/Y (DLY1X1M)                              0.90      38.92 r
  u_RegFile/mem_reg[9][2]/SE (SDFFRQX2M)                  0.00      38.92 r
  data arrival time                                                 38.92

  clock SCAN_CLK (rise edge)                            100.00     100.00
  clock network delay (ideal)                             0.00     100.00
  clock uncertainty                                      -0.20      99.80
  u_RegFile/mem_reg[9][2]/CK (SDFFRQX2M)                  0.00      99.80 r
  library setup time                                     -0.61      99.19
  data required time                                                99.19
  --------------------------------------------------------------------------
  data required time                                                99.19
  data arrival time                                                -38.92
  --------------------------------------------------------------------------
  slack (MET)                                                       60.28


  Startpoint: SE (input port clocked by SCAN_CLK)
  Endpoint: u_RegFile/mem_reg[13][5]
            (rising edge-triggered flip-flop clocked by SCAN_CLK)
  Path Group: SCAN_CLK
  Path Type: max

  Des/Clust/Port     Wire Load Model       Library
  ------------------------------------------------
  SYS_TOP            tsmc13_wl30           scmetro_tsmc_cl013g_rvt_ss_1p08v_125c

  Point                                                   Incr       Path
  --------------------------------------------------------------------------
  clock SCAN_CLK (rise edge)                              0.00       0.00
  clock network delay (ideal)                             0.00       0.00
  input external delay                                   20.00      20.00 r
  SE (in)                                                 0.66      20.66 r
  U96/Y (DLY1X1M)                                         0.89      21.54 r
  U121/Y (DLY1X1M)                                        0.89      22.43 r
  U117/Y (INVXLM)                                         0.55      22.98 f
  U84/Y (DLY1X1M)                                         0.83      23.81 f
  U118/Y (INVXLM)                                         0.62      24.43 r
  U116/Y (DLY1X1M)                                        0.88      25.31 r
  U74/Y (INVXLM)                                          0.55      25.85 f
  U72/Y (DLY1X1M)                                         0.83      26.68 f
  U73/Y (INVXLM)                                          0.62      27.30 r
  U70/Y (INVXLM)                                          0.48      27.78 f
  U71/Y (INVXLM)                                          0.58      28.36 r
  U69/Y (DLY1X1M)                                         0.89      29.25 r
  U68/Y (DLY1X1M)                                         0.88      30.12 r
  U66/Y (DLY1X1M)                                         0.88      31.00 r
  U115/Y (DLY1X1M)                                        0.88      31.88 r
  u_RegFile/test_se (RegisterFile_DATA_WIDTH8_DATA_DEPTH16_ADDR_WIDTH4_test_1)
                                                          0.00      31.88 r
  u_RegFile/U629/Y (DLY1X1M)                              0.88      32.75 r
  u_RegFile/U566/Y (DLY1X1M)                              0.88      33.63 r
  u_RegFile/U697/Y (DLY1X1M)                              0.88      34.51 r
  u_RegFile/U584/Y (DLY1X1M)                              0.88      35.38 r
  u_RegFile/U692/Y (DLY1X1M)                              0.88      36.26 r
  u_RegFile/U579/Y (DLY1X1M)                              0.88      37.13 r
  u_RegFile/U663/Y (DLY1X1M)                              0.89      38.02 r
  u_RegFile/U600/Y (DLY1X1M)                              0.90      38.92 r
  u_RegFile/mem_reg[13][5]/SE (SDFFRQX2M)                 0.00      38.92 r
  data arrival time                                                 38.92

  clock SCAN_CLK (rise edge)                            100.00     100.00
  clock network delay (ideal)                             0.00     100.00
  clock uncertainty                                      -0.20      99.80
  u_RegFile/mem_reg[13][5]/CK (SDFFRQX2M)                 0.00      99.80 r
  library setup time                                     -0.61      99.19
  data required time                                                99.19
  --------------------------------------------------------------------------
  data required time                                                99.19
  data arrival time                                                -38.92
  --------------------------------------------------------------------------
  slack (MET)                                                       60.28


  Startpoint: SE (input port clocked by SCAN_CLK)
  Endpoint: u_RegFile/mem_reg[12][2]
            (rising edge-triggered flip-flop clocked by SCAN_CLK)
  Path Group: SCAN_CLK
  Path Type: max

  Des/Clust/Port     Wire Load Model       Library
  ------------------------------------------------
  SYS_TOP            tsmc13_wl30           scmetro_tsmc_cl013g_rvt_ss_1p08v_125c

  Point                                                   Incr       Path
  --------------------------------------------------------------------------
  clock SCAN_CLK (rise edge)                              0.00       0.00
  clock network delay (ideal)                             0.00       0.00
  input external delay                                   20.00      20.00 r
  SE (in)                                                 0.66      20.66 r
  U96/Y (DLY1X1M)                                         0.89      21.54 r
  U121/Y (DLY1X1M)                                        0.89      22.43 r
  U117/Y (INVXLM)                                         0.55      22.98 f
  U84/Y (DLY1X1M)                                         0.83      23.81 f
  U118/Y (INVXLM)                                         0.62      24.43 r
  U116/Y (DLY1X1M)                                        0.88      25.31 r
  U74/Y (INVXLM)                                          0.55      25.85 f
  U72/Y (DLY1X1M)                                         0.83      26.68 f
  U73/Y (INVXLM)                                          0.62      27.30 r
  U70/Y (INVXLM)                                          0.48      27.78 f
  U71/Y (INVXLM)                                          0.58      28.36 r
  U69/Y (DLY1X1M)                                         0.89      29.25 r
  U68/Y (DLY1X1M)                                         0.88      30.12 r
  U66/Y (DLY1X1M)                                         0.88      31.00 r
  U115/Y (DLY1X1M)                                        0.88      31.88 r
  u_RegFile/test_se (RegisterFile_DATA_WIDTH8_DATA_DEPTH16_ADDR_WIDTH4_test_1)
                                                          0.00      31.88 r
  u_RegFile/U630/Y (DLY1X1M)                              0.88      32.75 r
  u_RegFile/U567/Y (DLY1X1M)                              0.88      33.63 r
  u_RegFile/U698/Y (DLY1X1M)                              0.88      34.51 r
  u_RegFile/U585/Y (DLY1X1M)                              0.88      35.38 r
  u_RegFile/U679/Y (DLY1X1M)                              0.88      36.26 r
  u_RegFile/U568/Y (DLY1X1M)                              0.88      37.13 r
  u_RegFile/U654/Y (DLY1X1M)                              0.89      38.02 r
  u_RegFile/U594/Y (DLY1X1M)                              0.90      38.92 r
  u_RegFile/mem_reg[12][2]/SE (SDFFRQX2M)                 0.00      38.92 r
  data arrival time                                                 38.92

  clock SCAN_CLK (rise edge)                            100.00     100.00
  clock network delay (ideal)                             0.00     100.00
  clock uncertainty                                      -0.20      99.80
  u_RegFile/mem_reg[12][2]/CK (SDFFRQX2M)                 0.00      99.80 r
  library setup time                                     -0.61      99.19
  data required time                                                99.19
  --------------------------------------------------------------------------
  data required time                                                99.19
  data arrival time                                                -38.92
  --------------------------------------------------------------------------
  slack (MET)                                                       60.28


  Startpoint: SE (input port clocked by SCAN_CLK)
  Endpoint: u_RegFile/mem_reg[3][6]
            (rising edge-triggered flip-flop clocked by SCAN_CLK)
  Path Group: SCAN_CLK
  Path Type: max

  Des/Clust/Port     Wire Load Model       Library
  ------------------------------------------------
  SYS_TOP            tsmc13_wl30           scmetro_tsmc_cl013g_rvt_ss_1p08v_125c

  Point                                                   Incr       Path
  --------------------------------------------------------------------------
  clock SCAN_CLK (rise edge)                              0.00       0.00
  clock network delay (ideal)                             0.00       0.00
  input external delay                                   20.00      20.00 r
  SE (in)                                                 0.66      20.66 r
  U96/Y (DLY1X1M)                                         0.89      21.54 r
  U121/Y (DLY1X1M)                                        0.89      22.43 r
  U117/Y (INVXLM)                                         0.55      22.98 f
  U84/Y (DLY1X1M)                                         0.83      23.81 f
  U118/Y (INVXLM)                                         0.62      24.43 r
  U116/Y (DLY1X1M)                                        0.88      25.31 r
  U74/Y (INVXLM)                                          0.55      25.85 f
  U72/Y (DLY1X1M)                                         0.83      26.68 f
  U73/Y (INVXLM)                                          0.62      27.30 r
  U70/Y (INVXLM)                                          0.48      27.78 f
  U71/Y (INVXLM)                                          0.58      28.36 r
  U69/Y (DLY1X1M)                                         0.89      29.25 r
  U68/Y (DLY1X1M)                                         0.88      30.12 r
  U66/Y (DLY1X1M)                                         0.88      31.00 r
  U115/Y (DLY1X1M)                                        0.88      31.88 r
  u_RegFile/test_se (RegisterFile_DATA_WIDTH8_DATA_DEPTH16_ADDR_WIDTH4_test_1)
                                                          0.00      31.88 r
  u_RegFile/U629/Y (DLY1X1M)                              0.88      32.75 r
  u_RegFile/U566/Y (DLY1X1M)                              0.88      33.63 r
  u_RegFile/U697/Y (DLY1X1M)                              0.88      34.51 r
  u_RegFile/U584/Y (DLY1X1M)                              0.88      35.38 r
  u_RegFile/U692/Y (DLY1X1M)                              0.88      36.26 r
  u_RegFile/U579/Y (DLY1X1M)                              0.88      37.13 r
  u_RegFile/U662/Y (DLY1X1M)                              0.89      38.02 r
  u_RegFile/U599/Y (DLY1X1M)                              0.90      38.92 r
  u_RegFile/mem_reg[3][6]/SE (SDFFRQX2M)                  0.00      38.92 r
  data arrival time                                                 38.92

  clock SCAN_CLK (rise edge)                            100.00     100.00
  clock network delay (ideal)                             0.00     100.00
  clock uncertainty                                      -0.20      99.80
  u_RegFile/mem_reg[3][6]/CK (SDFFRQX2M)                  0.00      99.80 r
  library setup time                                     -0.61      99.19
  data required time                                                99.19
  --------------------------------------------------------------------------
  data required time                                                99.19
  data arrival time                                                -38.92
  --------------------------------------------------------------------------
  slack (MET)                                                       60.28


  Startpoint: SE (input port clocked by SCAN_CLK)
  Endpoint: u_RegFile/mem_reg[3][2]
            (rising edge-triggered flip-flop clocked by SCAN_CLK)
  Path Group: SCAN_CLK
  Path Type: max

  Des/Clust/Port     Wire Load Model       Library
  ------------------------------------------------
  SYS_TOP            tsmc13_wl30           scmetro_tsmc_cl013g_rvt_ss_1p08v_125c

  Point                                                   Incr       Path
  --------------------------------------------------------------------------
  clock SCAN_CLK (rise edge)                              0.00       0.00
  clock network delay (ideal)                             0.00       0.00
  input external delay                                   20.00      20.00 r
  SE (in)                                                 0.66      20.66 r
  U96/Y (DLY1X1M)                                         0.89      21.54 r
  U121/Y (DLY1X1M)                                        0.89      22.43 r
  U117/Y (INVXLM)                                         0.55      22.98 f
  U84/Y (DLY1X1M)                                         0.83      23.81 f
  U118/Y (INVXLM)                                         0.62      24.43 r
  U116/Y (DLY1X1M)                                        0.88      25.31 r
  U74/Y (INVXLM)                                          0.55      25.85 f
  U72/Y (DLY1X1M)                                         0.83      26.68 f
  U73/Y (INVXLM)                                          0.62      27.30 r
  U70/Y (INVXLM)                                          0.48      27.78 f
  U71/Y (INVXLM)                                          0.58      28.36 r
  U69/Y (DLY1X1M)                                         0.89      29.25 r
  U68/Y (DLY1X1M)                                         0.88      30.12 r
  U66/Y (DLY1X1M)                                         0.88      31.00 r
  U115/Y (DLY1X1M)                                        0.88      31.88 r
  u_RegFile/test_se (RegisterFile_DATA_WIDTH8_DATA_DEPTH16_ADDR_WIDTH4_test_1)
                                                          0.00      31.88 r
  u_RegFile/U630/Y (DLY1X1M)                              0.88      32.75 r
  u_RegFile/U567/Y (DLY1X1M)                              0.88      33.63 r
  u_RegFile/U698/Y (DLY1X1M)                              0.88      34.51 r
  u_RegFile/U585/Y (DLY1X1M)                              0.88      35.38 r
  u_RegFile/U679/Y (DLY1X1M)                              0.88      36.26 r
  u_RegFile/U568/Y (DLY1X1M)                              0.88      37.13 r
  u_RegFile/U653/Y (DLY1X1M)                              0.89      38.02 r
  u_RegFile/U593/Y (DLY1X1M)                              0.90      38.92 r
  u_RegFile/mem_reg[3][2]/SE (SDFFRQX2M)                  0.00      38.92 r
  data arrival time                                                 38.92

  clock SCAN_CLK (rise edge)                            100.00     100.00
  clock network delay (ideal)                             0.00     100.00
  clock uncertainty                                      -0.20      99.80
  u_RegFile/mem_reg[3][2]/CK (SDFFRQX2M)                  0.00      99.80 r
  library setup time                                     -0.61      99.19
  data required time                                                99.19
  --------------------------------------------------------------------------
  data required time                                                99.19
  data arrival time                                                -38.92
  --------------------------------------------------------------------------
  slack (MET)                                                       60.28


  Startpoint: SE (input port clocked by SCAN_CLK)
  Endpoint: u_RegFile/mem_reg[3][0]
            (rising edge-triggered flip-flop clocked by SCAN_CLK)
  Path Group: SCAN_CLK
  Path Type: max

  Des/Clust/Port     Wire Load Model       Library
  ------------------------------------------------
  SYS_TOP            tsmc13_wl30           scmetro_tsmc_cl013g_rvt_ss_1p08v_125c

  Point                                                   Incr       Path
  --------------------------------------------------------------------------
  clock SCAN_CLK (rise edge)                              0.00       0.00
  clock network delay (ideal)                             0.00       0.00
  input external delay                                   20.00      20.00 r
  SE (in)                                                 0.66      20.66 r
  U96/Y (DLY1X1M)                                         0.89      21.54 r
  U121/Y (DLY1X1M)                                        0.89      22.43 r
  U117/Y (INVXLM)                                         0.55      22.98 f
  U84/Y (DLY1X1M)                                         0.83      23.81 f
  U118/Y (INVXLM)                                         0.62      24.43 r
  U116/Y (DLY1X1M)                                        0.88      25.31 r
  U74/Y (INVXLM)                                          0.55      25.85 f
  U72/Y (DLY1X1M)                                         0.83      26.68 f
  U73/Y (INVXLM)                                          0.62      27.30 r
  U70/Y (INVXLM)                                          0.48      27.78 f
  U71/Y (INVXLM)                                          0.58      28.36 r
  U69/Y (DLY1X1M)                                         0.89      29.25 r
  U68/Y (DLY1X1M)                                         0.88      30.12 r
  U66/Y (DLY1X1M)                                         0.88      31.00 r
  U115/Y (DLY1X1M)                                        0.88      31.88 r
  u_RegFile/test_se (RegisterFile_DATA_WIDTH8_DATA_DEPTH16_ADDR_WIDTH4_test_1)
                                                          0.00      31.88 r
  u_RegFile/U630/Y (DLY1X1M)                              0.88      32.75 r
  u_RegFile/U567/Y (DLY1X1M)                              0.88      33.63 r
  u_RegFile/U698/Y (DLY1X1M)                              0.88      34.51 r
  u_RegFile/U585/Y (DLY1X1M)                              0.88      35.38 r
  u_RegFile/U679/Y (DLY1X1M)                              0.88      36.26 r
  u_RegFile/U568/Y (DLY1X1M)                              0.88      37.13 r
  u_RegFile/U654/Y (DLY1X1M)                              0.89      38.02 r
  u_RegFile/U594/Y (DLY1X1M)                              0.90      38.92 r
  u_RegFile/mem_reg[3][0]/SE (SDFFRQX2M)                  0.00      38.92 r
  data arrival time                                                 38.92

  clock SCAN_CLK (rise edge)                            100.00     100.00
  clock network delay (ideal)                             0.00     100.00
  clock uncertainty                                      -0.20      99.80
  u_RegFile/mem_reg[3][0]/CK (SDFFRQX2M)                  0.00      99.80 r
  library setup time                                     -0.61      99.19
  data required time                                                99.19
  --------------------------------------------------------------------------
  data required time                                                99.19
  data arrival time                                                -38.92
  --------------------------------------------------------------------------
  slack (MET)                                                       60.28


  Startpoint: SE (input port clocked by SCAN_CLK)
  Endpoint: u_RegFile/mem_reg[2][4]
            (rising edge-triggered flip-flop clocked by SCAN_CLK)
  Path Group: SCAN_CLK
  Path Type: max

  Des/Clust/Port     Wire Load Model       Library
  ------------------------------------------------
  SYS_TOP            tsmc13_wl30           scmetro_tsmc_cl013g_rvt_ss_1p08v_125c

  Point                                                   Incr       Path
  --------------------------------------------------------------------------
  clock SCAN_CLK (rise edge)                              0.00       0.00
  clock network delay (ideal)                             0.00       0.00
  input external delay                                   20.00      20.00 r
  SE (in)                                                 0.66      20.66 r
  U96/Y (DLY1X1M)                                         0.89      21.54 r
  U121/Y (DLY1X1M)                                        0.89      22.43 r
  U117/Y (INVXLM)                                         0.55      22.98 f
  U84/Y (DLY1X1M)                                         0.83      23.81 f
  U118/Y (INVXLM)                                         0.62      24.43 r
  U116/Y (DLY1X1M)                                        0.88      25.31 r
  U74/Y (INVXLM)                                          0.55      25.85 f
  U72/Y (DLY1X1M)                                         0.83      26.68 f
  U73/Y (INVXLM)                                          0.62      27.30 r
  U70/Y (INVXLM)                                          0.48      27.78 f
  U71/Y (INVXLM)                                          0.58      28.36 r
  U69/Y (DLY1X1M)                                         0.89      29.25 r
  U68/Y (DLY1X1M)                                         0.88      30.12 r
  U66/Y (DLY1X1M)                                         0.88      31.00 r
  U115/Y (DLY1X1M)                                        0.88      31.88 r
  u_RegFile/test_se (RegisterFile_DATA_WIDTH8_DATA_DEPTH16_ADDR_WIDTH4_test_1)
                                                          0.00      31.88 r
  u_RegFile/U630/Y (DLY1X1M)                              0.88      32.75 r
  u_RegFile/U567/Y (DLY1X1M)                              0.88      33.63 r
  u_RegFile/U698/Y (DLY1X1M)                              0.88      34.51 r
  u_RegFile/U585/Y (DLY1X1M)                              0.88      35.38 r
  u_RegFile/U682/Y (DLY1X1M)                              0.88      36.26 r
  u_RegFile/U570/Y (DLY1X1M)                              0.88      37.13 r
  u_RegFile/U635/Y (DLY1X1M)                              0.89      38.02 r
  u_RegFile/U587/Y (DLY1X1M)                              0.90      38.92 r
  u_RegFile/mem_reg[2][4]/SE (SDFFRQX2M)                  0.00      38.92 r
  data arrival time                                                 38.92

  clock SCAN_CLK (rise edge)                            100.00     100.00
  clock network delay (ideal)                             0.00     100.00
  clock uncertainty                                      -0.20      99.80
  u_RegFile/mem_reg[2][4]/CK (SDFFRQX2M)                  0.00      99.80 r
  library setup time                                     -0.61      99.19
  data required time                                                99.19
  --------------------------------------------------------------------------
  data required time                                                99.19
  data arrival time                                                -38.92
  --------------------------------------------------------------------------
  slack (MET)                                                       60.28


  Startpoint: SE (input port clocked by SCAN_CLK)
  Endpoint: u_RegFile/mem_reg[1][7]
            (rising edge-triggered flip-flop clocked by SCAN_CLK)
  Path Group: SCAN_CLK
  Path Type: max

  Des/Clust/Port     Wire Load Model       Library
  ------------------------------------------------
  SYS_TOP            tsmc13_wl30           scmetro_tsmc_cl013g_rvt_ss_1p08v_125c

  Point                                                   Incr       Path
  --------------------------------------------------------------------------
  clock SCAN_CLK (rise edge)                              0.00       0.00
  clock network delay (ideal)                             0.00       0.00
  input external delay                                   20.00      20.00 r
  SE (in)                                                 0.66      20.66 r
  U96/Y (DLY1X1M)                                         0.89      21.54 r
  U121/Y (DLY1X1M)                                        0.89      22.43 r
  U117/Y (INVXLM)                                         0.55      22.98 f
  U84/Y (DLY1X1M)                                         0.83      23.81 f
  U118/Y (INVXLM)                                         0.62      24.43 r
  U116/Y (DLY1X1M)                                        0.88      25.31 r
  U74/Y (INVXLM)                                          0.55      25.85 f
  U72/Y (DLY1X1M)                                         0.83      26.68 f
  U73/Y (INVXLM)                                          0.62      27.30 r
  U70/Y (INVXLM)                                          0.48      27.78 f
  U71/Y (INVXLM)                                          0.58      28.36 r
  U69/Y (DLY1X1M)                                         0.89      29.25 r
  U68/Y (DLY1X1M)                                         0.88      30.12 r
  U66/Y (DLY1X1M)                                         0.88      31.00 r
  U115/Y (DLY1X1M)                                        0.88      31.88 r
  u_RegFile/test_se (RegisterFile_DATA_WIDTH8_DATA_DEPTH16_ADDR_WIDTH4_test_1)
                                                          0.00      31.88 r
  u_RegFile/U629/Y (DLY1X1M)                              0.88      32.75 r
  u_RegFile/U566/Y (DLY1X1M)                              0.88      33.63 r
  u_RegFile/U697/Y (DLY1X1M)                              0.88      34.51 r
  u_RegFile/U584/Y (DLY1X1M)                              0.88      35.38 r
  u_RegFile/U685/Y (DLY1X1M)                              0.88      36.26 r
  u_RegFile/U573/Y (DLY1X1M)                              0.88      37.13 r
  u_RegFile/U638/Y (DLY1X1M)                              0.89      38.02 r
  u_RegFile/U588/Y (DLY1X1M)                              0.90      38.92 r
  u_RegFile/mem_reg[1][7]/SE (SDFFRQX2M)                  0.00      38.92 r
  data arrival time                                                 38.92

  clock SCAN_CLK (rise edge)                            100.00     100.00
  clock network delay (ideal)                             0.00     100.00
  clock uncertainty                                      -0.20      99.80
  u_RegFile/mem_reg[1][7]/CK (SDFFRQX2M)                  0.00      99.80 r
  library setup time                                     -0.61      99.19
  data required time                                                99.19
  --------------------------------------------------------------------------
  data required time                                                99.19
  data arrival time                                                -38.92
  --------------------------------------------------------------------------
  slack (MET)                                                       60.28


  Startpoint: SE (input port clocked by SCAN_CLK)
  Endpoint: u_RegFile/mem_reg[1][1]
            (rising edge-triggered flip-flop clocked by SCAN_CLK)
  Path Group: SCAN_CLK
  Path Type: max

  Des/Clust/Port     Wire Load Model       Library
  ------------------------------------------------
  SYS_TOP            tsmc13_wl30           scmetro_tsmc_cl013g_rvt_ss_1p08v_125c

  Point                                                   Incr       Path
  --------------------------------------------------------------------------
  clock SCAN_CLK (rise edge)                              0.00       0.00
  clock network delay (ideal)                             0.00       0.00
  input external delay                                   20.00      20.00 r
  SE (in)                                                 0.66      20.66 r
  U96/Y (DLY1X1M)                                         0.89      21.54 r
  U121/Y (DLY1X1M)                                        0.89      22.43 r
  U117/Y (INVXLM)                                         0.55      22.98 f
  U84/Y (DLY1X1M)                                         0.83      23.81 f
  U118/Y (INVXLM)                                         0.62      24.43 r
  U116/Y (DLY1X1M)                                        0.88      25.31 r
  U74/Y (INVXLM)                                          0.55      25.85 f
  U72/Y (DLY1X1M)                                         0.83      26.68 f
  U73/Y (INVXLM)                                          0.62      27.30 r
  U70/Y (INVXLM)                                          0.48      27.78 f
  U71/Y (INVXLM)                                          0.58      28.36 r
  U69/Y (DLY1X1M)                                         0.89      29.25 r
  U68/Y (DLY1X1M)                                         0.88      30.12 r
  U66/Y (DLY1X1M)                                         0.88      31.00 r
  U115/Y (DLY1X1M)                                        0.88      31.88 r
  u_RegFile/test_se (RegisterFile_DATA_WIDTH8_DATA_DEPTH16_ADDR_WIDTH4_test_1)
                                                          0.00      31.88 r
  u_RegFile/U629/Y (DLY1X1M)                              0.88      32.75 r
  u_RegFile/U566/Y (DLY1X1M)                              0.88      33.63 r
  u_RegFile/U697/Y (DLY1X1M)                              0.88      34.51 r
  u_RegFile/U584/Y (DLY1X1M)                              0.88      35.38 r
  u_RegFile/U692/Y (DLY1X1M)                              0.88      36.26 r
  u_RegFile/U579/Y (DLY1X1M)                              0.88      37.13 r
  u_RegFile/U663/Y (DLY1X1M)                              0.89      38.02 r
  u_RegFile/U600/Y (DLY1X1M)                              0.90      38.92 r
  u_RegFile/mem_reg[1][1]/SE (SDFFRQX2M)                  0.00      38.92 r
  data arrival time                                                 38.92

  clock SCAN_CLK (rise edge)                            100.00     100.00
  clock network delay (ideal)                             0.00     100.00
  clock uncertainty                                      -0.20      99.80
  u_RegFile/mem_reg[1][1]/CK (SDFFRQX2M)                  0.00      99.80 r
  library setup time                                     -0.61      99.19
  data required time                                                99.19
  --------------------------------------------------------------------------
  data required time                                                99.19
  data arrival time                                                -38.92
  --------------------------------------------------------------------------
  slack (MET)                                                       60.28


  Startpoint: SE (input port clocked by SCAN_CLK)
  Endpoint: u_SYS_CTRL/addr_reg_reg[2]
            (rising edge-triggered flip-flop clocked by SCAN_CLK)
  Path Group: SCAN_CLK
  Path Type: max

  Des/Clust/Port     Wire Load Model       Library
  ------------------------------------------------
  SYS_TOP            tsmc13_wl30           scmetro_tsmc_cl013g_rvt_ss_1p08v_125c

  Point                                                   Incr       Path
  --------------------------------------------------------------------------
  clock SCAN_CLK (rise edge)                              0.00       0.00
  clock network delay (ideal)                             0.00       0.00
  input external delay                                   20.00      20.00 r
  SE (in)                                                 0.66      20.66 r
  U96/Y (DLY1X1M)                                         0.89      21.54 r
  U121/Y (DLY1X1M)                                        0.89      22.43 r
  U117/Y (INVXLM)                                         0.55      22.98 f
  U84/Y (DLY1X1M)                                         0.83      23.81 f
  U118/Y (INVXLM)                                         0.62      24.43 r
  U116/Y (DLY1X1M)                                        0.88      25.31 r
  U74/Y (INVXLM)                                          0.55      25.85 f
  U72/Y (DLY1X1M)                                         0.83      26.68 f
  U73/Y (INVXLM)                                          0.62      27.30 r
  U70/Y (INVXLM)                                          0.48      27.78 f
  U71/Y (INVXLM)                                          0.58      28.36 r
  U69/Y (DLY1X1M)                                         0.89      29.25 r
  U68/Y (DLY1X1M)                                         0.88      30.12 r
  U66/Y (DLY1X1M)                                         0.88      31.00 r
  U92/Y (INVXLM)                                          0.55      31.55 f
  U87/Y (INVXLM)                                          0.60      32.15 r
  U88/Y (INVXLM)                                          0.48      32.63 f
  U93/Y (INVXLM)                                          0.58      33.21 r
  U85/Y (DLY1X1M)                                         0.88      34.09 r
  U123/Y (DLY1X1M)                                        0.88      34.96 r
  U120/Y (DLY1X1M)                                        0.88      35.84 r
  u_SYS_CTRL/test_se (SYS_CTRL_test_1)                    0.00      35.84 r
  u_SYS_CTRL/U145/Y (DLY1X1M)                             0.88      36.72 r
  u_SYS_CTRL/U141/Y (DLY1X1M)                             0.88      37.60 r
  u_SYS_CTRL/U147/Y (DLY1X1M)                             0.90      38.49 r
  u_SYS_CTRL/addr_reg_reg[2]/SE (SDFFRX1M)                0.00      38.49 r
  data arrival time                                                 38.49

  clock SCAN_CLK (rise edge)                            100.00     100.00
  clock network delay (ideal)                             0.00     100.00
  clock uncertainty                                      -0.20      99.80
  u_SYS_CTRL/addr_reg_reg[2]/CK (SDFFRX1M)                0.00      99.80 r
  library setup time                                     -0.64      99.16
  data required time                                                99.16
  --------------------------------------------------------------------------
  data required time                                                99.16
  data arrival time                                                -38.49
  --------------------------------------------------------------------------
  slack (MET)                                                       60.67


  Startpoint: SE (input port clocked by SCAN_CLK)
  Endpoint: u_SYS_CTRL/addr_reg_reg[1]
            (rising edge-triggered flip-flop clocked by SCAN_CLK)
  Path Group: SCAN_CLK
  Path Type: max

  Des/Clust/Port     Wire Load Model       Library
  ------------------------------------------------
  SYS_TOP            tsmc13_wl30           scmetro_tsmc_cl013g_rvt_ss_1p08v_125c

  Point                                                   Incr       Path
  --------------------------------------------------------------------------
  clock SCAN_CLK (rise edge)                              0.00       0.00
  clock network delay (ideal)                             0.00       0.00
  input external delay                                   20.00      20.00 r
  SE (in)                                                 0.66      20.66 r
  U96/Y (DLY1X1M)                                         0.89      21.54 r
  U121/Y (DLY1X1M)                                        0.89      22.43 r
  U117/Y (INVXLM)                                         0.55      22.98 f
  U84/Y (DLY1X1M)                                         0.83      23.81 f
  U118/Y (INVXLM)                                         0.62      24.43 r
  U116/Y (DLY1X1M)                                        0.88      25.31 r
  U74/Y (INVXLM)                                          0.55      25.85 f
  U72/Y (DLY1X1M)                                         0.83      26.68 f
  U73/Y (INVXLM)                                          0.62      27.30 r
  U70/Y (INVXLM)                                          0.48      27.78 f
  U71/Y (INVXLM)                                          0.58      28.36 r
  U69/Y (DLY1X1M)                                         0.89      29.25 r
  U68/Y (DLY1X1M)                                         0.88      30.12 r
  U66/Y (DLY1X1M)                                         0.88      31.00 r
  U92/Y (INVXLM)                                          0.55      31.55 f
  U87/Y (INVXLM)                                          0.60      32.15 r
  U88/Y (INVXLM)                                          0.48      32.63 f
  U93/Y (INVXLM)                                          0.58      33.21 r
  U85/Y (DLY1X1M)                                         0.88      34.09 r
  U123/Y (DLY1X1M)                                        0.88      34.96 r
  U120/Y (DLY1X1M)                                        0.88      35.84 r
  u_SYS_CTRL/test_se (SYS_CTRL_test_1)                    0.00      35.84 r
  u_SYS_CTRL/U146/Y (DLY1X1M)                             0.88      36.72 r
  u_SYS_CTRL/U142/Y (DLY1X1M)                             0.88      37.59 r
  u_SYS_CTRL/U148/Y (DLY1X1M)                             0.90      38.49 r
  u_SYS_CTRL/addr_reg_reg[1]/SE (SDFFRX1M)                0.00      38.49 r
  data arrival time                                                 38.49

  clock SCAN_CLK (rise edge)                            100.00     100.00
  clock network delay (ideal)                             0.00     100.00
  clock uncertainty                                      -0.20      99.80
  u_SYS_CTRL/addr_reg_reg[1]/CK (SDFFRX1M)                0.00      99.80 r
  library setup time                                     -0.64      99.16
  data required time                                                99.16
  --------------------------------------------------------------------------
  data required time                                                99.16
  data arrival time                                                -38.49
  --------------------------------------------------------------------------
  slack (MET)                                                       60.68


  Startpoint: SE (input port clocked by SCAN_CLK)
  Endpoint: u_SYS_CTRL/current_state_reg[3]
            (rising edge-triggered flip-flop clocked by SCAN_CLK)
  Path Group: SCAN_CLK
  Path Type: max

  Des/Clust/Port     Wire Load Model       Library
  ------------------------------------------------
  SYS_TOP            tsmc13_wl30           scmetro_tsmc_cl013g_rvt_ss_1p08v_125c

  Point                                                   Incr       Path
  --------------------------------------------------------------------------
  clock SCAN_CLK (rise edge)                              0.00       0.00
  clock network delay (ideal)                             0.00       0.00
  input external delay                                   20.00      20.00 r
  SE (in)                                                 0.66      20.66 r
  U96/Y (DLY1X1M)                                         0.89      21.54 r
  U121/Y (DLY1X1M)                                        0.89      22.43 r
  U117/Y (INVXLM)                                         0.55      22.98 f
  U84/Y (DLY1X1M)                                         0.83      23.81 f
  U118/Y (INVXLM)                                         0.62      24.43 r
  U116/Y (DLY1X1M)                                        0.88      25.31 r
  U74/Y (INVXLM)                                          0.55      25.85 f
  U72/Y (DLY1X1M)                                         0.83      26.68 f
  U73/Y (INVXLM)                                          0.62      27.30 r
  U70/Y (INVXLM)                                          0.48      27.78 f
  U71/Y (INVXLM)                                          0.58      28.36 r
  U69/Y (DLY1X1M)                                         0.89      29.25 r
  U68/Y (DLY1X1M)                                         0.88      30.12 r
  U66/Y (DLY1X1M)                                         0.88      31.00 r
  U92/Y (INVXLM)                                          0.55      31.55 f
  U87/Y (INVXLM)                                          0.60      32.15 r
  U88/Y (INVXLM)                                          0.48      32.63 f
  U93/Y (INVXLM)                                          0.58      33.21 r
  U85/Y (DLY1X1M)                                         0.88      34.09 r
  U123/Y (DLY1X1M)                                        0.88      34.96 r
  U120/Y (DLY1X1M)                                        0.88      35.84 r
  u_SYS_CTRL/test_se (SYS_CTRL_test_1)                    0.00      35.84 r
  u_SYS_CTRL/U145/Y (DLY1X1M)                             0.88      36.72 r
  u_SYS_CTRL/U141/Y (DLY1X1M)                             0.88      37.60 r
  u_SYS_CTRL/U147/Y (DLY1X1M)                             0.90      38.49 r
  u_SYS_CTRL/current_state_reg[3]/SE (SDFFRQX2M)          0.00      38.49 r
  data arrival time                                                 38.49

  clock SCAN_CLK (rise edge)                            100.00     100.00
  clock network delay (ideal)                             0.00     100.00
  clock uncertainty                                      -0.20      99.80
  u_SYS_CTRL/current_state_reg[3]/CK (SDFFRQX2M)          0.00      99.80 r
  library setup time                                     -0.61      99.19
  data required time                                                99.19
  --------------------------------------------------------------------------
  data required time                                                99.19
  data arrival time                                                -38.49
  --------------------------------------------------------------------------
  slack (MET)                                                       60.70


  Startpoint: SE (input port clocked by SCAN_CLK)
  Endpoint: u_SYS_CTRL/alu_fun_reg_reg[1]
            (rising edge-triggered flip-flop clocked by SCAN_CLK)
  Path Group: SCAN_CLK
  Path Type: max

  Des/Clust/Port     Wire Load Model       Library
  ------------------------------------------------
  SYS_TOP            tsmc13_wl30           scmetro_tsmc_cl013g_rvt_ss_1p08v_125c

  Point                                                   Incr       Path
  --------------------------------------------------------------------------
  clock SCAN_CLK (rise edge)                              0.00       0.00
  clock network delay (ideal)                             0.00       0.00
  input external delay                                   20.00      20.00 r
  SE (in)                                                 0.66      20.66 r
  U96/Y (DLY1X1M)                                         0.89      21.54 r
  U121/Y (DLY1X1M)                                        0.89      22.43 r
  U117/Y (INVXLM)                                         0.55      22.98 f
  U84/Y (DLY1X1M)                                         0.83      23.81 f
  U118/Y (INVXLM)                                         0.62      24.43 r
  U116/Y (DLY1X1M)                                        0.88      25.31 r
  U74/Y (INVXLM)                                          0.55      25.85 f
  U72/Y (DLY1X1M)                                         0.83      26.68 f
  U73/Y (INVXLM)                                          0.62      27.30 r
  U70/Y (INVXLM)                                          0.48      27.78 f
  U71/Y (INVXLM)                                          0.58      28.36 r
  U69/Y (DLY1X1M)                                         0.89      29.25 r
  U68/Y (DLY1X1M)                                         0.88      30.12 r
  U66/Y (DLY1X1M)                                         0.88      31.00 r
  U92/Y (INVXLM)                                          0.55      31.55 f
  U87/Y (INVXLM)                                          0.60      32.15 r
  U88/Y (INVXLM)                                          0.48      32.63 f
  U93/Y (INVXLM)                                          0.58      33.21 r
  U85/Y (DLY1X1M)                                         0.88      34.09 r
  U123/Y (DLY1X1M)                                        0.88      34.96 r
  U120/Y (DLY1X1M)                                        0.88      35.84 r
  u_SYS_CTRL/test_se (SYS_CTRL_test_1)                    0.00      35.84 r
  u_SYS_CTRL/U146/Y (DLY1X1M)                             0.88      36.72 r
  u_SYS_CTRL/U142/Y (DLY1X1M)                             0.88      37.59 r
  u_SYS_CTRL/U143/Y (DLY1X1M)                             0.90      38.49 r
  u_SYS_CTRL/alu_fun_reg_reg[1]/SE (SDFFRQX2M)            0.00      38.49 r
  data arrival time                                                 38.49

  clock SCAN_CLK (rise edge)                            100.00     100.00
  clock network delay (ideal)                             0.00     100.00
  clock uncertainty                                      -0.20      99.80
  u_SYS_CTRL/alu_fun_reg_reg[1]/CK (SDFFRQX2M)            0.00      99.80 r
  library setup time                                     -0.61      99.19
  data required time                                                99.19
  --------------------------------------------------------------------------
  data required time                                                99.19
  data arrival time                                                -38.49
  --------------------------------------------------------------------------
  slack (MET)                                                       60.71


  Startpoint: SE (input port clocked by SCAN_CLK)
  Endpoint: u_SYS_CTRL/current_state_reg[0]
            (rising edge-triggered flip-flop clocked by SCAN_CLK)
  Path Group: SCAN_CLK
  Path Type: max

  Des/Clust/Port     Wire Load Model       Library
  ------------------------------------------------
  SYS_TOP            tsmc13_wl30           scmetro_tsmc_cl013g_rvt_ss_1p08v_125c

  Point                                                   Incr       Path
  --------------------------------------------------------------------------
  clock SCAN_CLK (rise edge)                              0.00       0.00
  clock network delay (ideal)                             0.00       0.00
  input external delay                                   20.00      20.00 r
  SE (in)                                                 0.66      20.66 r
  U96/Y (DLY1X1M)                                         0.89      21.54 r
  U121/Y (DLY1X1M)                                        0.89      22.43 r
  U117/Y (INVXLM)                                         0.55      22.98 f
  U84/Y (DLY1X1M)                                         0.83      23.81 f
  U118/Y (INVXLM)                                         0.62      24.43 r
  U116/Y (DLY1X1M)                                        0.88      25.31 r
  U74/Y (INVXLM)                                          0.55      25.85 f
  U72/Y (DLY1X1M)                                         0.83      26.68 f
  U73/Y (INVXLM)                                          0.62      27.30 r
  U70/Y (INVXLM)                                          0.48      27.78 f
  U71/Y (INVXLM)                                          0.58      28.36 r
  U69/Y (DLY1X1M)                                         0.89      29.25 r
  U68/Y (DLY1X1M)                                         0.88      30.12 r
  U66/Y (DLY1X1M)                                         0.88      31.00 r
  U92/Y (INVXLM)                                          0.55      31.55 f
  U87/Y (INVXLM)                                          0.60      32.15 r
  U88/Y (INVXLM)                                          0.48      32.63 f
  U93/Y (INVXLM)                                          0.58      33.21 r
  U85/Y (DLY1X1M)                                         0.88      34.09 r
  U123/Y (DLY1X1M)                                        0.88      34.96 r
  U120/Y (DLY1X1M)                                        0.88      35.84 r
  u_SYS_CTRL/test_se (SYS_CTRL_test_1)                    0.00      35.84 r
  u_SYS_CTRL/U146/Y (DLY1X1M)                             0.88      36.72 r
  u_SYS_CTRL/U142/Y (DLY1X1M)                             0.88      37.59 r
  u_SYS_CTRL/U148/Y (DLY1X1M)                             0.90      38.49 r
  u_SYS_CTRL/current_state_reg[0]/SE (SDFFRQX4M)          0.00      38.49 r
  data arrival time                                                 38.49

  clock SCAN_CLK (rise edge)                            100.00     100.00
  clock network delay (ideal)                             0.00     100.00
  clock uncertainty                                      -0.20      99.80
  u_SYS_CTRL/current_state_reg[0]/CK (SDFFRQX4M)          0.00      99.80 r
  library setup time                                     -0.60      99.20
  data required time                                                99.20
  --------------------------------------------------------------------------
  data required time                                                99.20
  data arrival time                                                -38.49
  --------------------------------------------------------------------------
  slack (MET)                                                       60.71


  Startpoint: SE (input port clocked by SCAN_CLK)
  Endpoint: u_SYS_CTRL/current_state_reg[2]
            (rising edge-triggered flip-flop clocked by SCAN_CLK)
  Path Group: SCAN_CLK
  Path Type: max

  Des/Clust/Port     Wire Load Model       Library
  ------------------------------------------------
  SYS_TOP            tsmc13_wl30           scmetro_tsmc_cl013g_rvt_ss_1p08v_125c

  Point                                                   Incr       Path
  --------------------------------------------------------------------------
  clock SCAN_CLK (rise edge)                              0.00       0.00
  clock network delay (ideal)                             0.00       0.00
  input external delay                                   20.00      20.00 r
  SE (in)                                                 0.66      20.66 r
  U96/Y (DLY1X1M)                                         0.89      21.54 r
  U121/Y (DLY1X1M)                                        0.89      22.43 r
  U117/Y (INVXLM)                                         0.55      22.98 f
  U84/Y (DLY1X1M)                                         0.83      23.81 f
  U118/Y (INVXLM)                                         0.62      24.43 r
  U116/Y (DLY1X1M)                                        0.88      25.31 r
  U74/Y (INVXLM)                                          0.55      25.85 f
  U72/Y (DLY1X1M)                                         0.83      26.68 f
  U73/Y (INVXLM)                                          0.62      27.30 r
  U70/Y (INVXLM)                                          0.48      27.78 f
  U71/Y (INVXLM)                                          0.58      28.36 r
  U69/Y (DLY1X1M)                                         0.89      29.25 r
  U68/Y (DLY1X1M)                                         0.88      30.12 r
  U66/Y (DLY1X1M)                                         0.88      31.00 r
  U92/Y (INVXLM)                                          0.55      31.55 f
  U87/Y (INVXLM)                                          0.60      32.15 r
  U88/Y (INVXLM)                                          0.48      32.63 f
  U93/Y (INVXLM)                                          0.58      33.21 r
  U85/Y (DLY1X1M)                                         0.88      34.09 r
  U123/Y (DLY1X1M)                                        0.88      34.96 r
  U120/Y (DLY1X1M)                                        0.88      35.84 r
  u_SYS_CTRL/test_se (SYS_CTRL_test_1)                    0.00      35.84 r
  u_SYS_CTRL/U146/Y (DLY1X1M)                             0.88      36.72 r
  u_SYS_CTRL/U142/Y (DLY1X1M)                             0.88      37.59 r
  u_SYS_CTRL/U143/Y (DLY1X1M)                             0.90      38.49 r
  u_SYS_CTRL/current_state_reg[2]/SE (SDFFRQX4M)          0.00      38.49 r
  data arrival time                                                 38.49

  clock SCAN_CLK (rise edge)                            100.00     100.00
  clock network delay (ideal)                             0.00     100.00
  clock uncertainty                                      -0.20      99.80
  u_SYS_CTRL/current_state_reg[2]/CK (SDFFRQX4M)          0.00      99.80 r
  library setup time                                     -0.60      99.20
  data required time                                                99.20
  --------------------------------------------------------------------------
  data required time                                                99.20
  data arrival time                                                -38.49
  --------------------------------------------------------------------------
  slack (MET)                                                       60.71


  Startpoint: SE (input port clocked by SCAN_CLK)
  Endpoint: u_SYS_CTRL/alu_fun_reg_reg[2]
            (rising edge-triggered flip-flop clocked by SCAN_CLK)
  Path Group: SCAN_CLK
  Path Type: max

  Des/Clust/Port     Wire Load Model       Library
  ------------------------------------------------
  SYS_TOP            tsmc13_wl30           scmetro_tsmc_cl013g_rvt_ss_1p08v_125c

  Point                                                   Incr       Path
  --------------------------------------------------------------------------
  clock SCAN_CLK (rise edge)                              0.00       0.00
  clock network delay (ideal)                             0.00       0.00
  input external delay                                   20.00      20.00 r
  SE (in)                                                 0.66      20.66 r
  U96/Y (DLY1X1M)                                         0.89      21.54 r
  U121/Y (DLY1X1M)                                        0.89      22.43 r
  U117/Y (INVXLM)                                         0.55      22.98 f
  U84/Y (DLY1X1M)                                         0.83      23.81 f
  U118/Y (INVXLM)                                         0.62      24.43 r
  U116/Y (DLY1X1M)                                        0.88      25.31 r
  U74/Y (INVXLM)                                          0.55      25.85 f
  U72/Y (DLY1X1M)                                         0.83      26.68 f
  U73/Y (INVXLM)                                          0.62      27.30 r
  U70/Y (INVXLM)                                          0.48      27.78 f
  U71/Y (INVXLM)                                          0.58      28.36 r
  U69/Y (DLY1X1M)                                         0.89      29.25 r
  U68/Y (DLY1X1M)                                         0.88      30.12 r
  U66/Y (DLY1X1M)                                         0.88      31.00 r
  U92/Y (INVXLM)                                          0.55      31.55 f
  U87/Y (INVXLM)                                          0.60      32.15 r
  U88/Y (INVXLM)                                          0.48      32.63 f
  U93/Y (INVXLM)                                          0.58      33.21 r
  U85/Y (DLY1X1M)                                         0.88      34.09 r
  U123/Y (DLY1X1M)                                        0.88      34.96 r
  U120/Y (DLY1X1M)                                        0.88      35.84 r
  u_SYS_CTRL/test_se (SYS_CTRL_test_1)                    0.00      35.84 r
  u_SYS_CTRL/U145/Y (DLY1X1M)                             0.88      36.72 r
  u_SYS_CTRL/U141/Y (DLY1X1M)                             0.88      37.60 r
  u_SYS_CTRL/U11/Y (BUFX2M)                               0.52      38.11 r
  u_SYS_CTRL/alu_fun_reg_reg[2]/SE (SDFFRQX2M)            0.00      38.11 r
  data arrival time                                                 38.11

  clock SCAN_CLK (rise edge)                            100.00     100.00
  clock network delay (ideal)                             0.00     100.00
  clock uncertainty                                      -0.20      99.80
  u_SYS_CTRL/alu_fun_reg_reg[2]/CK (SDFFRQX2M)            0.00      99.80 r
  library setup time                                     -0.59      99.21
  data required time                                                99.21
  --------------------------------------------------------------------------
  data required time                                                99.21
  data arrival time                                                -38.11
  --------------------------------------------------------------------------
  slack (MET)                                                       61.09


  Startpoint: SE (input port clocked by SCAN_CLK)
  Endpoint: u_SYS_CTRL/current_state_reg[1]
            (rising edge-triggered flip-flop clocked by SCAN_CLK)
  Path Group: SCAN_CLK
  Path Type: max

  Des/Clust/Port     Wire Load Model       Library
  ------------------------------------------------
  SYS_TOP            tsmc13_wl30           scmetro_tsmc_cl013g_rvt_ss_1p08v_125c

  Point                                                   Incr       Path
  --------------------------------------------------------------------------
  clock SCAN_CLK (rise edge)                              0.00       0.00
  clock network delay (ideal)                             0.00       0.00
  input external delay                                   20.00      20.00 r
  SE (in)                                                 0.66      20.66 r
  U96/Y (DLY1X1M)                                         0.89      21.54 r
  U121/Y (DLY1X1M)                                        0.89      22.43 r
  U117/Y (INVXLM)                                         0.55      22.98 f
  U84/Y (DLY1X1M)                                         0.83      23.81 f
  U118/Y (INVXLM)                                         0.62      24.43 r
  U116/Y (DLY1X1M)                                        0.88      25.31 r
  U74/Y (INVXLM)                                          0.55      25.85 f
  U72/Y (DLY1X1M)                                         0.83      26.68 f
  U73/Y (INVXLM)                                          0.62      27.30 r
  U70/Y (INVXLM)                                          0.48      27.78 f
  U71/Y (INVXLM)                                          0.58      28.36 r
  U69/Y (DLY1X1M)                                         0.89      29.25 r
  U68/Y (DLY1X1M)                                         0.88      30.12 r
  U66/Y (DLY1X1M)                                         0.88      31.00 r
  U92/Y (INVXLM)                                          0.55      31.55 f
  U87/Y (INVXLM)                                          0.60      32.15 r
  U88/Y (INVXLM)                                          0.48      32.63 f
  U93/Y (INVXLM)                                          0.58      33.21 r
  U85/Y (DLY1X1M)                                         0.88      34.09 r
  U123/Y (DLY1X1M)                                        0.88      34.96 r
  U120/Y (DLY1X1M)                                        0.88      35.84 r
  u_SYS_CTRL/test_se (SYS_CTRL_test_1)                    0.00      35.84 r
  u_SYS_CTRL/U145/Y (DLY1X1M)                             0.88      36.72 r
  u_SYS_CTRL/U141/Y (DLY1X1M)                             0.88      37.60 r
  u_SYS_CTRL/U11/Y (BUFX2M)                               0.52      38.11 r
  u_SYS_CTRL/current_state_reg[1]/SE (SDFFRQX4M)          0.00      38.11 r
  data arrival time                                                 38.11

  clock SCAN_CLK (rise edge)                            100.00     100.00
  clock network delay (ideal)                             0.00     100.00
  clock uncertainty                                      -0.20      99.80
  u_SYS_CTRL/current_state_reg[1]/CK (SDFFRQX4M)          0.00      99.80 r
  library setup time                                     -0.59      99.21
  data required time                                                99.21
  --------------------------------------------------------------------------
  data required time                                                99.21
  data arrival time                                                -38.11
  --------------------------------------------------------------------------
  slack (MET)                                                       61.09


  Startpoint: SE (input port clocked by SCAN_CLK)
  Endpoint: u_RegFile/RdData_reg[7]
            (rising edge-triggered flip-flop clocked by SCAN_CLK)
  Path Group: SCAN_CLK
  Path Type: max

  Des/Clust/Port     Wire Load Model       Library
  ------------------------------------------------
  SYS_TOP            tsmc13_wl30           scmetro_tsmc_cl013g_rvt_ss_1p08v_125c

  Point                                                   Incr       Path
  --------------------------------------------------------------------------
  clock SCAN_CLK (rise edge)                              0.00       0.00
  clock network delay (ideal)                             0.00       0.00
  input external delay                                   20.00      20.00 r
  SE (in)                                                 0.66      20.66 r
  U96/Y (DLY1X1M)                                         0.89      21.54 r
  U121/Y (DLY1X1M)                                        0.89      22.43 r
  U117/Y (INVXLM)                                         0.55      22.98 f
  U84/Y (DLY1X1M)                                         0.83      23.81 f
  U118/Y (INVXLM)                                         0.62      24.43 r
  U116/Y (DLY1X1M)                                        0.88      25.31 r
  U74/Y (INVXLM)                                          0.55      25.85 f
  U72/Y (DLY1X1M)                                         0.83      26.68 f
  U73/Y (INVXLM)                                          0.62      27.30 r
  U70/Y (INVXLM)                                          0.48      27.78 f
  U71/Y (INVXLM)                                          0.58      28.36 r
  U69/Y (DLY1X1M)                                         0.89      29.25 r
  U68/Y (DLY1X1M)                                         0.88      30.12 r
  U66/Y (DLY1X1M)                                         0.88      31.00 r
  U115/Y (DLY1X1M)                                        0.88      31.88 r
  u_RegFile/test_se (RegisterFile_DATA_WIDTH8_DATA_DEPTH16_ADDR_WIDTH4_test_1)
                                                          0.00      31.88 r
  u_RegFile/U630/Y (DLY1X1M)                              0.88      32.75 r
  u_RegFile/U567/Y (DLY1X1M)                              0.88      33.63 r
  u_RegFile/U698/Y (DLY1X1M)                              0.88      34.51 r
  u_RegFile/U687/Y (DLY1X1M)                              0.88      35.38 r
  u_RegFile/U574/Y (DLY1X1M)                              0.88      36.26 r
  u_RegFile/U667/Y (DLY1X1M)                              0.89      37.14 r
  u_RegFile/U619/Y (DLY1X1M)                              0.90      38.04 r
  u_RegFile/RdData_reg[7]/SE (SDFFRQX2M)                  0.00      38.04 r
  data arrival time                                                 38.04

  clock SCAN_CLK (rise edge)                            100.00     100.00
  clock network delay (ideal)                             0.00     100.00
  clock uncertainty                                      -0.20      99.80
  u_RegFile/RdData_reg[7]/CK (SDFFRQX2M)                  0.00      99.80 r
  library setup time                                     -0.61      99.19
  data required time                                                99.19
  --------------------------------------------------------------------------
  data required time                                                99.19
  data arrival time                                                -38.04
  --------------------------------------------------------------------------
  slack (MET)                                                       61.15


  Startpoint: SE (input port clocked by SCAN_CLK)
  Endpoint: u_RegFile/RdData_reg[6]
            (rising edge-triggered flip-flop clocked by SCAN_CLK)
  Path Group: SCAN_CLK
  Path Type: max

  Des/Clust/Port     Wire Load Model       Library
  ------------------------------------------------
  SYS_TOP            tsmc13_wl30           scmetro_tsmc_cl013g_rvt_ss_1p08v_125c

  Point                                                   Incr       Path
  --------------------------------------------------------------------------
  clock SCAN_CLK (rise edge)                              0.00       0.00
  clock network delay (ideal)                             0.00       0.00
  input external delay                                   20.00      20.00 r
  SE (in)                                                 0.66      20.66 r
  U96/Y (DLY1X1M)                                         0.89      21.54 r
  U121/Y (DLY1X1M)                                        0.89      22.43 r
  U117/Y (INVXLM)                                         0.55      22.98 f
  U84/Y (DLY1X1M)                                         0.83      23.81 f
  U118/Y (INVXLM)                                         0.62      24.43 r
  U116/Y (DLY1X1M)                                        0.88      25.31 r
  U74/Y (INVXLM)                                          0.55      25.85 f
  U72/Y (DLY1X1M)                                         0.83      26.68 f
  U73/Y (INVXLM)                                          0.62      27.30 r
  U70/Y (INVXLM)                                          0.48      27.78 f
  U71/Y (INVXLM)                                          0.58      28.36 r
  U69/Y (DLY1X1M)                                         0.89      29.25 r
  U68/Y (DLY1X1M)                                         0.88      30.12 r
  U66/Y (DLY1X1M)                                         0.88      31.00 r
  U115/Y (DLY1X1M)                                        0.88      31.88 r
  u_RegFile/test_se (RegisterFile_DATA_WIDTH8_DATA_DEPTH16_ADDR_WIDTH4_test_1)
                                                          0.00      31.88 r
  u_RegFile/U629/Y (DLY1X1M)                              0.88      32.75 r
  u_RegFile/U695/Y (DLY1X1M)                              0.88      33.63 r
  u_RegFile/U582/Y (DLY1X1M)                              0.88      34.51 r
  u_RegFile/U683/Y (DLY1X1M)                              0.88      35.38 r
  u_RegFile/U571/Y (DLY1X1M)                              0.88      36.26 r
  u_RegFile/U664/Y (DLY1X1M)                              0.89      37.14 r
  u_RegFile/U617/Y (DLY1X1M)                              0.90      38.04 r
  u_RegFile/RdData_reg[6]/SE (SDFFRQX2M)                  0.00      38.04 r
  data arrival time                                                 38.04

  clock SCAN_CLK (rise edge)                            100.00     100.00
  clock network delay (ideal)                             0.00     100.00
  clock uncertainty                                      -0.20      99.80
  u_RegFile/RdData_reg[6]/CK (SDFFRQX2M)                  0.00      99.80 r
  library setup time                                     -0.61      99.19
  data required time                                                99.19
  --------------------------------------------------------------------------
  data required time                                                99.19
  data arrival time                                                -38.04
  --------------------------------------------------------------------------
  slack (MET)                                                       61.15


  Startpoint: SE (input port clocked by SCAN_CLK)
  Endpoint: u_RegFile/RdData_reg[4]
            (rising edge-triggered flip-flop clocked by SCAN_CLK)
  Path Group: SCAN_CLK
  Path Type: max

  Des/Clust/Port     Wire Load Model       Library
  ------------------------------------------------
  SYS_TOP            tsmc13_wl30           scmetro_tsmc_cl013g_rvt_ss_1p08v_125c

  Point                                                   Incr       Path
  --------------------------------------------------------------------------
  clock SCAN_CLK (rise edge)                              0.00       0.00
  clock network delay (ideal)                             0.00       0.00
  input external delay                                   20.00      20.00 r
  SE (in)                                                 0.66      20.66 r
  U96/Y (DLY1X1M)                                         0.89      21.54 r
  U121/Y (DLY1X1M)                                        0.89      22.43 r
  U117/Y (INVXLM)                                         0.55      22.98 f
  U84/Y (DLY1X1M)                                         0.83      23.81 f
  U118/Y (INVXLM)                                         0.62      24.43 r
  U116/Y (DLY1X1M)                                        0.88      25.31 r
  U74/Y (INVXLM)                                          0.55      25.85 f
  U72/Y (DLY1X1M)                                         0.83      26.68 f
  U73/Y (INVXLM)                                          0.62      27.30 r
  U70/Y (INVXLM)                                          0.48      27.78 f
  U71/Y (INVXLM)                                          0.58      28.36 r
  U69/Y (DLY1X1M)                                         0.89      29.25 r
  U68/Y (DLY1X1M)                                         0.88      30.12 r
  U66/Y (DLY1X1M)                                         0.88      31.00 r
  U115/Y (DLY1X1M)                                        0.88      31.88 r
  u_RegFile/test_se (RegisterFile_DATA_WIDTH8_DATA_DEPTH16_ADDR_WIDTH4_test_1)
                                                          0.00      31.88 r
  u_RegFile/U629/Y (DLY1X1M)                              0.88      32.75 r
  u_RegFile/U566/Y (DLY1X1M)                              0.88      33.63 r
  u_RegFile/U627/Y (DLY1X1M)                              0.88      34.51 r
  u_RegFile/U564/Y (DLY1X1M)                              0.88      35.38 r
  u_RegFile/U694/Y (DLY1X1M)                              0.88      36.26 r
  u_RegFile/U649/Y (DLY1X1M)                              0.89      37.14 r
  u_RegFile/U612/Y (DLY1X1M)                              0.90      38.04 r
  u_RegFile/RdData_reg[4]/SE (SDFFRQX2M)                  0.00      38.04 r
  data arrival time                                                 38.04

  clock SCAN_CLK (rise edge)                            100.00     100.00
  clock network delay (ideal)                             0.00     100.00
  clock uncertainty                                      -0.20      99.80
  u_RegFile/RdData_reg[4]/CK (SDFFRQX2M)                  0.00      99.80 r
  library setup time                                     -0.61      99.19
  data required time                                                99.19
  --------------------------------------------------------------------------
  data required time                                                99.19
  data arrival time                                                -38.04
  --------------------------------------------------------------------------
  slack (MET)                                                       61.15


  Startpoint: SE (input port clocked by SCAN_CLK)
  Endpoint: u_RegFile/RdData_reg[1]
            (rising edge-triggered flip-flop clocked by SCAN_CLK)
  Path Group: SCAN_CLK
  Path Type: max

  Des/Clust/Port     Wire Load Model       Library
  ------------------------------------------------
  SYS_TOP            tsmc13_wl30           scmetro_tsmc_cl013g_rvt_ss_1p08v_125c

  Point                                                   Incr       Path
  --------------------------------------------------------------------------
  clock SCAN_CLK (rise edge)                              0.00       0.00
  clock network delay (ideal)                             0.00       0.00
  input external delay                                   20.00      20.00 r
  SE (in)                                                 0.66      20.66 r
  U96/Y (DLY1X1M)                                         0.89      21.54 r
  U121/Y (DLY1X1M)                                        0.89      22.43 r
  U117/Y (INVXLM)                                         0.55      22.98 f
  U84/Y (DLY1X1M)                                         0.83      23.81 f
  U118/Y (INVXLM)                                         0.62      24.43 r
  U116/Y (DLY1X1M)                                        0.88      25.31 r
  U74/Y (INVXLM)                                          0.55      25.85 f
  U72/Y (DLY1X1M)                                         0.83      26.68 f
  U73/Y (INVXLM)                                          0.62      27.30 r
  U70/Y (INVXLM)                                          0.48      27.78 f
  U71/Y (INVXLM)                                          0.58      28.36 r
  U69/Y (DLY1X1M)                                         0.89      29.25 r
  U68/Y (DLY1X1M)                                         0.88      30.12 r
  U66/Y (DLY1X1M)                                         0.88      31.00 r
  U115/Y (DLY1X1M)                                        0.88      31.88 r
  u_RegFile/test_se (RegisterFile_DATA_WIDTH8_DATA_DEPTH16_ADDR_WIDTH4_test_1)
                                                          0.00      31.88 r
  u_RegFile/U630/Y (DLY1X1M)                              0.88      32.75 r
  u_RegFile/U567/Y (DLY1X1M)                              0.88      33.63 r
  u_RegFile/U628/Y (DLY1X1M)                              0.88      34.51 r
  u_RegFile/U565/Y (DLY1X1M)                              0.88      35.38 r
  u_RegFile/U681/Y (DLY1X1M)                              0.88      36.26 r
  u_RegFile/U631/Y (DLY1X1M)                              0.89      37.14 r
  u_RegFile/U606/Y (DLY1X1M)                              0.90      38.04 r
  u_RegFile/RdData_reg[1]/SE (SDFFRQX2M)                  0.00      38.04 r
  data arrival time                                                 38.04

  clock SCAN_CLK (rise edge)                            100.00     100.00
  clock network delay (ideal)                             0.00     100.00
  clock uncertainty                                      -0.20      99.80
  u_RegFile/RdData_reg[1]/CK (SDFFRQX2M)                  0.00      99.80 r
  library setup time                                     -0.61      99.19
  data required time                                                99.19
  --------------------------------------------------------------------------
  data required time                                                99.19
  data arrival time                                                -38.04
  --------------------------------------------------------------------------
  slack (MET)                                                       61.15


  Startpoint: SE (input port clocked by SCAN_CLK)
  Endpoint: u_RegFile/mem_reg[5][7]
            (rising edge-triggered flip-flop clocked by SCAN_CLK)
  Path Group: SCAN_CLK
  Path Type: max

  Des/Clust/Port     Wire Load Model       Library
  ------------------------------------------------
  SYS_TOP            tsmc13_wl30           scmetro_tsmc_cl013g_rvt_ss_1p08v_125c

  Point                                                   Incr       Path
  --------------------------------------------------------------------------
  clock SCAN_CLK (rise edge)                              0.00       0.00
  clock network delay (ideal)                             0.00       0.00
  input external delay                                   20.00      20.00 r
  SE (in)                                                 0.66      20.66 r
  U96/Y (DLY1X1M)                                         0.89      21.54 r
  U121/Y (DLY1X1M)                                        0.89      22.43 r
  U117/Y (INVXLM)                                         0.55      22.98 f
  U84/Y (DLY1X1M)                                         0.83      23.81 f
  U118/Y (INVXLM)                                         0.62      24.43 r
  U116/Y (DLY1X1M)                                        0.88      25.31 r
  U74/Y (INVXLM)                                          0.55      25.85 f
  U72/Y (DLY1X1M)                                         0.83      26.68 f
  U73/Y (INVXLM)                                          0.62      27.30 r
  U70/Y (INVXLM)                                          0.48      27.78 f
  U71/Y (INVXLM)                                          0.58      28.36 r
  U69/Y (DLY1X1M)                                         0.89      29.25 r
  U68/Y (DLY1X1M)                                         0.88      30.12 r
  U66/Y (DLY1X1M)                                         0.88      31.00 r
  U115/Y (DLY1X1M)                                        0.88      31.88 r
  u_RegFile/test_se (RegisterFile_DATA_WIDTH8_DATA_DEPTH16_ADDR_WIDTH4_test_1)
                                                          0.00      31.88 r
  u_RegFile/U629/Y (DLY1X1M)                              0.88      32.75 r
  u_RegFile/U566/Y (DLY1X1M)                              0.88      33.63 r
  u_RegFile/U697/Y (DLY1X1M)                              0.88      34.51 r
  u_RegFile/U584/Y (DLY1X1M)                              0.88      35.38 r
  u_RegFile/U685/Y (DLY1X1M)                              0.88      36.26 r
  u_RegFile/U637/Y (DLY1X1M)                              0.89      37.14 r
  u_RegFile/U608/Y (DLY1X1M)                              0.90      38.04 r
  u_RegFile/mem_reg[5][7]/SE (SDFFRQX2M)                  0.00      38.04 r
  data arrival time                                                 38.04

  clock SCAN_CLK (rise edge)                            100.00     100.00
  clock network delay (ideal)                             0.00     100.00
  clock uncertainty                                      -0.20      99.80
  u_RegFile/mem_reg[5][7]/CK (SDFFRQX2M)                  0.00      99.80 r
  library setup time                                     -0.61      99.19
  data required time                                                99.19
  --------------------------------------------------------------------------
  data required time                                                99.19
  data arrival time                                                -38.04
  --------------------------------------------------------------------------
  slack (MET)                                                       61.15


  Startpoint: SE (input port clocked by SCAN_CLK)
  Endpoint: u_RegFile/mem_reg[5][5]
            (rising edge-triggered flip-flop clocked by SCAN_CLK)
  Path Group: SCAN_CLK
  Path Type: max

  Des/Clust/Port     Wire Load Model       Library
  ------------------------------------------------
  SYS_TOP            tsmc13_wl30           scmetro_tsmc_cl013g_rvt_ss_1p08v_125c

  Point                                                   Incr       Path
  --------------------------------------------------------------------------
  clock SCAN_CLK (rise edge)                              0.00       0.00
  clock network delay (ideal)                             0.00       0.00
  input external delay                                   20.00      20.00 r
  SE (in)                                                 0.66      20.66 r
  U96/Y (DLY1X1M)                                         0.89      21.54 r
  U121/Y (DLY1X1M)                                        0.89      22.43 r
  U117/Y (INVXLM)                                         0.55      22.98 f
  U84/Y (DLY1X1M)                                         0.83      23.81 f
  U118/Y (INVXLM)                                         0.62      24.43 r
  U116/Y (DLY1X1M)                                        0.88      25.31 r
  U74/Y (INVXLM)                                          0.55      25.85 f
  U72/Y (DLY1X1M)                                         0.83      26.68 f
  U73/Y (INVXLM)                                          0.62      27.30 r
  U70/Y (INVXLM)                                          0.48      27.78 f
  U71/Y (INVXLM)                                          0.58      28.36 r
  U69/Y (DLY1X1M)                                         0.89      29.25 r
  U68/Y (DLY1X1M)                                         0.88      30.12 r
  U66/Y (DLY1X1M)                                         0.88      31.00 r
  U115/Y (DLY1X1M)                                        0.88      31.88 r
  u_RegFile/test_se (RegisterFile_DATA_WIDTH8_DATA_DEPTH16_ADDR_WIDTH4_test_1)
                                                          0.00      31.88 r
  u_RegFile/U629/Y (DLY1X1M)                              0.88      32.75 r
  u_RegFile/U566/Y (DLY1X1M)                              0.88      33.63 r
  u_RegFile/U697/Y (DLY1X1M)                              0.88      34.51 r
  u_RegFile/U584/Y (DLY1X1M)                              0.88      35.38 r
  u_RegFile/U692/Y (DLY1X1M)                              0.88      36.26 r
  u_RegFile/U661/Y (DLY1X1M)                              0.89      37.14 r
  u_RegFile/U616/Y (DLY1X1M)                              0.90      38.04 r
  u_RegFile/mem_reg[5][5]/SE (SDFFRQX2M)                  0.00      38.04 r
  data arrival time                                                 38.04

  clock SCAN_CLK (rise edge)                            100.00     100.00
  clock network delay (ideal)                             0.00     100.00
  clock uncertainty                                      -0.20      99.80
  u_RegFile/mem_reg[5][5]/CK (SDFFRQX2M)                  0.00      99.80 r
  library setup time                                     -0.61      99.19
  data required time                                                99.19
  --------------------------------------------------------------------------
  data required time                                                99.19
  data arrival time                                                -38.04
  --------------------------------------------------------------------------
  slack (MET)                                                       61.15


  Startpoint: SE (input port clocked by SCAN_CLK)
  Endpoint: u_RegFile/mem_reg[5][2]
            (rising edge-triggered flip-flop clocked by SCAN_CLK)
  Path Group: SCAN_CLK
  Path Type: max

  Des/Clust/Port     Wire Load Model       Library
  ------------------------------------------------
  SYS_TOP            tsmc13_wl30           scmetro_tsmc_cl013g_rvt_ss_1p08v_125c

  Point                                                   Incr       Path
  --------------------------------------------------------------------------
  clock SCAN_CLK (rise edge)                              0.00       0.00
  clock network delay (ideal)                             0.00       0.00
  input external delay                                   20.00      20.00 r
  SE (in)                                                 0.66      20.66 r
  U96/Y (DLY1X1M)                                         0.89      21.54 r
  U121/Y (DLY1X1M)                                        0.89      22.43 r
  U117/Y (INVXLM)                                         0.55      22.98 f
  U84/Y (DLY1X1M)                                         0.83      23.81 f
  U118/Y (INVXLM)                                         0.62      24.43 r
  U116/Y (DLY1X1M)                                        0.88      25.31 r
  U74/Y (INVXLM)                                          0.55      25.85 f
  U72/Y (DLY1X1M)                                         0.83      26.68 f
  U73/Y (INVXLM)                                          0.62      27.30 r
  U70/Y (INVXLM)                                          0.48      27.78 f
  U71/Y (INVXLM)                                          0.58      28.36 r
  U69/Y (DLY1X1M)                                         0.89      29.25 r
  U68/Y (DLY1X1M)                                         0.88      30.12 r
  U66/Y (DLY1X1M)                                         0.88      31.00 r
  U115/Y (DLY1X1M)                                        0.88      31.88 r
  u_RegFile/test_se (RegisterFile_DATA_WIDTH8_DATA_DEPTH16_ADDR_WIDTH4_test_1)
                                                          0.00      31.88 r
  u_RegFile/U630/Y (DLY1X1M)                              0.88      32.75 r
  u_RegFile/U567/Y (DLY1X1M)                              0.88      33.63 r
  u_RegFile/U698/Y (DLY1X1M)                              0.88      34.51 r
  u_RegFile/U585/Y (DLY1X1M)                              0.88      35.38 r
  u_RegFile/U679/Y (DLY1X1M)                              0.88      36.26 r
  u_RegFile/U652/Y (DLY1X1M)                              0.89      37.14 r
  u_RegFile/U613/Y (DLY1X1M)                              0.90      38.04 r
  u_RegFile/mem_reg[5][2]/SE (SDFFRQX2M)                  0.00      38.04 r
  data arrival time                                                 38.04

  clock SCAN_CLK (rise edge)                            100.00     100.00
  clock network delay (ideal)                             0.00     100.00
  clock uncertainty                                      -0.20      99.80
  u_RegFile/mem_reg[5][2]/CK (SDFFRQX2M)                  0.00      99.80 r
  library setup time                                     -0.61      99.19
  data required time                                                99.19
  --------------------------------------------------------------------------
  data required time                                                99.19
  data arrival time                                                -38.04
  --------------------------------------------------------------------------
  slack (MET)                                                       61.15


  Startpoint: SE (input port clocked by SCAN_CLK)
  Endpoint: u_RegFile/mem_reg[7][5]
            (rising edge-triggered flip-flop clocked by SCAN_CLK)
  Path Group: SCAN_CLK
  Path Type: max

  Des/Clust/Port     Wire Load Model       Library
  ------------------------------------------------
  SYS_TOP            tsmc13_wl30           scmetro_tsmc_cl013g_rvt_ss_1p08v_125c

  Point                                                   Incr       Path
  --------------------------------------------------------------------------
  clock SCAN_CLK (rise edge)                              0.00       0.00
  clock network delay (ideal)                             0.00       0.00
  input external delay                                   20.00      20.00 r
  SE (in)                                                 0.66      20.66 r
  U96/Y (DLY1X1M)                                         0.89      21.54 r
  U121/Y (DLY1X1M)                                        0.89      22.43 r
  U117/Y (INVXLM)                                         0.55      22.98 f
  U84/Y (DLY1X1M)                                         0.83      23.81 f
  U118/Y (INVXLM)                                         0.62      24.43 r
  U116/Y (DLY1X1M)                                        0.88      25.31 r
  U74/Y (INVXLM)                                          0.55      25.85 f
  U72/Y (DLY1X1M)                                         0.83      26.68 f
  U73/Y (INVXLM)                                          0.62      27.30 r
  U70/Y (INVXLM)                                          0.48      27.78 f
  U71/Y (INVXLM)                                          0.58      28.36 r
  U69/Y (DLY1X1M)                                         0.89      29.25 r
  U68/Y (DLY1X1M)                                         0.88      30.12 r
  U66/Y (DLY1X1M)                                         0.88      31.00 r
  U115/Y (DLY1X1M)                                        0.88      31.88 r
  u_RegFile/test_se (RegisterFile_DATA_WIDTH8_DATA_DEPTH16_ADDR_WIDTH4_test_1)
                                                          0.00      31.88 r
  u_RegFile/U629/Y (DLY1X1M)                              0.88      32.75 r
  u_RegFile/U566/Y (DLY1X1M)                              0.88      33.63 r
  u_RegFile/U627/Y (DLY1X1M)                              0.88      34.51 r
  u_RegFile/U564/Y (DLY1X1M)                              0.88      35.38 r
  u_RegFile/U581/Y (DLY1X1M)                              0.88      36.26 r
  u_RegFile/U650/Y (DLY1X1M)                              0.89      37.14 r
  u_RegFile/U592/Y (DLY1X1M)                              0.90      38.04 r
  u_RegFile/mem_reg[7][5]/SE (SDFFRQX2M)                  0.00      38.04 r
  data arrival time                                                 38.04

  clock SCAN_CLK (rise edge)                            100.00     100.00
  clock network delay (ideal)                             0.00     100.00
  clock uncertainty                                      -0.20      99.80
  u_RegFile/mem_reg[7][5]/CK (SDFFRQX2M)                  0.00      99.80 r
  library setup time                                     -0.61      99.19
  data required time                                                99.19
  --------------------------------------------------------------------------
  data required time                                                99.19
  data arrival time                                                -38.04
  --------------------------------------------------------------------------
  slack (MET)                                                       61.15


  Startpoint: SE (input port clocked by SCAN_CLK)
  Endpoint: u_RegFile/mem_reg[7][4]
            (rising edge-triggered flip-flop clocked by SCAN_CLK)
  Path Group: SCAN_CLK
  Path Type: max

  Des/Clust/Port     Wire Load Model       Library
  ------------------------------------------------
  SYS_TOP            tsmc13_wl30           scmetro_tsmc_cl013g_rvt_ss_1p08v_125c

  Point                                                   Incr       Path
  --------------------------------------------------------------------------
  clock SCAN_CLK (rise edge)                              0.00       0.00
  clock network delay (ideal)                             0.00       0.00
  input external delay                                   20.00      20.00 r
  SE (in)                                                 0.66      20.66 r
  U96/Y (DLY1X1M)                                         0.89      21.54 r
  U121/Y (DLY1X1M)                                        0.89      22.43 r
  U117/Y (INVXLM)                                         0.55      22.98 f
  U84/Y (DLY1X1M)                                         0.83      23.81 f
  U118/Y (INVXLM)                                         0.62      24.43 r
  U116/Y (DLY1X1M)                                        0.88      25.31 r
  U74/Y (INVXLM)                                          0.55      25.85 f
  U72/Y (DLY1X1M)                                         0.83      26.68 f
  U73/Y (INVXLM)                                          0.62      27.30 r
  U70/Y (INVXLM)                                          0.48      27.78 f
  U71/Y (INVXLM)                                          0.58      28.36 r
  U69/Y (DLY1X1M)                                         0.89      29.25 r
  U68/Y (DLY1X1M)                                         0.88      30.12 r
  U66/Y (DLY1X1M)                                         0.88      31.00 r
  U115/Y (DLY1X1M)                                        0.88      31.88 r
  u_RegFile/test_se (RegisterFile_DATA_WIDTH8_DATA_DEPTH16_ADDR_WIDTH4_test_1)
                                                          0.00      31.88 r
  u_RegFile/U630/Y (DLY1X1M)                              0.88      32.75 r
  u_RegFile/U567/Y (DLY1X1M)                              0.88      33.63 r
  u_RegFile/U628/Y (DLY1X1M)                              0.88      34.51 r
  u_RegFile/U565/Y (DLY1X1M)                              0.88      35.38 r
  u_RegFile/U577/Y (DLY1X1M)                              0.88      36.26 r
  u_RegFile/U647/Y (DLY1X1M)                              0.89      37.14 r
  u_RegFile/U591/Y (DLY1X1M)                              0.90      38.04 r
  u_RegFile/mem_reg[7][4]/SE (SDFFRQX2M)                  0.00      38.04 r
  data arrival time                                                 38.04

  clock SCAN_CLK (rise edge)                            100.00     100.00
  clock network delay (ideal)                             0.00     100.00
  clock uncertainty                                      -0.20      99.80
  u_RegFile/mem_reg[7][4]/CK (SDFFRQX2M)                  0.00      99.80 r
  library setup time                                     -0.61      99.19
  data required time                                                99.19
  --------------------------------------------------------------------------
  data required time                                                99.19
  data arrival time                                                -38.04
  --------------------------------------------------------------------------
  slack (MET)                                                       61.15


  Startpoint: SE (input port clocked by SCAN_CLK)
  Endpoint: u_RegFile/mem_reg[7][3]
            (rising edge-triggered flip-flop clocked by SCAN_CLK)
  Path Group: SCAN_CLK
  Path Type: max

  Des/Clust/Port     Wire Load Model       Library
  ------------------------------------------------
  SYS_TOP            tsmc13_wl30           scmetro_tsmc_cl013g_rvt_ss_1p08v_125c

  Point                                                   Incr       Path
  --------------------------------------------------------------------------
  clock SCAN_CLK (rise edge)                              0.00       0.00
  clock network delay (ideal)                             0.00       0.00
  input external delay                                   20.00      20.00 r
  SE (in)                                                 0.66      20.66 r
  U96/Y (DLY1X1M)                                         0.89      21.54 r
  U121/Y (DLY1X1M)                                        0.89      22.43 r
  U117/Y (INVXLM)                                         0.55      22.98 f
  U84/Y (DLY1X1M)                                         0.83      23.81 f
  U118/Y (INVXLM)                                         0.62      24.43 r
  U116/Y (DLY1X1M)                                        0.88      25.31 r
  U74/Y (INVXLM)                                          0.55      25.85 f
  U72/Y (DLY1X1M)                                         0.83      26.68 f
  U73/Y (INVXLM)                                          0.62      27.30 r
  U70/Y (INVXLM)                                          0.48      27.78 f
  U71/Y (INVXLM)                                          0.58      28.36 r
  U69/Y (DLY1X1M)                                         0.89      29.25 r
  U68/Y (DLY1X1M)                                         0.88      30.12 r
  U66/Y (DLY1X1M)                                         0.88      31.00 r
  U115/Y (DLY1X1M)                                        0.88      31.88 r
  u_RegFile/test_se (RegisterFile_DATA_WIDTH8_DATA_DEPTH16_ADDR_WIDTH4_test_1)
                                                          0.00      31.88 r
  u_RegFile/U629/Y (DLY1X1M)                              0.88      32.75 r
  u_RegFile/U566/Y (DLY1X1M)                              0.88      33.63 r
  u_RegFile/U627/Y (DLY1X1M)                              0.88      34.51 r
  u_RegFile/U564/Y (DLY1X1M)                              0.88      35.38 r
  u_RegFile/U694/Y (DLY1X1M)                              0.88      36.26 r
  u_RegFile/U641/Y (DLY1X1M)                              0.89      37.14 r
  u_RegFile/U589/Y (DLY1X1M)                              0.90      38.04 r
  u_RegFile/mem_reg[7][3]/SE (SDFFRQX2M)                  0.00      38.04 r
  data arrival time                                                 38.04

  clock SCAN_CLK (rise edge)                            100.00     100.00
  clock network delay (ideal)                             0.00     100.00
  clock uncertainty                                      -0.20      99.80
  u_RegFile/mem_reg[7][3]/CK (SDFFRQX2M)                  0.00      99.80 r
  library setup time                                     -0.61      99.19
  data required time                                                99.19
  --------------------------------------------------------------------------
  data required time                                                99.19
  data arrival time                                                -38.04
  --------------------------------------------------------------------------
  slack (MET)                                                       61.15


  Startpoint: SE (input port clocked by SCAN_CLK)
  Endpoint: u_RegFile/mem_reg[7][1]
            (rising edge-triggered flip-flop clocked by SCAN_CLK)
  Path Group: SCAN_CLK
  Path Type: max

  Des/Clust/Port     Wire Load Model       Library
  ------------------------------------------------
  SYS_TOP            tsmc13_wl30           scmetro_tsmc_cl013g_rvt_ss_1p08v_125c

  Point                                                   Incr       Path
  --------------------------------------------------------------------------
  clock SCAN_CLK (rise edge)                              0.00       0.00
  clock network delay (ideal)                             0.00       0.00
  input external delay                                   20.00      20.00 r
  SE (in)                                                 0.66      20.66 r
  U96/Y (DLY1X1M)                                         0.89      21.54 r
  U121/Y (DLY1X1M)                                        0.89      22.43 r
  U117/Y (INVXLM)                                         0.55      22.98 f
  U84/Y (DLY1X1M)                                         0.83      23.81 f
  U118/Y (INVXLM)                                         0.62      24.43 r
  U116/Y (DLY1X1M)                                        0.88      25.31 r
  U74/Y (INVXLM)                                          0.55      25.85 f
  U72/Y (DLY1X1M)                                         0.83      26.68 f
  U73/Y (INVXLM)                                          0.62      27.30 r
  U70/Y (INVXLM)                                          0.48      27.78 f
  U71/Y (INVXLM)                                          0.58      28.36 r
  U69/Y (DLY1X1M)                                         0.89      29.25 r
  U68/Y (DLY1X1M)                                         0.88      30.12 r
  U66/Y (DLY1X1M)                                         0.88      31.00 r
  U115/Y (DLY1X1M)                                        0.88      31.88 r
  u_RegFile/test_se (RegisterFile_DATA_WIDTH8_DATA_DEPTH16_ADDR_WIDTH4_test_1)
                                                          0.00      31.88 r
  u_RegFile/U629/Y (DLY1X1M)                              0.88      32.75 r
  u_RegFile/U566/Y (DLY1X1M)                              0.88      33.63 r
  u_RegFile/U697/Y (DLY1X1M)                              0.88      34.51 r
  u_RegFile/U693/Y (DLY1X1M)                              0.88      35.38 r
  u_RegFile/U580/Y (DLY1X1M)                              0.88      36.26 r
  u_RegFile/U677/Y (DLY1X1M)                              0.89      37.14 r
  u_RegFile/U605/Y (DLY1X1M)                              0.90      38.04 r
  u_RegFile/mem_reg[7][1]/SE (SDFFRQX2M)                  0.00      38.04 r
  data arrival time                                                 38.04

  clock SCAN_CLK (rise edge)                            100.00     100.00
  clock network delay (ideal)                             0.00     100.00
  clock uncertainty                                      -0.20      99.80
  u_RegFile/mem_reg[7][1]/CK (SDFFRQX2M)                  0.00      99.80 r
  library setup time                                     -0.61      99.19
  data required time                                                99.19
  --------------------------------------------------------------------------
  data required time                                                99.19
  data arrival time                                                -38.04
  --------------------------------------------------------------------------
  slack (MET)                                                       61.15


  Startpoint: SE (input port clocked by SCAN_CLK)
  Endpoint: u_RegFile/mem_reg[7][0]
            (rising edge-triggered flip-flop clocked by SCAN_CLK)
  Path Group: SCAN_CLK
  Path Type: max

  Des/Clust/Port     Wire Load Model       Library
  ------------------------------------------------
  SYS_TOP            tsmc13_wl30           scmetro_tsmc_cl013g_rvt_ss_1p08v_125c

  Point                                                   Incr       Path
  --------------------------------------------------------------------------
  clock SCAN_CLK (rise edge)                              0.00       0.00
  clock network delay (ideal)                             0.00       0.00
  input external delay                                   20.00      20.00 r
  SE (in)                                                 0.66      20.66 r
  U96/Y (DLY1X1M)                                         0.89      21.54 r
  U121/Y (DLY1X1M)                                        0.89      22.43 r
  U117/Y (INVXLM)                                         0.55      22.98 f
  U84/Y (DLY1X1M)                                         0.83      23.81 f
  U118/Y (INVXLM)                                         0.62      24.43 r
  U116/Y (DLY1X1M)                                        0.88      25.31 r
  U74/Y (INVXLM)                                          0.55      25.85 f
  U72/Y (DLY1X1M)                                         0.83      26.68 f
  U73/Y (INVXLM)                                          0.62      27.30 r
  U70/Y (INVXLM)                                          0.48      27.78 f
  U71/Y (INVXLM)                                          0.58      28.36 r
  U69/Y (DLY1X1M)                                         0.89      29.25 r
  U68/Y (DLY1X1M)                                         0.88      30.12 r
  U66/Y (DLY1X1M)                                         0.88      31.00 r
  U115/Y (DLY1X1M)                                        0.88      31.88 r
  u_RegFile/test_se (RegisterFile_DATA_WIDTH8_DATA_DEPTH16_ADDR_WIDTH4_test_1)
                                                          0.00      31.88 r
  u_RegFile/U630/Y (DLY1X1M)                              0.88      32.75 r
  u_RegFile/U696/Y (DLY1X1M)                              0.88      33.63 r
  u_RegFile/U583/Y (DLY1X1M)                              0.88      34.51 r
  u_RegFile/U689/Y (DLY1X1M)                              0.88      35.38 r
  u_RegFile/U576/Y (DLY1X1M)                              0.88      36.26 r
  u_RegFile/U644/Y (DLY1X1M)                              0.89      37.14 r
  u_RegFile/U590/Y (DLY1X1M)                              0.90      38.04 r
  u_RegFile/mem_reg[7][0]/SE (SDFFRQX2M)                  0.00      38.04 r
  data arrival time                                                 38.04

  clock SCAN_CLK (rise edge)                            100.00     100.00
  clock network delay (ideal)                             0.00     100.00
  clock uncertainty                                      -0.20      99.80
  u_RegFile/mem_reg[7][0]/CK (SDFFRQX2M)                  0.00      99.80 r
  library setup time                                     -0.61      99.19
  data required time                                                99.19
  --------------------------------------------------------------------------
  data required time                                                99.19
  data arrival time                                                -38.04
  --------------------------------------------------------------------------
  slack (MET)                                                       61.15


  Startpoint: SE (input port clocked by SCAN_CLK)
  Endpoint: u_RegFile/mem_reg[9][1]
            (rising edge-triggered flip-flop clocked by SCAN_CLK)
  Path Group: SCAN_CLK
  Path Type: max

  Des/Clust/Port     Wire Load Model       Library
  ------------------------------------------------
  SYS_TOP            tsmc13_wl30           scmetro_tsmc_cl013g_rvt_ss_1p08v_125c

  Point                                                   Incr       Path
  --------------------------------------------------------------------------
  clock SCAN_CLK (rise edge)                              0.00       0.00
  clock network delay (ideal)                             0.00       0.00
  input external delay                                   20.00      20.00 r
  SE (in)                                                 0.66      20.66 r
  U96/Y (DLY1X1M)                                         0.89      21.54 r
  U121/Y (DLY1X1M)                                        0.89      22.43 r
  U117/Y (INVXLM)                                         0.55      22.98 f
  U84/Y (DLY1X1M)                                         0.83      23.81 f
  U118/Y (INVXLM)                                         0.62      24.43 r
  U116/Y (DLY1X1M)                                        0.88      25.31 r
  U74/Y (INVXLM)                                          0.55      25.85 f
  U72/Y (DLY1X1M)                                         0.83      26.68 f
  U73/Y (INVXLM)                                          0.62      27.30 r
  U70/Y (INVXLM)                                          0.48      27.78 f
  U71/Y (INVXLM)                                          0.58      28.36 r
  U69/Y (DLY1X1M)                                         0.89      29.25 r
  U68/Y (DLY1X1M)                                         0.88      30.12 r
  U66/Y (DLY1X1M)                                         0.88      31.00 r
  U115/Y (DLY1X1M)                                        0.88      31.88 r
  u_RegFile/test_se (RegisterFile_DATA_WIDTH8_DATA_DEPTH16_ADDR_WIDTH4_test_1)
                                                          0.00      31.88 r
  u_RegFile/U629/Y (DLY1X1M)                              0.88      32.75 r
  u_RegFile/U695/Y (DLY1X1M)                              0.88      33.63 r
  u_RegFile/U582/Y (DLY1X1M)                              0.88      34.51 r
  u_RegFile/U691/Y (DLY1X1M)                              0.88      35.38 r
  u_RegFile/U578/Y (DLY1X1M)                              0.88      36.26 r
  u_RegFile/U659/Y (DLY1X1M)                              0.89      37.14 r
  u_RegFile/U597/Y (DLY1X1M)                              0.90      38.04 r
  u_RegFile/mem_reg[9][1]/SE (SDFFRQX2M)                  0.00      38.04 r
  data arrival time                                                 38.04

  clock SCAN_CLK (rise edge)                            100.00     100.00
  clock network delay (ideal)                             0.00     100.00
  clock uncertainty                                      -0.20      99.80
  u_RegFile/mem_reg[9][1]/CK (SDFFRQX2M)                  0.00      99.80 r
  library setup time                                     -0.61      99.19
  data required time                                                99.19
  --------------------------------------------------------------------------
  data required time                                                99.19
  data arrival time                                                -38.04
  --------------------------------------------------------------------------
  slack (MET)                                                       61.15


  Startpoint: SE (input port clocked by SCAN_CLK)
  Endpoint: u_RegFile/mem_reg[13][6]
            (rising edge-triggered flip-flop clocked by SCAN_CLK)
  Path Group: SCAN_CLK
  Path Type: max

  Des/Clust/Port     Wire Load Model       Library
  ------------------------------------------------
  SYS_TOP            tsmc13_wl30           scmetro_tsmc_cl013g_rvt_ss_1p08v_125c

  Point                                                   Incr       Path
  --------------------------------------------------------------------------
  clock SCAN_CLK (rise edge)                              0.00       0.00
  clock network delay (ideal)                             0.00       0.00
  input external delay                                   20.00      20.00 r
  SE (in)                                                 0.66      20.66 r
  U96/Y (DLY1X1M)                                         0.89      21.54 r
  U121/Y (DLY1X1M)                                        0.89      22.43 r
  U117/Y (INVXLM)                                         0.55      22.98 f
  U84/Y (DLY1X1M)                                         0.83      23.81 f
  U118/Y (INVXLM)                                         0.62      24.43 r
  U116/Y (DLY1X1M)                                        0.88      25.31 r
  U74/Y (INVXLM)                                          0.55      25.85 f
  U72/Y (DLY1X1M)                                         0.83      26.68 f
  U73/Y (INVXLM)                                          0.62      27.30 r
  U70/Y (INVXLM)                                          0.48      27.78 f
  U71/Y (INVXLM)                                          0.58      28.36 r
  U69/Y (DLY1X1M)                                         0.89      29.25 r
  U68/Y (DLY1X1M)                                         0.88      30.12 r
  U66/Y (DLY1X1M)                                         0.88      31.00 r
  U115/Y (DLY1X1M)                                        0.88      31.88 r
  u_RegFile/test_se (RegisterFile_DATA_WIDTH8_DATA_DEPTH16_ADDR_WIDTH4_test_1)
                                                          0.00      31.88 r
  u_RegFile/U630/Y (DLY1X1M)                              0.88      32.75 r
  u_RegFile/U696/Y (DLY1X1M)                              0.88      33.63 r
  u_RegFile/U583/Y (DLY1X1M)                              0.88      34.51 r
  u_RegFile/U680/Y (DLY1X1M)                              0.88      35.38 r
  u_RegFile/U569/Y (DLY1X1M)                              0.88      36.26 r
  u_RegFile/U657/Y (DLY1X1M)                              0.89      37.14 r
  u_RegFile/U596/Y (DLY1X1M)                              0.90      38.04 r
  u_RegFile/mem_reg[13][6]/SE (SDFFRQX2M)                 0.00      38.04 r
  data arrival time                                                 38.04

  clock SCAN_CLK (rise edge)                            100.00     100.00
  clock network delay (ideal)                             0.00     100.00
  clock uncertainty                                      -0.20      99.80
  u_RegFile/mem_reg[13][6]/CK (SDFFRQX2M)                 0.00      99.80 r
  library setup time                                     -0.61      99.19
  data required time                                                99.19
  --------------------------------------------------------------------------
  data required time                                                99.19
  data arrival time                                                -38.04
  --------------------------------------------------------------------------
  slack (MET)                                                       61.15


  Startpoint: SE (input port clocked by SCAN_CLK)
  Endpoint: u_RegFile/mem_reg[13][1]
            (rising edge-triggered flip-flop clocked by SCAN_CLK)
  Path Group: SCAN_CLK
  Path Type: max

  Des/Clust/Port     Wire Load Model       Library
  ------------------------------------------------
  SYS_TOP            tsmc13_wl30           scmetro_tsmc_cl013g_rvt_ss_1p08v_125c

  Point                                                   Incr       Path
  --------------------------------------------------------------------------
  clock SCAN_CLK (rise edge)                              0.00       0.00
  clock network delay (ideal)                             0.00       0.00
  input external delay                                   20.00      20.00 r
  SE (in)                                                 0.66      20.66 r
  U96/Y (DLY1X1M)                                         0.89      21.54 r
  U121/Y (DLY1X1M)                                        0.89      22.43 r
  U117/Y (INVXLM)                                         0.55      22.98 f
  U84/Y (DLY1X1M)                                         0.83      23.81 f
  U118/Y (INVXLM)                                         0.62      24.43 r
  U116/Y (DLY1X1M)                                        0.88      25.31 r
  U74/Y (INVXLM)                                          0.55      25.85 f
  U72/Y (DLY1X1M)                                         0.83      26.68 f
  U73/Y (INVXLM)                                          0.62      27.30 r
  U70/Y (INVXLM)                                          0.48      27.78 f
  U71/Y (INVXLM)                                          0.58      28.36 r
  U69/Y (DLY1X1M)                                         0.89      29.25 r
  U68/Y (DLY1X1M)                                         0.88      30.12 r
  U66/Y (DLY1X1M)                                         0.88      31.00 r
  U115/Y (DLY1X1M)                                        0.88      31.88 r
  u_RegFile/test_se (RegisterFile_DATA_WIDTH8_DATA_DEPTH16_ADDR_WIDTH4_test_1)
                                                          0.00      31.88 r
  u_RegFile/U629/Y (DLY1X1M)                              0.88      32.75 r
  u_RegFile/U695/Y (DLY1X1M)                              0.88      33.63 r
  u_RegFile/U582/Y (DLY1X1M)                              0.88      34.51 r
  u_RegFile/U691/Y (DLY1X1M)                              0.88      35.38 r
  u_RegFile/U578/Y (DLY1X1M)                              0.88      36.26 r
  u_RegFile/U660/Y (DLY1X1M)                              0.89      37.14 r
  u_RegFile/U598/Y (DLY1X1M)                              0.90      38.04 r
  u_RegFile/mem_reg[13][1]/SE (SDFFRQX2M)                 0.00      38.04 r
  data arrival time                                                 38.04

  clock SCAN_CLK (rise edge)                            100.00     100.00
  clock network delay (ideal)                             0.00     100.00
  clock uncertainty                                      -0.20      99.80
  u_RegFile/mem_reg[13][1]/CK (SDFFRQX2M)                 0.00      99.80 r
  library setup time                                     -0.61      99.19
  data required time                                                99.19
  --------------------------------------------------------------------------
  data required time                                                99.19
  data arrival time                                                -38.04
  --------------------------------------------------------------------------
  slack (MET)                                                       61.15


  Startpoint: SE (input port clocked by SCAN_CLK)
  Endpoint: u_RegFile/mem_reg[13][0]
            (rising edge-triggered flip-flop clocked by SCAN_CLK)
  Path Group: SCAN_CLK
  Path Type: max

  Des/Clust/Port     Wire Load Model       Library
  ------------------------------------------------
  SYS_TOP            tsmc13_wl30           scmetro_tsmc_cl013g_rvt_ss_1p08v_125c

  Point                                                   Incr       Path
  --------------------------------------------------------------------------
  clock SCAN_CLK (rise edge)                              0.00       0.00
  clock network delay (ideal)                             0.00       0.00
  input external delay                                   20.00      20.00 r
  SE (in)                                                 0.66      20.66 r
  U96/Y (DLY1X1M)                                         0.89      21.54 r
  U121/Y (DLY1X1M)                                        0.89      22.43 r
  U117/Y (INVXLM)                                         0.55      22.98 f
  U84/Y (DLY1X1M)                                         0.83      23.81 f
  U118/Y (INVXLM)                                         0.62      24.43 r
  U116/Y (DLY1X1M)                                        0.88      25.31 r
  U74/Y (INVXLM)                                          0.55      25.85 f
  U72/Y (DLY1X1M)                                         0.83      26.68 f
  U73/Y (INVXLM)                                          0.62      27.30 r
  U70/Y (INVXLM)                                          0.48      27.78 f
  U71/Y (INVXLM)                                          0.58      28.36 r
  U69/Y (DLY1X1M)                                         0.89      29.25 r
  U68/Y (DLY1X1M)                                         0.88      30.12 r
  U66/Y (DLY1X1M)                                         0.88      31.00 r
  U115/Y (DLY1X1M)                                        0.88      31.88 r
  u_RegFile/test_se (RegisterFile_DATA_WIDTH8_DATA_DEPTH16_ADDR_WIDTH4_test_1)
                                                          0.00      31.88 r
  u_RegFile/U630/Y (DLY1X1M)                              0.88      32.75 r
  u_RegFile/U567/Y (DLY1X1M)                              0.88      33.63 r
  u_RegFile/U698/Y (DLY1X1M)                              0.88      34.51 r
  u_RegFile/U687/Y (DLY1X1M)                              0.88      35.38 r
  u_RegFile/U574/Y (DLY1X1M)                              0.88      36.26 r
  u_RegFile/U667/Y (DLY1X1M)                              0.89      37.14 r
  u_RegFile/U619/Y (DLY1X1M)                              0.90      38.04 r
  u_RegFile/mem_reg[13][0]/SE (SDFFRQX2M)                 0.00      38.04 r
  data arrival time                                                 38.04

  clock SCAN_CLK (rise edge)                            100.00     100.00
  clock network delay (ideal)                             0.00     100.00
  clock uncertainty                                      -0.20      99.80
  u_RegFile/mem_reg[13][0]/CK (SDFFRQX2M)                 0.00      99.80 r
  library setup time                                     -0.61      99.19
  data required time                                                99.19
  --------------------------------------------------------------------------
  data required time                                                99.19
  data arrival time                                                -38.04
  --------------------------------------------------------------------------
  slack (MET)                                                       61.15


  Startpoint: SE (input port clocked by SCAN_CLK)
  Endpoint: u_RegFile/mem_reg[15][7]
            (rising edge-triggered flip-flop clocked by SCAN_CLK)
  Path Group: SCAN_CLK
  Path Type: max

  Des/Clust/Port     Wire Load Model       Library
  ------------------------------------------------
  SYS_TOP            tsmc13_wl30           scmetro_tsmc_cl013g_rvt_ss_1p08v_125c

  Point                                                   Incr       Path
  --------------------------------------------------------------------------
  clock SCAN_CLK (rise edge)                              0.00       0.00
  clock network delay (ideal)                             0.00       0.00
  input external delay                                   20.00      20.00 r
  SE (in)                                                 0.66      20.66 r
  U96/Y (DLY1X1M)                                         0.89      21.54 r
  U121/Y (DLY1X1M)                                        0.89      22.43 r
  U117/Y (INVXLM)                                         0.55      22.98 f
  U84/Y (DLY1X1M)                                         0.83      23.81 f
  U118/Y (INVXLM)                                         0.62      24.43 r
  U116/Y (DLY1X1M)                                        0.88      25.31 r
  U74/Y (INVXLM)                                          0.55      25.85 f
  U72/Y (DLY1X1M)                                         0.83      26.68 f
  U73/Y (INVXLM)                                          0.62      27.30 r
  U70/Y (INVXLM)                                          0.48      27.78 f
  U71/Y (INVXLM)                                          0.58      28.36 r
  U69/Y (DLY1X1M)                                         0.89      29.25 r
  U68/Y (DLY1X1M)                                         0.88      30.12 r
  U66/Y (DLY1X1M)                                         0.88      31.00 r
  U115/Y (DLY1X1M)                                        0.88      31.88 r
  u_RegFile/test_se (RegisterFile_DATA_WIDTH8_DATA_DEPTH16_ADDR_WIDTH4_test_1)
                                                          0.00      31.88 r
  u_RegFile/U629/Y (DLY1X1M)                              0.88      32.75 r
  u_RegFile/U695/Y (DLY1X1M)                              0.88      33.63 r
  u_RegFile/U582/Y (DLY1X1M)                              0.88      34.51 r
  u_RegFile/U683/Y (DLY1X1M)                              0.88      35.38 r
  u_RegFile/U571/Y (DLY1X1M)                              0.88      36.26 r
  u_RegFile/U664/Y (DLY1X1M)                              0.89      37.14 r
  u_RegFile/U617/Y (DLY1X1M)                              0.90      38.04 r
  u_RegFile/mem_reg[15][7]/SE (SDFFRQX2M)                 0.00      38.04 r
  data arrival time                                                 38.04

  clock SCAN_CLK (rise edge)                            100.00     100.00
  clock network delay (ideal)                             0.00     100.00
  clock uncertainty                                      -0.20      99.80
  u_RegFile/mem_reg[15][7]/CK (SDFFRQX2M)                 0.00      99.80 r
  library setup time                                     -0.61      99.19
  data required time                                                99.19
  --------------------------------------------------------------------------
  data required time                                                99.19
  data arrival time                                                -38.04
  --------------------------------------------------------------------------
  slack (MET)                                                       61.15


  Startpoint: SE (input port clocked by SCAN_CLK)
  Endpoint: u_RegFile/mem_reg[15][6]
            (rising edge-triggered flip-flop clocked by SCAN_CLK)
  Path Group: SCAN_CLK
  Path Type: max

  Des/Clust/Port     Wire Load Model       Library
  ------------------------------------------------
  SYS_TOP            tsmc13_wl30           scmetro_tsmc_cl013g_rvt_ss_1p08v_125c

  Point                                                   Incr       Path
  --------------------------------------------------------------------------
  clock SCAN_CLK (rise edge)                              0.00       0.00
  clock network delay (ideal)                             0.00       0.00
  input external delay                                   20.00      20.00 r
  SE (in)                                                 0.66      20.66 r
  U96/Y (DLY1X1M)                                         0.89      21.54 r
  U121/Y (DLY1X1M)                                        0.89      22.43 r
  U117/Y (INVXLM)                                         0.55      22.98 f
  U84/Y (DLY1X1M)                                         0.83      23.81 f
  U118/Y (INVXLM)                                         0.62      24.43 r
  U116/Y (DLY1X1M)                                        0.88      25.31 r
  U74/Y (INVXLM)                                          0.55      25.85 f
  U72/Y (DLY1X1M)                                         0.83      26.68 f
  U73/Y (INVXLM)                                          0.62      27.30 r
  U70/Y (INVXLM)                                          0.48      27.78 f
  U71/Y (INVXLM)                                          0.58      28.36 r
  U69/Y (DLY1X1M)                                         0.89      29.25 r
  U68/Y (DLY1X1M)                                         0.88      30.12 r
  U66/Y (DLY1X1M)                                         0.88      31.00 r
  U115/Y (DLY1X1M)                                        0.88      31.88 r
  u_RegFile/test_se (RegisterFile_DATA_WIDTH8_DATA_DEPTH16_ADDR_WIDTH4_test_1)
                                                          0.00      31.88 r
  u_RegFile/U630/Y (DLY1X1M)                              0.88      32.75 r
  u_RegFile/U567/Y (DLY1X1M)                              0.88      33.63 r
  u_RegFile/U698/Y (DLY1X1M)                              0.88      34.51 r
  u_RegFile/U585/Y (DLY1X1M)                              0.88      35.38 r
  u_RegFile/U682/Y (DLY1X1M)                              0.88      36.26 r
  u_RegFile/U634/Y (DLY1X1M)                              0.89      37.14 r
  u_RegFile/U607/Y (DLY1X1M)                              0.90      38.04 r
  u_RegFile/mem_reg[15][6]/SE (SDFFRQX2M)                 0.00      38.04 r
  data arrival time                                                 38.04

  clock SCAN_CLK (rise edge)                            100.00     100.00
  clock network delay (ideal)                             0.00     100.00
  clock uncertainty                                      -0.20      99.80
  u_RegFile/mem_reg[15][6]/CK (SDFFRQX2M)                 0.00      99.80 r
  library setup time                                     -0.61      99.19
  data required time                                                99.19
  --------------------------------------------------------------------------
  data required time                                                99.19
  data arrival time                                                -38.04
  --------------------------------------------------------------------------
  slack (MET)                                                       61.15


  Startpoint: SE (input port clocked by SCAN_CLK)
  Endpoint: u_RegFile/mem_reg[15][5]
            (rising edge-triggered flip-flop clocked by SCAN_CLK)
  Path Group: SCAN_CLK
  Path Type: max

  Des/Clust/Port     Wire Load Model       Library
  ------------------------------------------------
  SYS_TOP            tsmc13_wl30           scmetro_tsmc_cl013g_rvt_ss_1p08v_125c

  Point                                                   Incr       Path
  --------------------------------------------------------------------------
  clock SCAN_CLK (rise edge)                              0.00       0.00
  clock network delay (ideal)                             0.00       0.00
  input external delay                                   20.00      20.00 r
  SE (in)                                                 0.66      20.66 r
  U96/Y (DLY1X1M)                                         0.89      21.54 r
  U121/Y (DLY1X1M)                                        0.89      22.43 r
  U117/Y (INVXLM)                                         0.55      22.98 f
  U84/Y (DLY1X1M)                                         0.83      23.81 f
  U118/Y (INVXLM)                                         0.62      24.43 r
  U116/Y (DLY1X1M)                                        0.88      25.31 r
  U74/Y (INVXLM)                                          0.55      25.85 f
  U72/Y (DLY1X1M)                                         0.83      26.68 f
  U73/Y (INVXLM)                                          0.62      27.30 r
  U70/Y (INVXLM)                                          0.48      27.78 f
  U71/Y (INVXLM)                                          0.58      28.36 r
  U69/Y (DLY1X1M)                                         0.89      29.25 r
  U68/Y (DLY1X1M)                                         0.88      30.12 r
  U66/Y (DLY1X1M)                                         0.88      31.00 r
  U115/Y (DLY1X1M)                                        0.88      31.88 r
  u_RegFile/test_se (RegisterFile_DATA_WIDTH8_DATA_DEPTH16_ADDR_WIDTH4_test_1)
                                                          0.00      31.88 r
  u_RegFile/U629/Y (DLY1X1M)                              0.88      32.75 r
  u_RegFile/U566/Y (DLY1X1M)                              0.88      33.63 r
  u_RegFile/U627/Y (DLY1X1M)                              0.88      34.51 r
  u_RegFile/U564/Y (DLY1X1M)                              0.88      35.38 r
  u_RegFile/U694/Y (DLY1X1M)                              0.88      36.26 r
  u_RegFile/U649/Y (DLY1X1M)                              0.89      37.14 r
  u_RegFile/U612/Y (DLY1X1M)                              0.90      38.04 r
  u_RegFile/mem_reg[15][5]/SE (SDFFRQX2M)                 0.00      38.04 r
  data arrival time                                                 38.04

  clock SCAN_CLK (rise edge)                            100.00     100.00
  clock network delay (ideal)                             0.00     100.00
  clock uncertainty                                      -0.20      99.80
  u_RegFile/mem_reg[15][5]/CK (SDFFRQX2M)                 0.00      99.80 r
  library setup time                                     -0.61      99.19
  data required time                                                99.19
  --------------------------------------------------------------------------
  data required time                                                99.19
  data arrival time                                                -38.04
  --------------------------------------------------------------------------
  slack (MET)                                                       61.15


  Startpoint: SE (input port clocked by SCAN_CLK)
  Endpoint: u_RegFile/mem_reg[15][2]
            (rising edge-triggered flip-flop clocked by SCAN_CLK)
  Path Group: SCAN_CLK
  Path Type: max

  Des/Clust/Port     Wire Load Model       Library
  ------------------------------------------------
  SYS_TOP            tsmc13_wl30           scmetro_tsmc_cl013g_rvt_ss_1p08v_125c

  Point                                                   Incr       Path
  --------------------------------------------------------------------------
  clock SCAN_CLK (rise edge)                              0.00       0.00
  clock network delay (ideal)                             0.00       0.00
  input external delay                                   20.00      20.00 r
  SE (in)                                                 0.66      20.66 r
  U96/Y (DLY1X1M)                                         0.89      21.54 r
  U121/Y (DLY1X1M)                                        0.89      22.43 r
  U117/Y (INVXLM)                                         0.55      22.98 f
  U84/Y (DLY1X1M)                                         0.83      23.81 f
  U118/Y (INVXLM)                                         0.62      24.43 r
  U116/Y (DLY1X1M)                                        0.88      25.31 r
  U74/Y (INVXLM)                                          0.55      25.85 f
  U72/Y (DLY1X1M)                                         0.83      26.68 f
  U73/Y (INVXLM)                                          0.62      27.30 r
  U70/Y (INVXLM)                                          0.48      27.78 f
  U71/Y (INVXLM)                                          0.58      28.36 r
  U69/Y (DLY1X1M)                                         0.89      29.25 r
  U68/Y (DLY1X1M)                                         0.88      30.12 r
  U66/Y (DLY1X1M)                                         0.88      31.00 r
  U115/Y (DLY1X1M)                                        0.88      31.88 r
  u_RegFile/test_se (RegisterFile_DATA_WIDTH8_DATA_DEPTH16_ADDR_WIDTH4_test_1)
                                                          0.00      31.88 r
  u_RegFile/U630/Y (DLY1X1M)                              0.88      32.75 r
  u_RegFile/U567/Y (DLY1X1M)                              0.88      33.63 r
  u_RegFile/U628/Y (DLY1X1M)                              0.88      34.51 r
  u_RegFile/U565/Y (DLY1X1M)                              0.88      35.38 r
  u_RegFile/U681/Y (DLY1X1M)                              0.88      36.26 r
  u_RegFile/U631/Y (DLY1X1M)                              0.89      37.14 r
  u_RegFile/U606/Y (DLY1X1M)                              0.90      38.04 r
  u_RegFile/mem_reg[15][2]/SE (SDFFRQX2M)                 0.00      38.04 r
  data arrival time                                                 38.04

  clock SCAN_CLK (rise edge)                            100.00     100.00
  clock network delay (ideal)                             0.00     100.00
  clock uncertainty                                      -0.20      99.80
  u_RegFile/mem_reg[15][2]/CK (SDFFRQX2M)                 0.00      99.80 r
  library setup time                                     -0.61      99.19
  data required time                                                99.19
  --------------------------------------------------------------------------
  data required time                                                99.19
  data arrival time                                                -38.04
  --------------------------------------------------------------------------
  slack (MET)                                                       61.15


  Startpoint: SE (input port clocked by SCAN_CLK)
  Endpoint: u_RegFile/mem_reg[15][1]
            (rising edge-triggered flip-flop clocked by SCAN_CLK)
  Path Group: SCAN_CLK
  Path Type: max

  Des/Clust/Port     Wire Load Model       Library
  ------------------------------------------------
  SYS_TOP            tsmc13_wl30           scmetro_tsmc_cl013g_rvt_ss_1p08v_125c

  Point                                                   Incr       Path
  --------------------------------------------------------------------------
  clock SCAN_CLK (rise edge)                              0.00       0.00
  clock network delay (ideal)                             0.00       0.00
  input external delay                                   20.00      20.00 r
  SE (in)                                                 0.66      20.66 r
  U96/Y (DLY1X1M)                                         0.89      21.54 r
  U121/Y (DLY1X1M)                                        0.89      22.43 r
  U117/Y (INVXLM)                                         0.55      22.98 f
  U84/Y (DLY1X1M)                                         0.83      23.81 f
  U118/Y (INVXLM)                                         0.62      24.43 r
  U116/Y (DLY1X1M)                                        0.88      25.31 r
  U74/Y (INVXLM)                                          0.55      25.85 f
  U72/Y (DLY1X1M)                                         0.83      26.68 f
  U73/Y (INVXLM)                                          0.62      27.30 r
  U70/Y (INVXLM)                                          0.48      27.78 f
  U71/Y (INVXLM)                                          0.58      28.36 r
  U69/Y (DLY1X1M)                                         0.89      29.25 r
  U68/Y (DLY1X1M)                                         0.88      30.12 r
  U66/Y (DLY1X1M)                                         0.88      31.00 r
  U115/Y (DLY1X1M)                                        0.88      31.88 r
  u_RegFile/test_se (RegisterFile_DATA_WIDTH8_DATA_DEPTH16_ADDR_WIDTH4_test_1)
                                                          0.00      31.88 r
  u_RegFile/U629/Y (DLY1X1M)                              0.88      32.75 r
  u_RegFile/U566/Y (DLY1X1M)                              0.88      33.63 r
  u_RegFile/U697/Y (DLY1X1M)                              0.88      34.51 r
  u_RegFile/U693/Y (DLY1X1M)                              0.88      35.38 r
  u_RegFile/U580/Y (DLY1X1M)                              0.88      36.26 r
  u_RegFile/U676/Y (DLY1X1M)                              0.89      37.14 r
  u_RegFile/U623/Y (DLY1X1M)                              0.90      38.04 r
  u_RegFile/mem_reg[15][1]/SE (SDFFRQX2M)                 0.00      38.04 r
  data arrival time                                                 38.04

  clock SCAN_CLK (rise edge)                            100.00     100.00
  clock network delay (ideal)                             0.00     100.00
  clock uncertainty                                      -0.20      99.80
  u_RegFile/mem_reg[15][1]/CK (SDFFRQX2M)                 0.00      99.80 r
  library setup time                                     -0.61      99.19
  data required time                                                99.19
  --------------------------------------------------------------------------
  data required time                                                99.19
  data arrival time                                                -38.04
  --------------------------------------------------------------------------
  slack (MET)                                                       61.15


  Startpoint: SE (input port clocked by SCAN_CLK)
  Endpoint: u_RegFile/mem_reg[4][7]
            (rising edge-triggered flip-flop clocked by SCAN_CLK)
  Path Group: SCAN_CLK
  Path Type: max

  Des/Clust/Port     Wire Load Model       Library
  ------------------------------------------------
  SYS_TOP            tsmc13_wl30           scmetro_tsmc_cl013g_rvt_ss_1p08v_125c

  Point                                                   Incr       Path
  --------------------------------------------------------------------------
  clock SCAN_CLK (rise edge)                              0.00       0.00
  clock network delay (ideal)                             0.00       0.00
  input external delay                                   20.00      20.00 r
  SE (in)                                                 0.66      20.66 r
  U96/Y (DLY1X1M)                                         0.89      21.54 r
  U121/Y (DLY1X1M)                                        0.89      22.43 r
  U117/Y (INVXLM)                                         0.55      22.98 f
  U84/Y (DLY1X1M)                                         0.83      23.81 f
  U118/Y (INVXLM)                                         0.62      24.43 r
  U116/Y (DLY1X1M)                                        0.88      25.31 r
  U74/Y (INVXLM)                                          0.55      25.85 f
  U72/Y (DLY1X1M)                                         0.83      26.68 f
  U73/Y (INVXLM)                                          0.62      27.30 r
  U70/Y (INVXLM)                                          0.48      27.78 f
  U71/Y (INVXLM)                                          0.58      28.36 r
  U69/Y (DLY1X1M)                                         0.89      29.25 r
  U68/Y (DLY1X1M)                                         0.88      30.12 r
  U66/Y (DLY1X1M)                                         0.88      31.00 r
  U115/Y (DLY1X1M)                                        0.88      31.88 r
  u_RegFile/test_se (RegisterFile_DATA_WIDTH8_DATA_DEPTH16_ADDR_WIDTH4_test_1)
                                                          0.00      31.88 r
  u_RegFile/U629/Y (DLY1X1M)                              0.88      32.75 r
  u_RegFile/U566/Y (DLY1X1M)                              0.88      33.63 r
  u_RegFile/U697/Y (DLY1X1M)                              0.88      34.51 r
  u_RegFile/U584/Y (DLY1X1M)                              0.88      35.38 r
  u_RegFile/U685/Y (DLY1X1M)                              0.88      36.26 r
  u_RegFile/U637/Y (DLY1X1M)                              0.89      37.14 r
  u_RegFile/U608/Y (DLY1X1M)                              0.90      38.04 r
  u_RegFile/mem_reg[4][7]/SE (SDFFRQX2M)                  0.00      38.04 r
  data arrival time                                                 38.04

  clock SCAN_CLK (rise edge)                            100.00     100.00
  clock network delay (ideal)                             0.00     100.00
  clock uncertainty                                      -0.20      99.80
  u_RegFile/mem_reg[4][7]/CK (SDFFRQX2M)                  0.00      99.80 r
  library setup time                                     -0.61      99.19
  data required time                                                99.19
  --------------------------------------------------------------------------
  data required time                                                99.19
  data arrival time                                                -38.04
  --------------------------------------------------------------------------
  slack (MET)                                                       61.15


  Startpoint: SE (input port clocked by SCAN_CLK)
  Endpoint: u_RegFile/mem_reg[4][2]
            (rising edge-triggered flip-flop clocked by SCAN_CLK)
  Path Group: SCAN_CLK
  Path Type: max

  Des/Clust/Port     Wire Load Model       Library
  ------------------------------------------------
  SYS_TOP            tsmc13_wl30           scmetro_tsmc_cl013g_rvt_ss_1p08v_125c

  Point                                                   Incr       Path
  --------------------------------------------------------------------------
  clock SCAN_CLK (rise edge)                              0.00       0.00
  clock network delay (ideal)                             0.00       0.00
  input external delay                                   20.00      20.00 r
  SE (in)                                                 0.66      20.66 r
  U96/Y (DLY1X1M)                                         0.89      21.54 r
  U121/Y (DLY1X1M)                                        0.89      22.43 r
  U117/Y (INVXLM)                                         0.55      22.98 f
  U84/Y (DLY1X1M)                                         0.83      23.81 f
  U118/Y (INVXLM)                                         0.62      24.43 r
  U116/Y (DLY1X1M)                                        0.88      25.31 r
  U74/Y (INVXLM)                                          0.55      25.85 f
  U72/Y (DLY1X1M)                                         0.83      26.68 f
  U73/Y (INVXLM)                                          0.62      27.30 r
  U70/Y (INVXLM)                                          0.48      27.78 f
  U71/Y (INVXLM)                                          0.58      28.36 r
  U69/Y (DLY1X1M)                                         0.89      29.25 r
  U68/Y (DLY1X1M)                                         0.88      30.12 r
  U66/Y (DLY1X1M)                                         0.88      31.00 r
  U115/Y (DLY1X1M)                                        0.88      31.88 r
  u_RegFile/test_se (RegisterFile_DATA_WIDTH8_DATA_DEPTH16_ADDR_WIDTH4_test_1)
                                                          0.00      31.88 r
  u_RegFile/U630/Y (DLY1X1M)                              0.88      32.75 r
  u_RegFile/U567/Y (DLY1X1M)                              0.88      33.63 r
  u_RegFile/U698/Y (DLY1X1M)                              0.88      34.51 r
  u_RegFile/U585/Y (DLY1X1M)                              0.88      35.38 r
  u_RegFile/U679/Y (DLY1X1M)                              0.88      36.26 r
  u_RegFile/U652/Y (DLY1X1M)                              0.89      37.14 r
  u_RegFile/U613/Y (DLY1X1M)                              0.90      38.04 r
  u_RegFile/mem_reg[4][2]/SE (SDFFRQX2M)                  0.00      38.04 r
  data arrival time                                                 38.04

  clock SCAN_CLK (rise edge)                            100.00     100.00
  clock network delay (ideal)                             0.00     100.00
  clock uncertainty                                      -0.20      99.80
  u_RegFile/mem_reg[4][2]/CK (SDFFRQX2M)                  0.00      99.80 r
  library setup time                                     -0.61      99.19
  data required time                                                99.19
  --------------------------------------------------------------------------
  data required time                                                99.19
  data arrival time                                                -38.04
  --------------------------------------------------------------------------
  slack (MET)                                                       61.15


  Startpoint: SE (input port clocked by SCAN_CLK)
  Endpoint: u_RegFile/mem_reg[8][6]
            (rising edge-triggered flip-flop clocked by SCAN_CLK)
  Path Group: SCAN_CLK
  Path Type: max

  Des/Clust/Port     Wire Load Model       Library
  ------------------------------------------------
  SYS_TOP            tsmc13_wl30           scmetro_tsmc_cl013g_rvt_ss_1p08v_125c

  Point                                                   Incr       Path
  --------------------------------------------------------------------------
  clock SCAN_CLK (rise edge)                              0.00       0.00
  clock network delay (ideal)                             0.00       0.00
  input external delay                                   20.00      20.00 r
  SE (in)                                                 0.66      20.66 r
  U96/Y (DLY1X1M)                                         0.89      21.54 r
  U121/Y (DLY1X1M)                                        0.89      22.43 r
  U117/Y (INVXLM)                                         0.55      22.98 f
  U84/Y (DLY1X1M)                                         0.83      23.81 f
  U118/Y (INVXLM)                                         0.62      24.43 r
  U116/Y (DLY1X1M)                                        0.88      25.31 r
  U74/Y (INVXLM)                                          0.55      25.85 f
  U72/Y (DLY1X1M)                                         0.83      26.68 f
  U73/Y (INVXLM)                                          0.62      27.30 r
  U70/Y (INVXLM)                                          0.48      27.78 f
  U71/Y (INVXLM)                                          0.58      28.36 r
  U69/Y (DLY1X1M)                                         0.89      29.25 r
  U68/Y (DLY1X1M)                                         0.88      30.12 r
  U66/Y (DLY1X1M)                                         0.88      31.00 r
  U115/Y (DLY1X1M)                                        0.88      31.88 r
  u_RegFile/test_se (RegisterFile_DATA_WIDTH8_DATA_DEPTH16_ADDR_WIDTH4_test_1)
                                                          0.00      31.88 r
  u_RegFile/U630/Y (DLY1X1M)                              0.88      32.75 r
  u_RegFile/U696/Y (DLY1X1M)                              0.88      33.63 r
  u_RegFile/U583/Y (DLY1X1M)                              0.88      34.51 r
  u_RegFile/U680/Y (DLY1X1M)                              0.88      35.38 r
  u_RegFile/U569/Y (DLY1X1M)                              0.88      36.26 r
  u_RegFile/U656/Y (DLY1X1M)                              0.89      37.14 r
  u_RegFile/U595/Y (DLY1X1M)                              0.90      38.04 r
  u_RegFile/mem_reg[8][6]/SE (SDFFRQX2M)                  0.00      38.04 r
  data arrival time                                                 38.04

  clock SCAN_CLK (rise edge)                            100.00     100.00
  clock network delay (ideal)                             0.00     100.00
  clock uncertainty                                      -0.20      99.80
  u_RegFile/mem_reg[8][6]/CK (SDFFRQX2M)                  0.00      99.80 r
  library setup time                                     -0.61      99.19
  data required time                                                99.19
  --------------------------------------------------------------------------
  data required time                                                99.19
  data arrival time                                                -38.04
  --------------------------------------------------------------------------
  slack (MET)                                                       61.15


  Startpoint: SE (input port clocked by SCAN_CLK)
  Endpoint: u_RegFile/mem_reg[8][0]
            (rising edge-triggered flip-flop clocked by SCAN_CLK)
  Path Group: SCAN_CLK
  Path Type: max

  Des/Clust/Port     Wire Load Model       Library
  ------------------------------------------------
  SYS_TOP            tsmc13_wl30           scmetro_tsmc_cl013g_rvt_ss_1p08v_125c

  Point                                                   Incr       Path
  --------------------------------------------------------------------------
  clock SCAN_CLK (rise edge)                              0.00       0.00
  clock network delay (ideal)                             0.00       0.00
  input external delay                                   20.00      20.00 r
  SE (in)                                                 0.66      20.66 r
  U96/Y (DLY1X1M)                                         0.89      21.54 r
  U121/Y (DLY1X1M)                                        0.89      22.43 r
  U117/Y (INVXLM)                                         0.55      22.98 f
  U84/Y (DLY1X1M)                                         0.83      23.81 f
  U118/Y (INVXLM)                                         0.62      24.43 r
  U116/Y (DLY1X1M)                                        0.88      25.31 r
  U74/Y (INVXLM)                                          0.55      25.85 f
  U72/Y (DLY1X1M)                                         0.83      26.68 f
  U73/Y (INVXLM)                                          0.62      27.30 r
  U70/Y (INVXLM)                                          0.48      27.78 f
  U71/Y (INVXLM)                                          0.58      28.36 r
  U69/Y (DLY1X1M)                                         0.89      29.25 r
  U68/Y (DLY1X1M)                                         0.88      30.12 r
  U66/Y (DLY1X1M)                                         0.88      31.00 r
  U115/Y (DLY1X1M)                                        0.88      31.88 r
  u_RegFile/test_se (RegisterFile_DATA_WIDTH8_DATA_DEPTH16_ADDR_WIDTH4_test_1)
                                                          0.00      31.88 r
  u_RegFile/U630/Y (DLY1X1M)                              0.88      32.75 r
  u_RegFile/U567/Y (DLY1X1M)                              0.88      33.63 r
  u_RegFile/U698/Y (DLY1X1M)                              0.88      34.51 r
  u_RegFile/U687/Y (DLY1X1M)                              0.88      35.38 r
  u_RegFile/U574/Y (DLY1X1M)                              0.88      36.26 r
  u_RegFile/U669/Y (DLY1X1M)                              0.89      37.14 r
  u_RegFile/U602/Y (DLY1X1M)                              0.90      38.04 r
  u_RegFile/mem_reg[8][0]/SE (SDFFRQX2M)                  0.00      38.04 r
  data arrival time                                                 38.04

  clock SCAN_CLK (rise edge)                            100.00     100.00
  clock network delay (ideal)                             0.00     100.00
  clock uncertainty                                      -0.20      99.80
  u_RegFile/mem_reg[8][0]/CK (SDFFRQX2M)                  0.00      99.80 r
  library setup time                                     -0.61      99.19
  data required time                                                99.19
  --------------------------------------------------------------------------
  data required time                                                99.19
  data arrival time                                                -38.04
  --------------------------------------------------------------------------
  slack (MET)                                                       61.15


  Startpoint: SE (input port clocked by SCAN_CLK)
  Endpoint: u_RegFile/mem_reg[10][7]
            (rising edge-triggered flip-flop clocked by SCAN_CLK)
  Path Group: SCAN_CLK
  Path Type: max

  Des/Clust/Port     Wire Load Model       Library
  ------------------------------------------------
  SYS_TOP            tsmc13_wl30           scmetro_tsmc_cl013g_rvt_ss_1p08v_125c

  Point                                                   Incr       Path
  --------------------------------------------------------------------------
  clock SCAN_CLK (rise edge)                              0.00       0.00
  clock network delay (ideal)                             0.00       0.00
  input external delay                                   20.00      20.00 r
  SE (in)                                                 0.66      20.66 r
  U96/Y (DLY1X1M)                                         0.89      21.54 r
  U121/Y (DLY1X1M)                                        0.89      22.43 r
  U117/Y (INVXLM)                                         0.55      22.98 f
  U84/Y (DLY1X1M)                                         0.83      23.81 f
  U118/Y (INVXLM)                                         0.62      24.43 r
  U116/Y (DLY1X1M)                                        0.88      25.31 r
  U74/Y (INVXLM)                                          0.55      25.85 f
  U72/Y (DLY1X1M)                                         0.83      26.68 f
  U73/Y (INVXLM)                                          0.62      27.30 r
  U70/Y (INVXLM)                                          0.48      27.78 f
  U71/Y (INVXLM)                                          0.58      28.36 r
  U69/Y (DLY1X1M)                                         0.89      29.25 r
  U68/Y (DLY1X1M)                                         0.88      30.12 r
  U66/Y (DLY1X1M)                                         0.88      31.00 r
  U115/Y (DLY1X1M)                                        0.88      31.88 r
  u_RegFile/test_se (RegisterFile_DATA_WIDTH8_DATA_DEPTH16_ADDR_WIDTH4_test_1)
                                                          0.00      31.88 r
  u_RegFile/U629/Y (DLY1X1M)                              0.88      32.75 r
  u_RegFile/U695/Y (DLY1X1M)                              0.88      33.63 r
  u_RegFile/U582/Y (DLY1X1M)                              0.88      34.51 r
  u_RegFile/U683/Y (DLY1X1M)                              0.88      35.38 r
  u_RegFile/U571/Y (DLY1X1M)                              0.88      36.26 r
  u_RegFile/U666/Y (DLY1X1M)                              0.89      37.14 r
  u_RegFile/U601/Y (DLY1X1M)                              0.90      38.04 r
  u_RegFile/mem_reg[10][7]/SE (SDFFRQX2M)                 0.00      38.04 r
  data arrival time                                                 38.04

  clock SCAN_CLK (rise edge)                            100.00     100.00
  clock network delay (ideal)                             0.00     100.00
  clock uncertainty                                      -0.20      99.80
  u_RegFile/mem_reg[10][7]/CK (SDFFRQX2M)                 0.00      99.80 r
  library setup time                                     -0.61      99.19
  data required time                                                99.19
  --------------------------------------------------------------------------
  data required time                                                99.19
  data arrival time                                                -38.04
  --------------------------------------------------------------------------
  slack (MET)                                                       61.15


  Startpoint: SE (input port clocked by SCAN_CLK)
  Endpoint: u_RegFile/mem_reg[14][6]
            (rising edge-triggered flip-flop clocked by SCAN_CLK)
  Path Group: SCAN_CLK
  Path Type: max

  Des/Clust/Port     Wire Load Model       Library
  ------------------------------------------------
  SYS_TOP            tsmc13_wl30           scmetro_tsmc_cl013g_rvt_ss_1p08v_125c

  Point                                                   Incr       Path
  --------------------------------------------------------------------------
  clock SCAN_CLK (rise edge)                              0.00       0.00
  clock network delay (ideal)                             0.00       0.00
  input external delay                                   20.00      20.00 r
  SE (in)                                                 0.66      20.66 r
  U96/Y (DLY1X1M)                                         0.89      21.54 r
  U121/Y (DLY1X1M)                                        0.89      22.43 r
  U117/Y (INVXLM)                                         0.55      22.98 f
  U84/Y (DLY1X1M)                                         0.83      23.81 f
  U118/Y (INVXLM)                                         0.62      24.43 r
  U116/Y (DLY1X1M)                                        0.88      25.31 r
  U74/Y (INVXLM)                                          0.55      25.85 f
  U72/Y (DLY1X1M)                                         0.83      26.68 f
  U73/Y (INVXLM)                                          0.62      27.30 r
  U70/Y (INVXLM)                                          0.48      27.78 f
  U71/Y (INVXLM)                                          0.58      28.36 r
  U69/Y (DLY1X1M)                                         0.89      29.25 r
  U68/Y (DLY1X1M)                                         0.88      30.12 r
  U66/Y (DLY1X1M)                                         0.88      31.00 r
  U115/Y (DLY1X1M)                                        0.88      31.88 r
  u_RegFile/test_se (RegisterFile_DATA_WIDTH8_DATA_DEPTH16_ADDR_WIDTH4_test_1)
                                                          0.00      31.88 r
  u_RegFile/U630/Y (DLY1X1M)                              0.88      32.75 r
  u_RegFile/U567/Y (DLY1X1M)                              0.88      33.63 r
  u_RegFile/U698/Y (DLY1X1M)                              0.88      34.51 r
  u_RegFile/U585/Y (DLY1X1M)                              0.88      35.38 r
  u_RegFile/U682/Y (DLY1X1M)                              0.88      36.26 r
  u_RegFile/U634/Y (DLY1X1M)                              0.89      37.14 r
  u_RegFile/U607/Y (DLY1X1M)                              0.90      38.04 r
  u_RegFile/mem_reg[14][6]/SE (SDFFRQX2M)                 0.00      38.04 r
  data arrival time                                                 38.04

  clock SCAN_CLK (rise edge)                            100.00     100.00
  clock network delay (ideal)                             0.00     100.00
  clock uncertainty                                      -0.20      99.80
  u_RegFile/mem_reg[14][6]/CK (SDFFRQX2M)                 0.00      99.80 r
  library setup time                                     -0.61      99.19
  data required time                                                99.19
  --------------------------------------------------------------------------
  data required time                                                99.19
  data arrival time                                                -38.04
  --------------------------------------------------------------------------
  slack (MET)                                                       61.15


  Startpoint: SE (input port clocked by SCAN_CLK)
  Endpoint: u_RegFile/mem_reg[14][1]
            (rising edge-triggered flip-flop clocked by SCAN_CLK)
  Path Group: SCAN_CLK
  Path Type: max

  Des/Clust/Port     Wire Load Model       Library
  ------------------------------------------------
  SYS_TOP            tsmc13_wl30           scmetro_tsmc_cl013g_rvt_ss_1p08v_125c

  Point                                                   Incr       Path
  --------------------------------------------------------------------------
  clock SCAN_CLK (rise edge)                              0.00       0.00
  clock network delay (ideal)                             0.00       0.00
  input external delay                                   20.00      20.00 r
  SE (in)                                                 0.66      20.66 r
  U96/Y (DLY1X1M)                                         0.89      21.54 r
  U121/Y (DLY1X1M)                                        0.89      22.43 r
  U117/Y (INVXLM)                                         0.55      22.98 f
  U84/Y (DLY1X1M)                                         0.83      23.81 f
  U118/Y (INVXLM)                                         0.62      24.43 r
  U116/Y (DLY1X1M)                                        0.88      25.31 r
  U74/Y (INVXLM)                                          0.55      25.85 f
  U72/Y (DLY1X1M)                                         0.83      26.68 f
  U73/Y (INVXLM)                                          0.62      27.30 r
  U70/Y (INVXLM)                                          0.48      27.78 f
  U71/Y (INVXLM)                                          0.58      28.36 r
  U69/Y (DLY1X1M)                                         0.89      29.25 r
  U68/Y (DLY1X1M)                                         0.88      30.12 r
  U66/Y (DLY1X1M)                                         0.88      31.00 r
  U115/Y (DLY1X1M)                                        0.88      31.88 r
  u_RegFile/test_se (RegisterFile_DATA_WIDTH8_DATA_DEPTH16_ADDR_WIDTH4_test_1)
                                                          0.00      31.88 r
  u_RegFile/U629/Y (DLY1X1M)                              0.88      32.75 r
  u_RegFile/U566/Y (DLY1X1M)                              0.88      33.63 r
  u_RegFile/U697/Y (DLY1X1M)                              0.88      34.51 r
  u_RegFile/U693/Y (DLY1X1M)                              0.88      35.38 r
  u_RegFile/U580/Y (DLY1X1M)                              0.88      36.26 r
  u_RegFile/U676/Y (DLY1X1M)                              0.89      37.14 r
  u_RegFile/U623/Y (DLY1X1M)                              0.90      38.04 r
  u_RegFile/mem_reg[14][1]/SE (SDFFRQX2M)                 0.00      38.04 r
  data arrival time                                                 38.04

  clock SCAN_CLK (rise edge)                            100.00     100.00
  clock network delay (ideal)                             0.00     100.00
  clock uncertainty                                      -0.20      99.80
  u_RegFile/mem_reg[14][1]/CK (SDFFRQX2M)                 0.00      99.80 r
  library setup time                                     -0.61      99.19
  data required time                                                99.19
  --------------------------------------------------------------------------
  data required time                                                99.19
  data arrival time                                                -38.04
  --------------------------------------------------------------------------
  slack (MET)                                                       61.15


  Startpoint: SE (input port clocked by SCAN_CLK)
  Endpoint: u_RegFile/mem_reg[0][6]
            (rising edge-triggered flip-flop clocked by SCAN_CLK)
  Path Group: SCAN_CLK
  Path Type: max

  Des/Clust/Port     Wire Load Model       Library
  ------------------------------------------------
  SYS_TOP            tsmc13_wl30           scmetro_tsmc_cl013g_rvt_ss_1p08v_125c

  Point                                                   Incr       Path
  --------------------------------------------------------------------------
  clock SCAN_CLK (rise edge)                              0.00       0.00
  clock network delay (ideal)                             0.00       0.00
  input external delay                                   20.00      20.00 r
  SE (in)                                                 0.66      20.66 r
  U96/Y (DLY1X1M)                                         0.89      21.54 r
  U121/Y (DLY1X1M)                                        0.89      22.43 r
  U117/Y (INVXLM)                                         0.55      22.98 f
  U84/Y (DLY1X1M)                                         0.83      23.81 f
  U118/Y (INVXLM)                                         0.62      24.43 r
  U116/Y (DLY1X1M)                                        0.88      25.31 r
  U74/Y (INVXLM)                                          0.55      25.85 f
  U72/Y (DLY1X1M)                                         0.83      26.68 f
  U73/Y (INVXLM)                                          0.62      27.30 r
  U70/Y (INVXLM)                                          0.48      27.78 f
  U71/Y (INVXLM)                                          0.58      28.36 r
  U69/Y (DLY1X1M)                                         0.89      29.25 r
  U68/Y (DLY1X1M)                                         0.88      30.12 r
  U66/Y (DLY1X1M)                                         0.88      31.00 r
  U115/Y (DLY1X1M)                                        0.88      31.88 r
  u_RegFile/test_se (RegisterFile_DATA_WIDTH8_DATA_DEPTH16_ADDR_WIDTH4_test_1)
                                                          0.00      31.88 r
  u_RegFile/U629/Y (DLY1X1M)                              0.88      32.75 r
  u_RegFile/U566/Y (DLY1X1M)                              0.88      33.63 r
  u_RegFile/U697/Y (DLY1X1M)                              0.88      34.51 r
  u_RegFile/U584/Y (DLY1X1M)                              0.88      35.38 r
  u_RegFile/U692/Y (DLY1X1M)                              0.88      36.26 r
  u_RegFile/U661/Y (DLY1X1M)                              0.89      37.14 r
  u_RegFile/U616/Y (DLY1X1M)                              0.90      38.04 r
  u_RegFile/mem_reg[0][6]/SE (SDFFRQX2M)                  0.00      38.04 r
  data arrival time                                                 38.04

  clock SCAN_CLK (rise edge)                            100.00     100.00
  clock network delay (ideal)                             0.00     100.00
  clock uncertainty                                      -0.20      99.80
  u_RegFile/mem_reg[0][6]/CK (SDFFRQX2M)                  0.00      99.80 r
  library setup time                                     -0.61      99.19
  data required time                                                99.19
  --------------------------------------------------------------------------
  data required time                                                99.19
  data arrival time                                                -38.04
  --------------------------------------------------------------------------
  slack (MET)                                                       61.15


  Startpoint: SE (input port clocked by SCAN_CLK)
  Endpoint: u_RegFile/mem_reg[3][7]
            (rising edge-triggered flip-flop clocked by SCAN_CLK)
  Path Group: SCAN_CLK
  Path Type: max

  Des/Clust/Port     Wire Load Model       Library
  ------------------------------------------------
  SYS_TOP            tsmc13_wl30           scmetro_tsmc_cl013g_rvt_ss_1p08v_125c

  Point                                                   Incr       Path
  --------------------------------------------------------------------------
  clock SCAN_CLK (rise edge)                              0.00       0.00
  clock network delay (ideal)                             0.00       0.00
  input external delay                                   20.00      20.00 r
  SE (in)                                                 0.66      20.66 r
  U96/Y (DLY1X1M)                                         0.89      21.54 r
  U121/Y (DLY1X1M)                                        0.89      22.43 r
  U117/Y (INVXLM)                                         0.55      22.98 f
  U84/Y (DLY1X1M)                                         0.83      23.81 f
  U118/Y (INVXLM)                                         0.62      24.43 r
  U116/Y (DLY1X1M)                                        0.88      25.31 r
  U74/Y (INVXLM)                                          0.55      25.85 f
  U72/Y (DLY1X1M)                                         0.83      26.68 f
  U73/Y (INVXLM)                                          0.62      27.30 r
  U70/Y (INVXLM)                                          0.48      27.78 f
  U71/Y (INVXLM)                                          0.58      28.36 r
  U69/Y (DLY1X1M)                                         0.89      29.25 r
  U68/Y (DLY1X1M)                                         0.88      30.12 r
  U66/Y (DLY1X1M)                                         0.88      31.00 r
  U115/Y (DLY1X1M)                                        0.88      31.88 r
  u_RegFile/test_se (RegisterFile_DATA_WIDTH8_DATA_DEPTH16_ADDR_WIDTH4_test_1)
                                                          0.00      31.88 r
  u_RegFile/U630/Y (DLY1X1M)                              0.88      32.75 r
  u_RegFile/U696/Y (DLY1X1M)                              0.88      33.63 r
  u_RegFile/U583/Y (DLY1X1M)                              0.88      34.51 r
  u_RegFile/U680/Y (DLY1X1M)                              0.88      35.38 r
  u_RegFile/U569/Y (DLY1X1M)                              0.88      36.26 r
  u_RegFile/U656/Y (DLY1X1M)                              0.89      37.14 r
  u_RegFile/U595/Y (DLY1X1M)                              0.90      38.04 r
  u_RegFile/mem_reg[3][7]/SE (SDFFRQX2M)                  0.00      38.04 r
  data arrival time                                                 38.04

  clock SCAN_CLK (rise edge)                            100.00     100.00
  clock network delay (ideal)                             0.00     100.00
  clock uncertainty                                      -0.20      99.80
  u_RegFile/mem_reg[3][7]/CK (SDFFRQX2M)                  0.00      99.80 r
  library setup time                                     -0.61      99.19
  data required time                                                99.19
  --------------------------------------------------------------------------
  data required time                                                99.19
  data arrival time                                                -38.04
  --------------------------------------------------------------------------
  slack (MET)                                                       61.15


  Startpoint: SE (input port clocked by SCAN_CLK)
  Endpoint: u_RegFile/mem_reg[3][4]
            (rising edge-triggered flip-flop clocked by SCAN_CLK)
  Path Group: SCAN_CLK
  Path Type: max

  Des/Clust/Port     Wire Load Model       Library
  ------------------------------------------------
  SYS_TOP            tsmc13_wl30           scmetro_tsmc_cl013g_rvt_ss_1p08v_125c

  Point                                                   Incr       Path
  --------------------------------------------------------------------------
  clock SCAN_CLK (rise edge)                              0.00       0.00
  clock network delay (ideal)                             0.00       0.00
  input external delay                                   20.00      20.00 r
  SE (in)                                                 0.66      20.66 r
  U96/Y (DLY1X1M)                                         0.89      21.54 r
  U121/Y (DLY1X1M)                                        0.89      22.43 r
  U117/Y (INVXLM)                                         0.55      22.98 f
  U84/Y (DLY1X1M)                                         0.83      23.81 f
  U118/Y (INVXLM)                                         0.62      24.43 r
  U116/Y (DLY1X1M)                                        0.88      25.31 r
  U74/Y (INVXLM)                                          0.55      25.85 f
  U72/Y (DLY1X1M)                                         0.83      26.68 f
  U73/Y (INVXLM)                                          0.62      27.30 r
  U70/Y (INVXLM)                                          0.48      27.78 f
  U71/Y (INVXLM)                                          0.58      28.36 r
  U69/Y (DLY1X1M)                                         0.89      29.25 r
  U68/Y (DLY1X1M)                                         0.88      30.12 r
  U66/Y (DLY1X1M)                                         0.88      31.00 r
  U115/Y (DLY1X1M)                                        0.88      31.88 r
  u_RegFile/test_se (RegisterFile_DATA_WIDTH8_DATA_DEPTH16_ADDR_WIDTH4_test_1)
                                                          0.00      31.88 r
  u_RegFile/U630/Y (DLY1X1M)                              0.88      32.75 r
  u_RegFile/U567/Y (DLY1X1M)                              0.88      33.63 r
  u_RegFile/U698/Y (DLY1X1M)                              0.88      34.51 r
  u_RegFile/U687/Y (DLY1X1M)                              0.88      35.38 r
  u_RegFile/U574/Y (DLY1X1M)                              0.88      36.26 r
  u_RegFile/U669/Y (DLY1X1M)                              0.89      37.14 r
  u_RegFile/U602/Y (DLY1X1M)                              0.90      38.04 r
  u_RegFile/mem_reg[3][4]/SE (SDFFRQX2M)                  0.00      38.04 r
  data arrival time                                                 38.04

  clock SCAN_CLK (rise edge)                            100.00     100.00
  clock network delay (ideal)                             0.00     100.00
  clock uncertainty                                      -0.20      99.80
  u_RegFile/mem_reg[3][4]/CK (SDFFRQX2M)                  0.00      99.80 r
  library setup time                                     -0.61      99.19
  data required time                                                99.19
  --------------------------------------------------------------------------
  data required time                                                99.19
  data arrival time                                                -38.04
  --------------------------------------------------------------------------
  slack (MET)                                                       61.15


  Startpoint: SE (input port clocked by SCAN_CLK)
  Endpoint: u_RegFile/mem_reg[3][3]
            (rising edge-triggered flip-flop clocked by SCAN_CLK)
  Path Group: SCAN_CLK
  Path Type: max

  Des/Clust/Port     Wire Load Model       Library
  ------------------------------------------------
  SYS_TOP            tsmc13_wl30           scmetro_tsmc_cl013g_rvt_ss_1p08v_125c

  Point                                                   Incr       Path
  --------------------------------------------------------------------------
  clock SCAN_CLK (rise edge)                              0.00       0.00
  clock network delay (ideal)                             0.00       0.00
  input external delay                                   20.00      20.00 r
  SE (in)                                                 0.66      20.66 r
  U96/Y (DLY1X1M)                                         0.89      21.54 r
  U121/Y (DLY1X1M)                                        0.89      22.43 r
  U117/Y (INVXLM)                                         0.55      22.98 f
  U84/Y (DLY1X1M)                                         0.83      23.81 f
  U118/Y (INVXLM)                                         0.62      24.43 r
  U116/Y (DLY1X1M)                                        0.88      25.31 r
  U74/Y (INVXLM)                                          0.55      25.85 f
  U72/Y (DLY1X1M)                                         0.83      26.68 f
  U73/Y (INVXLM)                                          0.62      27.30 r
  U70/Y (INVXLM)                                          0.48      27.78 f
  U71/Y (INVXLM)                                          0.58      28.36 r
  U69/Y (DLY1X1M)                                         0.89      29.25 r
  U68/Y (DLY1X1M)                                         0.88      30.12 r
  U66/Y (DLY1X1M)                                         0.88      31.00 r
  U115/Y (DLY1X1M)                                        0.88      31.88 r
  u_RegFile/test_se (RegisterFile_DATA_WIDTH8_DATA_DEPTH16_ADDR_WIDTH4_test_1)
                                                          0.00      31.88 r
  u_RegFile/U629/Y (DLY1X1M)                              0.88      32.75 r
  u_RegFile/U695/Y (DLY1X1M)                              0.88      33.63 r
  u_RegFile/U582/Y (DLY1X1M)                              0.88      34.51 r
  u_RegFile/U683/Y (DLY1X1M)                              0.88      35.38 r
  u_RegFile/U571/Y (DLY1X1M)                              0.88      36.26 r
  u_RegFile/U666/Y (DLY1X1M)                              0.89      37.14 r
  u_RegFile/U601/Y (DLY1X1M)                              0.90      38.04 r
  u_RegFile/mem_reg[3][3]/SE (SDFFRQX2M)                  0.00      38.04 r
  data arrival time                                                 38.04

  clock SCAN_CLK (rise edge)                            100.00     100.00
  clock network delay (ideal)                             0.00     100.00
  clock uncertainty                                      -0.20      99.80
  u_RegFile/mem_reg[3][3]/CK (SDFFRQX2M)                  0.00      99.80 r
  library setup time                                     -0.61      99.19
  data required time                                                99.19
  --------------------------------------------------------------------------
  data required time                                                99.19
  data arrival time                                                -38.04
  --------------------------------------------------------------------------
  slack (MET)                                                       61.15


  Startpoint: SE (input port clocked by SCAN_CLK)
  Endpoint: u_RegFile/mem_reg[3][1]
            (rising edge-triggered flip-flop clocked by SCAN_CLK)
  Path Group: SCAN_CLK
  Path Type: max

  Des/Clust/Port     Wire Load Model       Library
  ------------------------------------------------
  SYS_TOP            tsmc13_wl30           scmetro_tsmc_cl013g_rvt_ss_1p08v_125c

  Point                                                   Incr       Path
  --------------------------------------------------------------------------
  clock SCAN_CLK (rise edge)                              0.00       0.00
  clock network delay (ideal)                             0.00       0.00
  input external delay                                   20.00      20.00 r
  SE (in)                                                 0.66      20.66 r
  U96/Y (DLY1X1M)                                         0.89      21.54 r
  U121/Y (DLY1X1M)                                        0.89      22.43 r
  U117/Y (INVXLM)                                         0.55      22.98 f
  U84/Y (DLY1X1M)                                         0.83      23.81 f
  U118/Y (INVXLM)                                         0.62      24.43 r
  U116/Y (DLY1X1M)                                        0.88      25.31 r
  U74/Y (INVXLM)                                          0.55      25.85 f
  U72/Y (DLY1X1M)                                         0.83      26.68 f
  U73/Y (INVXLM)                                          0.62      27.30 r
  U70/Y (INVXLM)                                          0.48      27.78 f
  U71/Y (INVXLM)                                          0.58      28.36 r
  U69/Y (DLY1X1M)                                         0.89      29.25 r
  U68/Y (DLY1X1M)                                         0.88      30.12 r
  U66/Y (DLY1X1M)                                         0.88      31.00 r
  U115/Y (DLY1X1M)                                        0.88      31.88 r
  u_RegFile/test_se (RegisterFile_DATA_WIDTH8_DATA_DEPTH16_ADDR_WIDTH4_test_1)
                                                          0.00      31.88 r
  u_RegFile/U629/Y (DLY1X1M)                              0.88      32.75 r
  u_RegFile/U695/Y (DLY1X1M)                              0.88      33.63 r
  u_RegFile/U582/Y (DLY1X1M)                              0.88      34.51 r
  u_RegFile/U691/Y (DLY1X1M)                              0.88      35.38 r
  u_RegFile/U578/Y (DLY1X1M)                              0.88      36.26 r
  u_RegFile/U659/Y (DLY1X1M)                              0.89      37.14 r
  u_RegFile/U597/Y (DLY1X1M)                              0.90      38.04 r
  u_RegFile/mem_reg[3][1]/SE (SDFFRQX2M)                  0.00      38.04 r
  data arrival time                                                 38.04

  clock SCAN_CLK (rise edge)                            100.00     100.00
  clock network delay (ideal)                             0.00     100.00
  clock uncertainty                                      -0.20      99.80
  u_RegFile/mem_reg[3][1]/CK (SDFFRQX2M)                  0.00      99.80 r
  library setup time                                     -0.61      99.19
  data required time                                                99.19
  --------------------------------------------------------------------------
  data required time                                                99.19
  data arrival time                                                -38.04
  --------------------------------------------------------------------------
  slack (MET)                                                       61.15


  Startpoint: SE (input port clocked by SCAN_CLK)
  Endpoint: u_RegFile/mem_reg[2][7]
            (rising edge-triggered flip-flop clocked by SCAN_CLK)
  Path Group: SCAN_CLK
  Path Type: max

  Des/Clust/Port     Wire Load Model       Library
  ------------------------------------------------
  SYS_TOP            tsmc13_wl30           scmetro_tsmc_cl013g_rvt_ss_1p08v_125c

  Point                                                   Incr       Path
  --------------------------------------------------------------------------
  clock SCAN_CLK (rise edge)                              0.00       0.00
  clock network delay (ideal)                             0.00       0.00
  input external delay                                   20.00      20.00 r
  SE (in)                                                 0.66      20.66 r
  U96/Y (DLY1X1M)                                         0.89      21.54 r
  U121/Y (DLY1X1M)                                        0.89      22.43 r
  U117/Y (INVXLM)                                         0.55      22.98 f
  U84/Y (DLY1X1M)                                         0.83      23.81 f
  U118/Y (INVXLM)                                         0.62      24.43 r
  U116/Y (DLY1X1M)                                        0.88      25.31 r
  U74/Y (INVXLM)                                          0.55      25.85 f
  U72/Y (DLY1X1M)                                         0.83      26.68 f
  U73/Y (INVXLM)                                          0.62      27.30 r
  U70/Y (INVXLM)                                          0.48      27.78 f
  U71/Y (INVXLM)                                          0.58      28.36 r
  U69/Y (DLY1X1M)                                         0.89      29.25 r
  U68/Y (DLY1X1M)                                         0.88      30.12 r
  U66/Y (DLY1X1M)                                         0.88      31.00 r
  U115/Y (DLY1X1M)                                        0.88      31.88 r
  u_RegFile/test_se (RegisterFile_DATA_WIDTH8_DATA_DEPTH16_ADDR_WIDTH4_test_1)
                                                          0.00      31.88 r
  u_RegFile/U630/Y (DLY1X1M)                              0.88      32.75 r
  u_RegFile/U567/Y (DLY1X1M)                              0.88      33.63 r
  u_RegFile/U628/Y (DLY1X1M)                              0.88      34.51 r
  u_RegFile/U565/Y (DLY1X1M)                              0.88      35.38 r
  u_RegFile/U577/Y (DLY1X1M)                              0.88      36.26 r
  u_RegFile/U647/Y (DLY1X1M)                              0.89      37.14 r
  u_RegFile/U591/Y (DLY1X1M)                              0.90      38.04 r
  u_RegFile/mem_reg[2][7]/SE (SDFFRQX2M)                  0.00      38.04 r
  data arrival time                                                 38.04

  clock SCAN_CLK (rise edge)                            100.00     100.00
  clock network delay (ideal)                             0.00     100.00
  clock uncertainty                                      -0.20      99.80
  u_RegFile/mem_reg[2][7]/CK (SDFFRQX2M)                  0.00      99.80 r
  library setup time                                     -0.61      99.19
  data required time                                                99.19
  --------------------------------------------------------------------------
  data required time                                                99.19
  data arrival time                                                -38.04
  --------------------------------------------------------------------------
  slack (MET)                                                       61.15


  Startpoint: SE (input port clocked by SCAN_CLK)
  Endpoint: u_RegFile/mem_reg[2][6]
            (rising edge-triggered flip-flop clocked by SCAN_CLK)
  Path Group: SCAN_CLK
  Path Type: max

  Des/Clust/Port     Wire Load Model       Library
  ------------------------------------------------
  SYS_TOP            tsmc13_wl30           scmetro_tsmc_cl013g_rvt_ss_1p08v_125c

  Point                                                   Incr       Path
  --------------------------------------------------------------------------
  clock SCAN_CLK (rise edge)                              0.00       0.00
  clock network delay (ideal)                             0.00       0.00
  input external delay                                   20.00      20.00 r
  SE (in)                                                 0.66      20.66 r
  U96/Y (DLY1X1M)                                         0.89      21.54 r
  U121/Y (DLY1X1M)                                        0.89      22.43 r
  U117/Y (INVXLM)                                         0.55      22.98 f
  U84/Y (DLY1X1M)                                         0.83      23.81 f
  U118/Y (INVXLM)                                         0.62      24.43 r
  U116/Y (DLY1X1M)                                        0.88      25.31 r
  U74/Y (INVXLM)                                          0.55      25.85 f
  U72/Y (DLY1X1M)                                         0.83      26.68 f
  U73/Y (INVXLM)                                          0.62      27.30 r
  U70/Y (INVXLM)                                          0.48      27.78 f
  U71/Y (INVXLM)                                          0.58      28.36 r
  U69/Y (DLY1X1M)                                         0.89      29.25 r
  U68/Y (DLY1X1M)                                         0.88      30.12 r
  U66/Y (DLY1X1M)                                         0.88      31.00 r
  U115/Y (DLY1X1M)                                        0.88      31.88 r
  u_RegFile/test_se (RegisterFile_DATA_WIDTH8_DATA_DEPTH16_ADDR_WIDTH4_test_1)
                                                          0.00      31.88 r
  u_RegFile/U629/Y (DLY1X1M)                              0.88      32.75 r
  u_RegFile/U566/Y (DLY1X1M)                              0.88      33.63 r
  u_RegFile/U627/Y (DLY1X1M)                              0.88      34.51 r
  u_RegFile/U564/Y (DLY1X1M)                              0.88      35.38 r
  u_RegFile/U694/Y (DLY1X1M)                              0.88      36.26 r
  u_RegFile/U641/Y (DLY1X1M)                              0.89      37.14 r
  u_RegFile/U589/Y (DLY1X1M)                              0.90      38.04 r
  u_RegFile/mem_reg[2][6]/SE (SDFFRQX2M)                  0.00      38.04 r
  data arrival time                                                 38.04

  clock SCAN_CLK (rise edge)                            100.00     100.00
  clock network delay (ideal)                             0.00     100.00
  clock uncertainty                                      -0.20      99.80
  u_RegFile/mem_reg[2][6]/CK (SDFFRQX2M)                  0.00      99.80 r
  library setup time                                     -0.61      99.19
  data required time                                                99.19
  --------------------------------------------------------------------------
  data required time                                                99.19
  data arrival time                                                -38.04
  --------------------------------------------------------------------------
  slack (MET)                                                       61.15


  Startpoint: SE (input port clocked by SCAN_CLK)
  Endpoint: u_RegFile/mem_reg[2][3]
            (rising edge-triggered flip-flop clocked by SCAN_CLK)
  Path Group: SCAN_CLK
  Path Type: max

  Des/Clust/Port     Wire Load Model       Library
  ------------------------------------------------
  SYS_TOP            tsmc13_wl30           scmetro_tsmc_cl013g_rvt_ss_1p08v_125c

  Point                                                   Incr       Path
  --------------------------------------------------------------------------
  clock SCAN_CLK (rise edge)                              0.00       0.00
  clock network delay (ideal)                             0.00       0.00
  input external delay                                   20.00      20.00 r
  SE (in)                                                 0.66      20.66 r
  U96/Y (DLY1X1M)                                         0.89      21.54 r
  U121/Y (DLY1X1M)                                        0.89      22.43 r
  U117/Y (INVXLM)                                         0.55      22.98 f
  U84/Y (DLY1X1M)                                         0.83      23.81 f
  U118/Y (INVXLM)                                         0.62      24.43 r
  U116/Y (DLY1X1M)                                        0.88      25.31 r
  U74/Y (INVXLM)                                          0.55      25.85 f
  U72/Y (DLY1X1M)                                         0.83      26.68 f
  U73/Y (INVXLM)                                          0.62      27.30 r
  U70/Y (INVXLM)                                          0.48      27.78 f
  U71/Y (INVXLM)                                          0.58      28.36 r
  U69/Y (DLY1X1M)                                         0.89      29.25 r
  U68/Y (DLY1X1M)                                         0.88      30.12 r
  U66/Y (DLY1X1M)                                         0.88      31.00 r
  U115/Y (DLY1X1M)                                        0.88      31.88 r
  u_RegFile/test_se (RegisterFile_DATA_WIDTH8_DATA_DEPTH16_ADDR_WIDTH4_test_1)
                                                          0.00      31.88 r
  u_RegFile/U629/Y (DLY1X1M)                              0.88      32.75 r
  u_RegFile/U566/Y (DLY1X1M)                              0.88      33.63 r
  u_RegFile/U627/Y (DLY1X1M)                              0.88      34.51 r
  u_RegFile/U564/Y (DLY1X1M)                              0.88      35.38 r
  u_RegFile/U581/Y (DLY1X1M)                              0.88      36.26 r
  u_RegFile/U650/Y (DLY1X1M)                              0.89      37.14 r
  u_RegFile/U592/Y (DLY1X1M)                              0.90      38.04 r
  u_RegFile/mem_reg[2][3]/SE (SDFFRQX2M)                  0.00      38.04 r
  data arrival time                                                 38.04

  clock SCAN_CLK (rise edge)                            100.00     100.00
  clock network delay (ideal)                             0.00     100.00
  clock uncertainty                                      -0.20      99.80
  u_RegFile/mem_reg[2][3]/CK (SDFFRQX2M)                  0.00      99.80 r
  library setup time                                     -0.61      99.19
  data required time                                                99.19
  --------------------------------------------------------------------------
  data required time                                                99.19
  data arrival time                                                -38.04
  --------------------------------------------------------------------------
  slack (MET)                                                       61.15


  Startpoint: SE (input port clocked by SCAN_CLK)
  Endpoint: u_RegFile/mem_reg[2][2]
            (rising edge-triggered flip-flop clocked by SCAN_CLK)
  Path Group: SCAN_CLK
  Path Type: max

  Des/Clust/Port     Wire Load Model       Library
  ------------------------------------------------
  SYS_TOP            tsmc13_wl30           scmetro_tsmc_cl013g_rvt_ss_1p08v_125c

  Point                                                   Incr       Path
  --------------------------------------------------------------------------
  clock SCAN_CLK (rise edge)                              0.00       0.00
  clock network delay (ideal)                             0.00       0.00
  input external delay                                   20.00      20.00 r
  SE (in)                                                 0.66      20.66 r
  U96/Y (DLY1X1M)                                         0.89      21.54 r
  U121/Y (DLY1X1M)                                        0.89      22.43 r
  U117/Y (INVXLM)                                         0.55      22.98 f
  U84/Y (DLY1X1M)                                         0.83      23.81 f
  U118/Y (INVXLM)                                         0.62      24.43 r
  U116/Y (DLY1X1M)                                        0.88      25.31 r
  U74/Y (INVXLM)                                          0.55      25.85 f
  U72/Y (DLY1X1M)                                         0.83      26.68 f
  U73/Y (INVXLM)                                          0.62      27.30 r
  U70/Y (INVXLM)                                          0.48      27.78 f
  U71/Y (INVXLM)                                          0.58      28.36 r
  U69/Y (DLY1X1M)                                         0.89      29.25 r
  U68/Y (DLY1X1M)                                         0.88      30.12 r
  U66/Y (DLY1X1M)                                         0.88      31.00 r
  U115/Y (DLY1X1M)                                        0.88      31.88 r
  u_RegFile/test_se (RegisterFile_DATA_WIDTH8_DATA_DEPTH16_ADDR_WIDTH4_test_1)
                                                          0.00      31.88 r
  u_RegFile/U630/Y (DLY1X1M)                              0.88      32.75 r
  u_RegFile/U696/Y (DLY1X1M)                              0.88      33.63 r
  u_RegFile/U583/Y (DLY1X1M)                              0.88      34.51 r
  u_RegFile/U689/Y (DLY1X1M)                              0.88      35.38 r
  u_RegFile/U576/Y (DLY1X1M)                              0.88      36.26 r
  u_RegFile/U644/Y (DLY1X1M)                              0.89      37.14 r
  u_RegFile/U590/Y (DLY1X1M)                              0.90      38.04 r
  u_RegFile/mem_reg[2][2]/SE (SDFFRQX2M)                  0.00      38.04 r
  data arrival time                                                 38.04

  clock SCAN_CLK (rise edge)                            100.00     100.00
  clock network delay (ideal)                             0.00     100.00
  clock uncertainty                                      -0.20      99.80
  u_RegFile/mem_reg[2][2]/CK (SDFFRQX2M)                  0.00      99.80 r
  library setup time                                     -0.61      99.19
  data required time                                                99.19
  --------------------------------------------------------------------------
  data required time                                                99.19
  data arrival time                                                -38.04
  --------------------------------------------------------------------------
  slack (MET)                                                       61.15


  Startpoint: SE (input port clocked by SCAN_CLK)
  Endpoint: u_RegFile/mem_reg[1][5]
            (rising edge-triggered flip-flop clocked by SCAN_CLK)
  Path Group: SCAN_CLK
  Path Type: max

  Des/Clust/Port     Wire Load Model       Library
  ------------------------------------------------
  SYS_TOP            tsmc13_wl30           scmetro_tsmc_cl013g_rvt_ss_1p08v_125c

  Point                                                   Incr       Path
  --------------------------------------------------------------------------
  clock SCAN_CLK (rise edge)                              0.00       0.00
  clock network delay (ideal)                             0.00       0.00
  input external delay                                   20.00      20.00 r
  SE (in)                                                 0.66      20.66 r
  U96/Y (DLY1X1M)                                         0.89      21.54 r
  U121/Y (DLY1X1M)                                        0.89      22.43 r
  U117/Y (INVXLM)                                         0.55      22.98 f
  U84/Y (DLY1X1M)                                         0.83      23.81 f
  U118/Y (INVXLM)                                         0.62      24.43 r
  U116/Y (DLY1X1M)                                        0.88      25.31 r
  U74/Y (INVXLM)                                          0.55      25.85 f
  U72/Y (DLY1X1M)                                         0.83      26.68 f
  U73/Y (INVXLM)                                          0.62      27.30 r
  U70/Y (INVXLM)                                          0.48      27.78 f
  U71/Y (INVXLM)                                          0.58      28.36 r
  U69/Y (DLY1X1M)                                         0.89      29.25 r
  U68/Y (DLY1X1M)                                         0.88      30.12 r
  U66/Y (DLY1X1M)                                         0.88      31.00 r
  U115/Y (DLY1X1M)                                        0.88      31.88 r
  u_RegFile/test_se (RegisterFile_DATA_WIDTH8_DATA_DEPTH16_ADDR_WIDTH4_test_1)
                                                          0.00      31.88 r
  u_RegFile/U629/Y (DLY1X1M)                              0.88      32.75 r
  u_RegFile/U566/Y (DLY1X1M)                              0.88      33.63 r
  u_RegFile/U697/Y (DLY1X1M)                              0.88      34.51 r
  u_RegFile/U693/Y (DLY1X1M)                              0.88      35.38 r
  u_RegFile/U580/Y (DLY1X1M)                              0.88      36.26 r
  u_RegFile/U677/Y (DLY1X1M)                              0.89      37.14 r
  u_RegFile/U605/Y (DLY1X1M)                              0.90      38.04 r
  u_RegFile/mem_reg[1][5]/SE (SDFFRQX2M)                  0.00      38.04 r
  data arrival time                                                 38.04

  clock SCAN_CLK (rise edge)                            100.00     100.00
  clock network delay (ideal)                             0.00     100.00
  clock uncertainty                                      -0.20      99.80
  u_RegFile/mem_reg[1][5]/CK (SDFFRQX2M)                  0.00      99.80 r
  library setup time                                     -0.61      99.19
  data required time                                                99.19
  --------------------------------------------------------------------------
  data required time                                                99.19
  data arrival time                                                -38.04
  --------------------------------------------------------------------------
  slack (MET)                                                       61.15


  Startpoint: SE (input port clocked by SCAN_CLK)
  Endpoint: u_RegFile/mem_reg[1][2]
            (rising edge-triggered flip-flop clocked by SCAN_CLK)
  Path Group: SCAN_CLK
  Path Type: max

  Des/Clust/Port     Wire Load Model       Library
  ------------------------------------------------
  SYS_TOP            tsmc13_wl30           scmetro_tsmc_cl013g_rvt_ss_1p08v_125c

  Point                                                   Incr       Path
  --------------------------------------------------------------------------
  clock SCAN_CLK (rise edge)                              0.00       0.00
  clock network delay (ideal)                             0.00       0.00
  input external delay                                   20.00      20.00 r
  SE (in)                                                 0.66      20.66 r
  U96/Y (DLY1X1M)                                         0.89      21.54 r
  U121/Y (DLY1X1M)                                        0.89      22.43 r
  U117/Y (INVXLM)                                         0.55      22.98 f
  U84/Y (DLY1X1M)                                         0.83      23.81 f
  U118/Y (INVXLM)                                         0.62      24.43 r
  U116/Y (DLY1X1M)                                        0.88      25.31 r
  U74/Y (INVXLM)                                          0.55      25.85 f
  U72/Y (DLY1X1M)                                         0.83      26.68 f
  U73/Y (INVXLM)                                          0.62      27.30 r
  U70/Y (INVXLM)                                          0.48      27.78 f
  U71/Y (INVXLM)                                          0.58      28.36 r
  U69/Y (DLY1X1M)                                         0.89      29.25 r
  U68/Y (DLY1X1M)                                         0.88      30.12 r
  U66/Y (DLY1X1M)                                         0.88      31.00 r
  U115/Y (DLY1X1M)                                        0.88      31.88 r
  u_RegFile/test_se (RegisterFile_DATA_WIDTH8_DATA_DEPTH16_ADDR_WIDTH4_test_1)
                                                          0.00      31.88 r
  u_RegFile/U630/Y (DLY1X1M)                              0.88      32.75 r
  u_RegFile/U696/Y (DLY1X1M)                              0.88      33.63 r
  u_RegFile/U583/Y (DLY1X1M)                              0.88      34.51 r
  u_RegFile/U680/Y (DLY1X1M)                              0.88      35.38 r
  u_RegFile/U569/Y (DLY1X1M)                              0.88      36.26 r
  u_RegFile/U657/Y (DLY1X1M)                              0.89      37.14 r
  u_RegFile/U596/Y (DLY1X1M)                              0.90      38.04 r
  u_RegFile/mem_reg[1][2]/SE (SDFFRQX2M)                  0.00      38.04 r
  data arrival time                                                 38.04

  clock SCAN_CLK (rise edge)                            100.00     100.00
  clock network delay (ideal)                             0.00     100.00
  clock uncertainty                                      -0.20      99.80
  u_RegFile/mem_reg[1][2]/CK (SDFFRQX2M)                  0.00      99.80 r
  library setup time                                     -0.61      99.19
  data required time                                                99.19
  --------------------------------------------------------------------------
  data required time                                                99.19
  data arrival time                                                -38.04
  --------------------------------------------------------------------------
  slack (MET)                                                       61.15


  Startpoint: SE (input port clocked by SCAN_CLK)
  Endpoint: u_RegFile/mem_reg[1][0]
            (rising edge-triggered flip-flop clocked by SCAN_CLK)
  Path Group: SCAN_CLK
  Path Type: max

  Des/Clust/Port     Wire Load Model       Library
  ------------------------------------------------
  SYS_TOP            tsmc13_wl30           scmetro_tsmc_cl013g_rvt_ss_1p08v_125c

  Point                                                   Incr       Path
  --------------------------------------------------------------------------
  clock SCAN_CLK (rise edge)                              0.00       0.00
  clock network delay (ideal)                             0.00       0.00
  input external delay                                   20.00      20.00 r
  SE (in)                                                 0.66      20.66 r
  U96/Y (DLY1X1M)                                         0.89      21.54 r
  U121/Y (DLY1X1M)                                        0.89      22.43 r
  U117/Y (INVXLM)                                         0.55      22.98 f
  U84/Y (DLY1X1M)                                         0.83      23.81 f
  U118/Y (INVXLM)                                         0.62      24.43 r
  U116/Y (DLY1X1M)                                        0.88      25.31 r
  U74/Y (INVXLM)                                          0.55      25.85 f
  U72/Y (DLY1X1M)                                         0.83      26.68 f
  U73/Y (INVXLM)                                          0.62      27.30 r
  U70/Y (INVXLM)                                          0.48      27.78 f
  U71/Y (INVXLM)                                          0.58      28.36 r
  U69/Y (DLY1X1M)                                         0.89      29.25 r
  U68/Y (DLY1X1M)                                         0.88      30.12 r
  U66/Y (DLY1X1M)                                         0.88      31.00 r
  U115/Y (DLY1X1M)                                        0.88      31.88 r
  u_RegFile/test_se (RegisterFile_DATA_WIDTH8_DATA_DEPTH16_ADDR_WIDTH4_test_1)
                                                          0.00      31.88 r
  u_RegFile/U629/Y (DLY1X1M)                              0.88      32.75 r
  u_RegFile/U695/Y (DLY1X1M)                              0.88      33.63 r
  u_RegFile/U582/Y (DLY1X1M)                              0.88      34.51 r
  u_RegFile/U691/Y (DLY1X1M)                              0.88      35.38 r
  u_RegFile/U578/Y (DLY1X1M)                              0.88      36.26 r
  u_RegFile/U660/Y (DLY1X1M)                              0.89      37.14 r
  u_RegFile/U598/Y (DLY1X1M)                              0.90      38.04 r
  u_RegFile/mem_reg[1][0]/SE (SDFFRQX2M)                  0.00      38.04 r
  data arrival time                                                 38.04

  clock SCAN_CLK (rise edge)                            100.00     100.00
  clock network delay (ideal)                             0.00     100.00
  clock uncertainty                                      -0.20      99.80
  u_RegFile/mem_reg[1][0]/CK (SDFFRQX2M)                  0.00      99.80 r
  library setup time                                     -0.61      99.19
  data required time                                                99.19
  --------------------------------------------------------------------------
  data required time                                                99.19
  data arrival time                                                -38.04
  --------------------------------------------------------------------------
  slack (MET)                                                       61.15


  Startpoint: SE (input port clocked by SCAN_CLK)
  Endpoint: u_RegFile/mem_reg[11][6]
            (rising edge-triggered flip-flop clocked by SCAN_CLK)
  Path Group: SCAN_CLK
  Path Type: max

  Des/Clust/Port     Wire Load Model       Library
  ------------------------------------------------
  SYS_TOP            tsmc13_wl30           scmetro_tsmc_cl013g_rvt_ss_1p08v_125c

  Point                                                   Incr       Path
  --------------------------------------------------------------------------
  clock SCAN_CLK (rise edge)                              0.00       0.00
  clock network delay (ideal)                             0.00       0.00
  input external delay                                   20.00      20.00 r
  SE (in)                                                 0.66      20.66 r
  U96/Y (DLY1X1M)                                         0.89      21.54 r
  U121/Y (DLY1X1M)                                        0.89      22.43 r
  U117/Y (INVXLM)                                         0.55      22.98 f
  U84/Y (DLY1X1M)                                         0.83      23.81 f
  U118/Y (INVXLM)                                         0.62      24.43 r
  U116/Y (DLY1X1M)                                        0.88      25.31 r
  U74/Y (INVXLM)                                          0.55      25.85 f
  U72/Y (DLY1X1M)                                         0.83      26.68 f
  U73/Y (INVXLM)                                          0.62      27.30 r
  U70/Y (INVXLM)                                          0.48      27.78 f
  U71/Y (INVXLM)                                          0.58      28.36 r
  U69/Y (DLY1X1M)                                         0.89      29.25 r
  U68/Y (DLY1X1M)                                         0.88      30.12 r
  U66/Y (DLY1X1M)                                         0.88      31.00 r
  U115/Y (DLY1X1M)                                        0.88      31.88 r
  u_RegFile/test_se (RegisterFile_DATA_WIDTH8_DATA_DEPTH16_ADDR_WIDTH4_test_1)
                                                          0.00      31.88 r
  u_RegFile/U630/Y (DLY1X1M)                              0.88      32.75 r
  u_RegFile/U567/Y (DLY1X1M)                              0.88      33.63 r
  u_RegFile/U698/Y (DLY1X1M)                              0.88      34.51 r
  u_RegFile/U585/Y (DLY1X1M)                              0.88      35.38 r
  u_RegFile/U682/Y (DLY1X1M)                              0.88      36.26 r
  u_RegFile/U570/Y (DLY1X1M)                              0.88      37.13 r
  u_RegFile/U636/Y (DLY1X1M)                              0.90      38.03 r
  u_RegFile/mem_reg[11][6]/SE (SDFFRQX2M)                 0.00      38.03 r
  data arrival time                                                 38.03

  clock SCAN_CLK (rise edge)                            100.00     100.00
  clock network delay (ideal)                             0.00     100.00
  clock uncertainty                                      -0.20      99.80
  u_RegFile/mem_reg[11][6]/CK (SDFFRQX2M)                 0.00      99.80 r
  library setup time                                     -0.61      99.19
  data required time                                                99.19
  --------------------------------------------------------------------------
  data required time                                                99.19
  data arrival time                                                -38.03
  --------------------------------------------------------------------------
  slack (MET)                                                       61.16


  Startpoint: SE (input port clocked by SCAN_CLK)
  Endpoint: u_RegFile/mem_reg[13][7]
            (rising edge-triggered flip-flop clocked by SCAN_CLK)
  Path Group: SCAN_CLK
  Path Type: max

  Des/Clust/Port     Wire Load Model       Library
  ------------------------------------------------
  SYS_TOP            tsmc13_wl30           scmetro_tsmc_cl013g_rvt_ss_1p08v_125c

  Point                                                   Incr       Path
  --------------------------------------------------------------------------
  clock SCAN_CLK (rise edge)                              0.00       0.00
  clock network delay (ideal)                             0.00       0.00
  input external delay                                   20.00      20.00 r
  SE (in)                                                 0.66      20.66 r
  U96/Y (DLY1X1M)                                         0.89      21.54 r
  U121/Y (DLY1X1M)                                        0.89      22.43 r
  U117/Y (INVXLM)                                         0.55      22.98 f
  U84/Y (DLY1X1M)                                         0.83      23.81 f
  U118/Y (INVXLM)                                         0.62      24.43 r
  U116/Y (DLY1X1M)                                        0.88      25.31 r
  U74/Y (INVXLM)                                          0.55      25.85 f
  U72/Y (DLY1X1M)                                         0.83      26.68 f
  U73/Y (INVXLM)                                          0.62      27.30 r
  U70/Y (INVXLM)                                          0.48      27.78 f
  U71/Y (INVXLM)                                          0.58      28.36 r
  U69/Y (DLY1X1M)                                         0.89      29.25 r
  U68/Y (DLY1X1M)                                         0.88      30.12 r
  U66/Y (DLY1X1M)                                         0.88      31.00 r
  U115/Y (DLY1X1M)                                        0.88      31.88 r
  u_RegFile/test_se (RegisterFile_DATA_WIDTH8_DATA_DEPTH16_ADDR_WIDTH4_test_1)
                                                          0.00      31.88 r
  u_RegFile/U629/Y (DLY1X1M)                              0.88      32.75 r
  u_RegFile/U566/Y (DLY1X1M)                              0.88      33.63 r
  u_RegFile/U697/Y (DLY1X1M)                              0.88      34.51 r
  u_RegFile/U584/Y (DLY1X1M)                              0.88      35.38 r
  u_RegFile/U685/Y (DLY1X1M)                              0.88      36.26 r
  u_RegFile/U573/Y (DLY1X1M)                              0.88      37.13 r
  u_RegFile/U639/Y (DLY1X1M)                              0.90      38.03 r
  u_RegFile/mem_reg[13][7]/SE (SDFFRQX2M)                 0.00      38.03 r
  data arrival time                                                 38.03

  clock SCAN_CLK (rise edge)                            100.00     100.00
  clock network delay (ideal)                             0.00     100.00
  clock uncertainty                                      -0.20      99.80
  u_RegFile/mem_reg[13][7]/CK (SDFFRQX2M)                 0.00      99.80 r
  library setup time                                     -0.61      99.19
  data required time                                                99.19
  --------------------------------------------------------------------------
  data required time                                                99.19
  data arrival time                                                -38.03
  --------------------------------------------------------------------------
  slack (MET)                                                       61.16


  Startpoint: SE (input port clocked by SCAN_CLK)
  Endpoint: u_RegFile/mem_reg[10][6]
            (rising edge-triggered flip-flop clocked by SCAN_CLK)
  Path Group: SCAN_CLK
  Path Type: max

  Des/Clust/Port     Wire Load Model       Library
  ------------------------------------------------
  SYS_TOP            tsmc13_wl30           scmetro_tsmc_cl013g_rvt_ss_1p08v_125c

  Point                                                   Incr       Path
  --------------------------------------------------------------------------
  clock SCAN_CLK (rise edge)                              0.00       0.00
  clock network delay (ideal)                             0.00       0.00
  input external delay                                   20.00      20.00 r
  SE (in)                                                 0.66      20.66 r
  U96/Y (DLY1X1M)                                         0.89      21.54 r
  U121/Y (DLY1X1M)                                        0.89      22.43 r
  U117/Y (INVXLM)                                         0.55      22.98 f
  U84/Y (DLY1X1M)                                         0.83      23.81 f
  U118/Y (INVXLM)                                         0.62      24.43 r
  U116/Y (DLY1X1M)                                        0.88      25.31 r
  U74/Y (INVXLM)                                          0.55      25.85 f
  U72/Y (DLY1X1M)                                         0.83      26.68 f
  U73/Y (INVXLM)                                          0.62      27.30 r
  U70/Y (INVXLM)                                          0.48      27.78 f
  U71/Y (INVXLM)                                          0.58      28.36 r
  U69/Y (DLY1X1M)                                         0.89      29.25 r
  U68/Y (DLY1X1M)                                         0.88      30.12 r
  U66/Y (DLY1X1M)                                         0.88      31.00 r
  U115/Y (DLY1X1M)                                        0.88      31.88 r
  u_RegFile/test_se (RegisterFile_DATA_WIDTH8_DATA_DEPTH16_ADDR_WIDTH4_test_1)
                                                          0.00      31.88 r
  u_RegFile/U630/Y (DLY1X1M)                              0.88      32.75 r
  u_RegFile/U567/Y (DLY1X1M)                              0.88      33.63 r
  u_RegFile/U698/Y (DLY1X1M)                              0.88      34.51 r
  u_RegFile/U585/Y (DLY1X1M)                              0.88      35.38 r
  u_RegFile/U682/Y (DLY1X1M)                              0.88      36.26 r
  u_RegFile/U570/Y (DLY1X1M)                              0.88      37.13 r
  u_RegFile/U636/Y (DLY1X1M)                              0.90      38.03 r
  u_RegFile/mem_reg[10][6]/SE (SDFFRQX2M)                 0.00      38.03 r
  data arrival time                                                 38.03

  clock SCAN_CLK (rise edge)                            100.00     100.00
  clock network delay (ideal)                             0.00     100.00
  clock uncertainty                                      -0.20      99.80
  u_RegFile/mem_reg[10][6]/CK (SDFFRQX2M)                 0.00      99.80 r
  library setup time                                     -0.61      99.19
  data required time                                                99.19
  --------------------------------------------------------------------------
  data required time                                                99.19
  data arrival time                                                -38.03
  --------------------------------------------------------------------------
  slack (MET)                                                       61.16


  Startpoint: SE (input port clocked by SCAN_CLK)
  Endpoint: u_RegFile/mem_reg[12][7]
            (rising edge-triggered flip-flop clocked by SCAN_CLK)
  Path Group: SCAN_CLK
  Path Type: max

  Des/Clust/Port     Wire Load Model       Library
  ------------------------------------------------
  SYS_TOP            tsmc13_wl30           scmetro_tsmc_cl013g_rvt_ss_1p08v_125c

  Point                                                   Incr       Path
  --------------------------------------------------------------------------
  clock SCAN_CLK (rise edge)                              0.00       0.00
  clock network delay (ideal)                             0.00       0.00
  input external delay                                   20.00      20.00 r
  SE (in)                                                 0.66      20.66 r
  U96/Y (DLY1X1M)                                         0.89      21.54 r
  U121/Y (DLY1X1M)                                        0.89      22.43 r
  U117/Y (INVXLM)                                         0.55      22.98 f
  U84/Y (DLY1X1M)                                         0.83      23.81 f
  U118/Y (INVXLM)                                         0.62      24.43 r
  U116/Y (DLY1X1M)                                        0.88      25.31 r
  U74/Y (INVXLM)                                          0.55      25.85 f
  U72/Y (DLY1X1M)                                         0.83      26.68 f
  U73/Y (INVXLM)                                          0.62      27.30 r
  U70/Y (INVXLM)                                          0.48      27.78 f
  U71/Y (INVXLM)                                          0.58      28.36 r
  U69/Y (DLY1X1M)                                         0.89      29.25 r
  U68/Y (DLY1X1M)                                         0.88      30.12 r
  U66/Y (DLY1X1M)                                         0.88      31.00 r
  U115/Y (DLY1X1M)                                        0.88      31.88 r
  u_RegFile/test_se (RegisterFile_DATA_WIDTH8_DATA_DEPTH16_ADDR_WIDTH4_test_1)
                                                          0.00      31.88 r
  u_RegFile/U629/Y (DLY1X1M)                              0.88      32.75 r
  u_RegFile/U566/Y (DLY1X1M)                              0.88      33.63 r
  u_RegFile/U697/Y (DLY1X1M)                              0.88      34.51 r
  u_RegFile/U584/Y (DLY1X1M)                              0.88      35.38 r
  u_RegFile/U685/Y (DLY1X1M)                              0.88      36.26 r
  u_RegFile/U573/Y (DLY1X1M)                              0.88      37.13 r
  u_RegFile/U639/Y (DLY1X1M)                              0.90      38.03 r
  u_RegFile/mem_reg[12][7]/SE (SDFFRQX2M)                 0.00      38.03 r
  data arrival time                                                 38.03

  clock SCAN_CLK (rise edge)                            100.00     100.00
  clock network delay (ideal)                             0.00     100.00
  clock uncertainty                                      -0.20      99.80
  u_RegFile/mem_reg[12][7]/CK (SDFFRQX2M)                 0.00      99.80 r
  library setup time                                     -0.61      99.19
  data required time                                                99.19
  --------------------------------------------------------------------------
  data required time                                                99.19
  data arrival time                                                -38.03
  --------------------------------------------------------------------------
  slack (MET)                                                       61.16


  Startpoint: SE (input port clocked by SCAN_CLK)
  Endpoint: u_RegFile/mem_reg[13][2]
            (rising edge-triggered flip-flop clocked by SCAN_CLK)
  Path Group: SCAN_CLK
  Path Type: max

  Des/Clust/Port     Wire Load Model       Library
  ------------------------------------------------
  SYS_TOP            tsmc13_wl30           scmetro_tsmc_cl013g_rvt_ss_1p08v_125c

  Point                                                   Incr       Path
  --------------------------------------------------------------------------
  clock SCAN_CLK (rise edge)                              0.00       0.00
  clock network delay (ideal)                             0.00       0.00
  input external delay                                   20.00      20.00 r
  SE (in)                                                 0.66      20.66 r
  U96/Y (DLY1X1M)                                         0.89      21.54 r
  U121/Y (DLY1X1M)                                        0.89      22.43 r
  U117/Y (INVXLM)                                         0.55      22.98 f
  U84/Y (DLY1X1M)                                         0.83      23.81 f
  U118/Y (INVXLM)                                         0.62      24.43 r
  U116/Y (DLY1X1M)                                        0.88      25.31 r
  U74/Y (INVXLM)                                          0.55      25.85 f
  U72/Y (DLY1X1M)                                         0.83      26.68 f
  U73/Y (INVXLM)                                          0.62      27.30 r
  U70/Y (INVXLM)                                          0.48      27.78 f
  U71/Y (INVXLM)                                          0.58      28.36 r
  U69/Y (DLY1X1M)                                         0.89      29.25 r
  U68/Y (DLY1X1M)                                         0.88      30.12 r
  U66/Y (DLY1X1M)                                         0.88      31.00 r
  U115/Y (DLY1X1M)                                        0.88      31.88 r
  u_RegFile/test_se (RegisterFile_DATA_WIDTH8_DATA_DEPTH16_ADDR_WIDTH4_test_1)
                                                          0.00      31.88 r
  u_RegFile/U630/Y (DLY1X1M)                              0.88      32.75 r
  u_RegFile/U567/Y (DLY1X1M)                              0.88      33.63 r
  u_RegFile/U698/Y (DLY1X1M)                              0.88      34.51 r
  u_RegFile/U585/Y (DLY1X1M)                              0.88      35.38 r
  u_RegFile/U679/Y (DLY1X1M)                              0.88      36.26 r
  u_RegFile/U568/Y (DLY1X1M)                              0.88      37.13 r
  u_RegFile/U654/Y (DLY1X1M)                              0.89      38.02 r
  u_RegFile/mem_reg[13][2]/SE (SDFFRQX2M)                 0.00      38.02 r
  data arrival time                                                 38.02

  clock SCAN_CLK (rise edge)                            100.00     100.00
  clock network delay (ideal)                             0.00     100.00
  clock uncertainty                                      -0.20      99.80
  u_RegFile/mem_reg[13][2]/CK (SDFFRQX2M)                 0.00      99.80 r
  library setup time                                     -0.61      99.19
  data required time                                                99.19
  --------------------------------------------------------------------------
  data required time                                                99.19
  data arrival time                                                -38.02
  --------------------------------------------------------------------------
  slack (MET)                                                       61.17


  Startpoint: SE (input port clocked by SCAN_CLK)
  Endpoint: u_RegFile/mem_reg[6][6]
            (rising edge-triggered flip-flop clocked by SCAN_CLK)
  Path Group: SCAN_CLK
  Path Type: max

  Des/Clust/Port     Wire Load Model       Library
  ------------------------------------------------
  SYS_TOP            tsmc13_wl30           scmetro_tsmc_cl013g_rvt_ss_1p08v_125c

  Point                                                   Incr       Path
  --------------------------------------------------------------------------
  clock SCAN_CLK (rise edge)                              0.00       0.00
  clock network delay (ideal)                             0.00       0.00
  input external delay                                   20.00      20.00 r
  SE (in)                                                 0.66      20.66 r
  U96/Y (DLY1X1M)                                         0.89      21.54 r
  U121/Y (DLY1X1M)                                        0.89      22.43 r
  U117/Y (INVXLM)                                         0.55      22.98 f
  U84/Y (DLY1X1M)                                         0.83      23.81 f
  U118/Y (INVXLM)                                         0.62      24.43 r
  U116/Y (DLY1X1M)                                        0.88      25.31 r
  U74/Y (INVXLM)                                          0.55      25.85 f
  U72/Y (DLY1X1M)                                         0.83      26.68 f
  U73/Y (INVXLM)                                          0.62      27.30 r
  U70/Y (INVXLM)                                          0.48      27.78 f
  U71/Y (INVXLM)                                          0.58      28.36 r
  U69/Y (DLY1X1M)                                         0.89      29.25 r
  U68/Y (DLY1X1M)                                         0.88      30.12 r
  U66/Y (DLY1X1M)                                         0.88      31.00 r
  U115/Y (DLY1X1M)                                        0.88      31.88 r
  u_RegFile/test_se (RegisterFile_DATA_WIDTH8_DATA_DEPTH16_ADDR_WIDTH4_test_1)
                                                          0.00      31.88 r
  u_RegFile/U630/Y (DLY1X1M)                              0.88      32.75 r
  u_RegFile/U567/Y (DLY1X1M)                              0.88      33.63 r
  u_RegFile/U698/Y (DLY1X1M)                              0.88      34.51 r
  u_RegFile/U585/Y (DLY1X1M)                              0.88      35.38 r
  u_RegFile/U682/Y (DLY1X1M)                              0.88      36.26 r
  u_RegFile/U570/Y (DLY1X1M)                              0.88      37.13 r
  u_RegFile/U635/Y (DLY1X1M)                              0.89      38.02 r
  u_RegFile/mem_reg[6][6]/SE (SDFFRQX2M)                  0.00      38.02 r
  data arrival time                                                 38.02

  clock SCAN_CLK (rise edge)                            100.00     100.00
  clock network delay (ideal)                             0.00     100.00
  clock uncertainty                                      -0.20      99.80
  u_RegFile/mem_reg[6][6]/CK (SDFFRQX2M)                  0.00      99.80 r
  library setup time                                     -0.61      99.19
  data required time                                                99.19
  --------------------------------------------------------------------------
  data required time                                                99.19
  data arrival time                                                -38.02
  --------------------------------------------------------------------------
  slack (MET)                                                       61.17


  Startpoint: SE (input port clocked by SCAN_CLK)
  Endpoint: u_RegFile/mem_reg[8][7]
            (rising edge-triggered flip-flop clocked by SCAN_CLK)
  Path Group: SCAN_CLK
  Path Type: max

  Des/Clust/Port     Wire Load Model       Library
  ------------------------------------------------
  SYS_TOP            tsmc13_wl30           scmetro_tsmc_cl013g_rvt_ss_1p08v_125c

  Point                                                   Incr       Path
  --------------------------------------------------------------------------
  clock SCAN_CLK (rise edge)                              0.00       0.00
  clock network delay (ideal)                             0.00       0.00
  input external delay                                   20.00      20.00 r
  SE (in)                                                 0.66      20.66 r
  U96/Y (DLY1X1M)                                         0.89      21.54 r
  U121/Y (DLY1X1M)                                        0.89      22.43 r
  U117/Y (INVXLM)                                         0.55      22.98 f
  U84/Y (DLY1X1M)                                         0.83      23.81 f
  U118/Y (INVXLM)                                         0.62      24.43 r
  U116/Y (DLY1X1M)                                        0.88      25.31 r
  U74/Y (INVXLM)                                          0.55      25.85 f
  U72/Y (DLY1X1M)                                         0.83      26.68 f
  U73/Y (INVXLM)                                          0.62      27.30 r
  U70/Y (INVXLM)                                          0.48      27.78 f
  U71/Y (INVXLM)                                          0.58      28.36 r
  U69/Y (DLY1X1M)                                         0.89      29.25 r
  U68/Y (DLY1X1M)                                         0.88      30.12 r
  U66/Y (DLY1X1M)                                         0.88      31.00 r
  U115/Y (DLY1X1M)                                        0.88      31.88 r
  u_RegFile/test_se (RegisterFile_DATA_WIDTH8_DATA_DEPTH16_ADDR_WIDTH4_test_1)
                                                          0.00      31.88 r
  u_RegFile/U629/Y (DLY1X1M)                              0.88      32.75 r
  u_RegFile/U566/Y (DLY1X1M)                              0.88      33.63 r
  u_RegFile/U697/Y (DLY1X1M)                              0.88      34.51 r
  u_RegFile/U584/Y (DLY1X1M)                              0.88      35.38 r
  u_RegFile/U685/Y (DLY1X1M)                              0.88      36.26 r
  u_RegFile/U573/Y (DLY1X1M)                              0.88      37.13 r
  u_RegFile/U638/Y (DLY1X1M)                              0.89      38.02 r
  u_RegFile/mem_reg[8][7]/SE (SDFFRQX2M)                  0.00      38.02 r
  data arrival time                                                 38.02

  clock SCAN_CLK (rise edge)                            100.00     100.00
  clock network delay (ideal)                             0.00     100.00
  clock uncertainty                                      -0.20      99.80
  u_RegFile/mem_reg[8][7]/CK (SDFFRQX2M)                  0.00      99.80 r
  library setup time                                     -0.61      99.19
  data required time                                                99.19
  --------------------------------------------------------------------------
  data required time                                                99.19
  data arrival time                                                -38.02
  --------------------------------------------------------------------------
  slack (MET)                                                       61.17


  Startpoint: SE (input port clocked by SCAN_CLK)
  Endpoint: u_RegFile/mem_reg[8][5]
            (rising edge-triggered flip-flop clocked by SCAN_CLK)
  Path Group: SCAN_CLK
  Path Type: max

  Des/Clust/Port     Wire Load Model       Library
  ------------------------------------------------
  SYS_TOP            tsmc13_wl30           scmetro_tsmc_cl013g_rvt_ss_1p08v_125c

  Point                                                   Incr       Path
  --------------------------------------------------------------------------
  clock SCAN_CLK (rise edge)                              0.00       0.00
  clock network delay (ideal)                             0.00       0.00
  input external delay                                   20.00      20.00 r
  SE (in)                                                 0.66      20.66 r
  U96/Y (DLY1X1M)                                         0.89      21.54 r
  U121/Y (DLY1X1M)                                        0.89      22.43 r
  U117/Y (INVXLM)                                         0.55      22.98 f
  U84/Y (DLY1X1M)                                         0.83      23.81 f
  U118/Y (INVXLM)                                         0.62      24.43 r
  U116/Y (DLY1X1M)                                        0.88      25.31 r
  U74/Y (INVXLM)                                          0.55      25.85 f
  U72/Y (DLY1X1M)                                         0.83      26.68 f
  U73/Y (INVXLM)                                          0.62      27.30 r
  U70/Y (INVXLM)                                          0.48      27.78 f
  U71/Y (INVXLM)                                          0.58      28.36 r
  U69/Y (DLY1X1M)                                         0.89      29.25 r
  U68/Y (DLY1X1M)                                         0.88      30.12 r
  U66/Y (DLY1X1M)                                         0.88      31.00 r
  U115/Y (DLY1X1M)                                        0.88      31.88 r
  u_RegFile/test_se (RegisterFile_DATA_WIDTH8_DATA_DEPTH16_ADDR_WIDTH4_test_1)
                                                          0.00      31.88 r
  u_RegFile/U629/Y (DLY1X1M)                              0.88      32.75 r
  u_RegFile/U566/Y (DLY1X1M)                              0.88      33.63 r
  u_RegFile/U697/Y (DLY1X1M)                              0.88      34.51 r
  u_RegFile/U584/Y (DLY1X1M)                              0.88      35.38 r
  u_RegFile/U692/Y (DLY1X1M)                              0.88      36.26 r
  u_RegFile/U579/Y (DLY1X1M)                              0.88      37.13 r
  u_RegFile/U662/Y (DLY1X1M)                              0.89      38.02 r
  u_RegFile/mem_reg[8][5]/SE (SDFFRQX2M)                  0.00      38.02 r
  data arrival time                                                 38.02

  clock SCAN_CLK (rise edge)                            100.00     100.00
  clock network delay (ideal)                             0.00     100.00
  clock uncertainty                                      -0.20      99.80
  u_RegFile/mem_reg[8][5]/CK (SDFFRQX2M)                  0.00      99.80 r
  library setup time                                     -0.61      99.19
  data required time                                                99.19
  --------------------------------------------------------------------------
  data required time                                                99.19
  data arrival time                                                -38.02
  --------------------------------------------------------------------------
  slack (MET)                                                       61.17


  Startpoint: SE (input port clocked by SCAN_CLK)
  Endpoint: u_RegFile/mem_reg[8][2]
            (rising edge-triggered flip-flop clocked by SCAN_CLK)
  Path Group: SCAN_CLK
  Path Type: max

  Des/Clust/Port     Wire Load Model       Library
  ------------------------------------------------
  SYS_TOP            tsmc13_wl30           scmetro_tsmc_cl013g_rvt_ss_1p08v_125c

  Point                                                   Incr       Path
  --------------------------------------------------------------------------
  clock SCAN_CLK (rise edge)                              0.00       0.00
  clock network delay (ideal)                             0.00       0.00
  input external delay                                   20.00      20.00 r
  SE (in)                                                 0.66      20.66 r
  U96/Y (DLY1X1M)                                         0.89      21.54 r
  U121/Y (DLY1X1M)                                        0.89      22.43 r
  U117/Y (INVXLM)                                         0.55      22.98 f
  U84/Y (DLY1X1M)                                         0.83      23.81 f
  U118/Y (INVXLM)                                         0.62      24.43 r
  U116/Y (DLY1X1M)                                        0.88      25.31 r
  U74/Y (INVXLM)                                          0.55      25.85 f
  U72/Y (DLY1X1M)                                         0.83      26.68 f
  U73/Y (INVXLM)                                          0.62      27.30 r
  U70/Y (INVXLM)                                          0.48      27.78 f
  U71/Y (INVXLM)                                          0.58      28.36 r
  U69/Y (DLY1X1M)                                         0.89      29.25 r
  U68/Y (DLY1X1M)                                         0.88      30.12 r
  U66/Y (DLY1X1M)                                         0.88      31.00 r
  U115/Y (DLY1X1M)                                        0.88      31.88 r
  u_RegFile/test_se (RegisterFile_DATA_WIDTH8_DATA_DEPTH16_ADDR_WIDTH4_test_1)
                                                          0.00      31.88 r
  u_RegFile/U630/Y (DLY1X1M)                              0.88      32.75 r
  u_RegFile/U567/Y (DLY1X1M)                              0.88      33.63 r
  u_RegFile/U698/Y (DLY1X1M)                              0.88      34.51 r
  u_RegFile/U585/Y (DLY1X1M)                              0.88      35.38 r
  u_RegFile/U679/Y (DLY1X1M)                              0.88      36.26 r
  u_RegFile/U568/Y (DLY1X1M)                              0.88      37.13 r
  u_RegFile/U653/Y (DLY1X1M)                              0.89      38.02 r
  u_RegFile/mem_reg[8][2]/SE (SDFFRQX2M)                  0.00      38.02 r
  data arrival time                                                 38.02

  clock SCAN_CLK (rise edge)                            100.00     100.00
  clock network delay (ideal)                             0.00     100.00
  clock uncertainty                                      -0.20      99.80
  u_RegFile/mem_reg[8][2]/CK (SDFFRQX2M)                  0.00      99.80 r
  library setup time                                     -0.61      99.19
  data required time                                                99.19
  --------------------------------------------------------------------------
  data required time                                                99.19
  data arrival time                                                -38.02
  --------------------------------------------------------------------------
  slack (MET)                                                       61.17


  Startpoint: SE (input port clocked by SCAN_CLK)
  Endpoint: u_RegFile/mem_reg[12][5]
            (rising edge-triggered flip-flop clocked by SCAN_CLK)
  Path Group: SCAN_CLK
  Path Type: max

  Des/Clust/Port     Wire Load Model       Library
  ------------------------------------------------
  SYS_TOP            tsmc13_wl30           scmetro_tsmc_cl013g_rvt_ss_1p08v_125c

  Point                                                   Incr       Path
  --------------------------------------------------------------------------
  clock SCAN_CLK (rise edge)                              0.00       0.00
  clock network delay (ideal)                             0.00       0.00
  input external delay                                   20.00      20.00 r
  SE (in)                                                 0.66      20.66 r
  U96/Y (DLY1X1M)                                         0.89      21.54 r
  U121/Y (DLY1X1M)                                        0.89      22.43 r
  U117/Y (INVXLM)                                         0.55      22.98 f
  U84/Y (DLY1X1M)                                         0.83      23.81 f
  U118/Y (INVXLM)                                         0.62      24.43 r
  U116/Y (DLY1X1M)                                        0.88      25.31 r
  U74/Y (INVXLM)                                          0.55      25.85 f
  U72/Y (DLY1X1M)                                         0.83      26.68 f
  U73/Y (INVXLM)                                          0.62      27.30 r
  U70/Y (INVXLM)                                          0.48      27.78 f
  U71/Y (INVXLM)                                          0.58      28.36 r
  U69/Y (DLY1X1M)                                         0.89      29.25 r
  U68/Y (DLY1X1M)                                         0.88      30.12 r
  U66/Y (DLY1X1M)                                         0.88      31.00 r
  U115/Y (DLY1X1M)                                        0.88      31.88 r
  u_RegFile/test_se (RegisterFile_DATA_WIDTH8_DATA_DEPTH16_ADDR_WIDTH4_test_1)
                                                          0.00      31.88 r
  u_RegFile/U629/Y (DLY1X1M)                              0.88      32.75 r
  u_RegFile/U566/Y (DLY1X1M)                              0.88      33.63 r
  u_RegFile/U697/Y (DLY1X1M)                              0.88      34.51 r
  u_RegFile/U584/Y (DLY1X1M)                              0.88      35.38 r
  u_RegFile/U692/Y (DLY1X1M)                              0.88      36.26 r
  u_RegFile/U579/Y (DLY1X1M)                              0.88      37.13 r
  u_RegFile/U663/Y (DLY1X1M)                              0.89      38.02 r
  u_RegFile/mem_reg[12][5]/SE (SDFFRQX2M)                 0.00      38.02 r
  data arrival time                                                 38.02

  clock SCAN_CLK (rise edge)                            100.00     100.00
  clock network delay (ideal)                             0.00     100.00
  clock uncertainty                                      -0.20      99.80
  u_RegFile/mem_reg[12][5]/CK (SDFFRQX2M)                 0.00      99.80 r
  library setup time                                     -0.61      99.19
  data required time                                                99.19
  --------------------------------------------------------------------------
  data required time                                                99.19
  data arrival time                                                -38.02
  --------------------------------------------------------------------------
  slack (MET)                                                       61.17


  Startpoint: SE (input port clocked by SCAN_CLK)
  Endpoint: u_SYS_CTRL/addr_reg_reg[0]
            (rising edge-triggered flip-flop clocked by SCAN_CLK)
  Path Group: SCAN_CLK
  Path Type: max

  Des/Clust/Port     Wire Load Model       Library
  ------------------------------------------------
  SYS_TOP            tsmc13_wl30           scmetro_tsmc_cl013g_rvt_ss_1p08v_125c

  Point                                                   Incr       Path
  --------------------------------------------------------------------------
  clock SCAN_CLK (rise edge)                              0.00       0.00
  clock network delay (ideal)                             0.00       0.00
  input external delay                                   20.00      20.00 r
  SE (in)                                                 0.66      20.66 r
  U96/Y (DLY1X1M)                                         0.89      21.54 r
  U121/Y (DLY1X1M)                                        0.89      22.43 r
  U117/Y (INVXLM)                                         0.55      22.98 f
  U84/Y (DLY1X1M)                                         0.83      23.81 f
  U118/Y (INVXLM)                                         0.62      24.43 r
  U116/Y (DLY1X1M)                                        0.88      25.31 r
  U74/Y (INVXLM)                                          0.55      25.85 f
  U72/Y (DLY1X1M)                                         0.83      26.68 f
  U73/Y (INVXLM)                                          0.62      27.30 r
  U70/Y (INVXLM)                                          0.48      27.78 f
  U71/Y (INVXLM)                                          0.58      28.36 r
  U69/Y (DLY1X1M)                                         0.89      29.25 r
  U68/Y (DLY1X1M)                                         0.88      30.12 r
  U66/Y (DLY1X1M)                                         0.88      31.00 r
  U92/Y (INVXLM)                                          0.55      31.55 f
  U87/Y (INVXLM)                                          0.60      32.15 r
  U88/Y (INVXLM)                                          0.48      32.63 f
  U93/Y (INVXLM)                                          0.58      33.21 r
  U85/Y (DLY1X1M)                                         0.88      34.09 r
  U123/Y (DLY1X1M)                                        0.88      34.96 r
  U120/Y (DLY1X1M)                                        0.88      35.84 r
  u_SYS_CTRL/test_se (SYS_CTRL_test_1)                    0.00      35.84 r
  u_SYS_CTRL/U145/Y (DLY1X1M)                             0.88      36.72 r
  u_SYS_CTRL/U149/Y (DLY1X1M)                             0.90      37.61 r
  u_SYS_CTRL/addr_reg_reg[0]/SE (SDFFRX1M)                0.00      37.61 r
  data arrival time                                                 37.61

  clock SCAN_CLK (rise edge)                            100.00     100.00
  clock network delay (ideal)                             0.00     100.00
  clock uncertainty                                      -0.20      99.80
  u_SYS_CTRL/addr_reg_reg[0]/CK (SDFFRX1M)                0.00      99.80 r
  library setup time                                     -0.64      99.16
  data required time                                                99.16
  --------------------------------------------------------------------------
  data required time                                                99.16
  data arrival time                                                -37.61
  --------------------------------------------------------------------------
  slack (MET)                                                       61.55


  Startpoint: SE (input port clocked by SCAN_CLK)
  Endpoint: u_SYS_CTRL/addr_reg_reg[3]
            (rising edge-triggered flip-flop clocked by SCAN_CLK)
  Path Group: SCAN_CLK
  Path Type: max

  Des/Clust/Port     Wire Load Model       Library
  ------------------------------------------------
  SYS_TOP            tsmc13_wl30           scmetro_tsmc_cl013g_rvt_ss_1p08v_125c

  Point                                                   Incr       Path
  --------------------------------------------------------------------------
  clock SCAN_CLK (rise edge)                              0.00       0.00
  clock network delay (ideal)                             0.00       0.00
  input external delay                                   20.00      20.00 r
  SE (in)                                                 0.66      20.66 r
  U96/Y (DLY1X1M)                                         0.89      21.54 r
  U121/Y (DLY1X1M)                                        0.89      22.43 r
  U117/Y (INVXLM)                                         0.55      22.98 f
  U84/Y (DLY1X1M)                                         0.83      23.81 f
  U118/Y (INVXLM)                                         0.62      24.43 r
  U116/Y (DLY1X1M)                                        0.88      25.31 r
  U74/Y (INVXLM)                                          0.55      25.85 f
  U72/Y (DLY1X1M)                                         0.83      26.68 f
  U73/Y (INVXLM)                                          0.62      27.30 r
  U70/Y (INVXLM)                                          0.48      27.78 f
  U71/Y (INVXLM)                                          0.58      28.36 r
  U69/Y (DLY1X1M)                                         0.89      29.25 r
  U68/Y (DLY1X1M)                                         0.88      30.12 r
  U66/Y (DLY1X1M)                                         0.88      31.00 r
  U92/Y (INVXLM)                                          0.55      31.55 f
  U87/Y (INVXLM)                                          0.60      32.15 r
  U88/Y (INVXLM)                                          0.48      32.63 f
  U93/Y (INVXLM)                                          0.58      33.21 r
  U85/Y (DLY1X1M)                                         0.88      34.09 r
  U123/Y (DLY1X1M)                                        0.88      34.96 r
  U120/Y (DLY1X1M)                                        0.88      35.84 r
  u_SYS_CTRL/test_se (SYS_CTRL_test_1)                    0.00      35.84 r
  u_SYS_CTRL/U146/Y (DLY1X1M)                             0.88      36.72 r
  u_SYS_CTRL/U150/Y (DLY1X1M)                             0.90      37.61 r
  u_SYS_CTRL/addr_reg_reg[3]/SE (SDFFRX1M)                0.00      37.61 r
  data arrival time                                                 37.61

  clock SCAN_CLK (rise edge)                            100.00     100.00
  clock network delay (ideal)                             0.00     100.00
  clock uncertainty                                      -0.20      99.80
  u_SYS_CTRL/addr_reg_reg[3]/CK (SDFFRX1M)                0.00      99.80 r
  library setup time                                     -0.64      99.16
  data required time                                                99.16
  --------------------------------------------------------------------------
  data required time                                                99.16
  data arrival time                                                -37.61
  --------------------------------------------------------------------------
  slack (MET)                                                       61.55


  Startpoint: SE (input port clocked by SCAN_CLK)
  Endpoint: u_SYS_CTRL/alu_fun_reg_reg[0]
            (rising edge-triggered flip-flop clocked by SCAN_CLK)
  Path Group: SCAN_CLK
  Path Type: max

  Des/Clust/Port     Wire Load Model       Library
  ------------------------------------------------
  SYS_TOP            tsmc13_wl30           scmetro_tsmc_cl013g_rvt_ss_1p08v_125c

  Point                                                   Incr       Path
  --------------------------------------------------------------------------
  clock SCAN_CLK (rise edge)                              0.00       0.00
  clock network delay (ideal)                             0.00       0.00
  input external delay                                   20.00      20.00 r
  SE (in)                                                 0.66      20.66 r
  U96/Y (DLY1X1M)                                         0.89      21.54 r
  U121/Y (DLY1X1M)                                        0.89      22.43 r
  U117/Y (INVXLM)                                         0.55      22.98 f
  U84/Y (DLY1X1M)                                         0.83      23.81 f
  U118/Y (INVXLM)                                         0.62      24.43 r
  U116/Y (DLY1X1M)                                        0.88      25.31 r
  U74/Y (INVXLM)                                          0.55      25.85 f
  U72/Y (DLY1X1M)                                         0.83      26.68 f
  U73/Y (INVXLM)                                          0.62      27.30 r
  U70/Y (INVXLM)                                          0.48      27.78 f
  U71/Y (INVXLM)                                          0.58      28.36 r
  U69/Y (DLY1X1M)                                         0.89      29.25 r
  U68/Y (DLY1X1M)                                         0.88      30.12 r
  U66/Y (DLY1X1M)                                         0.88      31.00 r
  U92/Y (INVXLM)                                          0.55      31.55 f
  U87/Y (INVXLM)                                          0.60      32.15 r
  U88/Y (INVXLM)                                          0.48      32.63 f
  U93/Y (INVXLM)                                          0.58      33.21 r
  U85/Y (DLY1X1M)                                         0.88      34.09 r
  U123/Y (DLY1X1M)                                        0.88      34.96 r
  U120/Y (DLY1X1M)                                        0.88      35.84 r
  u_SYS_CTRL/test_se (SYS_CTRL_test_1)                    0.00      35.84 r
  u_SYS_CTRL/U145/Y (DLY1X1M)                             0.88      36.72 r
  u_SYS_CTRL/U149/Y (DLY1X1M)                             0.90      37.61 r
  u_SYS_CTRL/alu_fun_reg_reg[0]/SE (SDFFRQX2M)            0.00      37.61 r
  data arrival time                                                 37.61

  clock SCAN_CLK (rise edge)                            100.00     100.00
  clock network delay (ideal)                             0.00     100.00
  clock uncertainty                                      -0.20      99.80
  u_SYS_CTRL/alu_fun_reg_reg[0]/CK (SDFFRQX2M)            0.00      99.80 r
  library setup time                                     -0.61      99.19
  data required time                                                99.19
  --------------------------------------------------------------------------
  data required time                                                99.19
  data arrival time                                                -37.61
  --------------------------------------------------------------------------
  slack (MET)                                                       61.58


  Startpoint: SE (input port clocked by SCAN_CLK)
  Endpoint: u_SYS_CTRL/alu_fun_reg_reg[3]
            (rising edge-triggered flip-flop clocked by SCAN_CLK)
  Path Group: SCAN_CLK
  Path Type: max

  Des/Clust/Port     Wire Load Model       Library
  ------------------------------------------------
  SYS_TOP            tsmc13_wl30           scmetro_tsmc_cl013g_rvt_ss_1p08v_125c

  Point                                                   Incr       Path
  --------------------------------------------------------------------------
  clock SCAN_CLK (rise edge)                              0.00       0.00
  clock network delay (ideal)                             0.00       0.00
  input external delay                                   20.00      20.00 r
  SE (in)                                                 0.66      20.66 r
  U96/Y (DLY1X1M)                                         0.89      21.54 r
  U121/Y (DLY1X1M)                                        0.89      22.43 r
  U117/Y (INVXLM)                                         0.55      22.98 f
  U84/Y (DLY1X1M)                                         0.83      23.81 f
  U118/Y (INVXLM)                                         0.62      24.43 r
  U116/Y (DLY1X1M)                                        0.88      25.31 r
  U74/Y (INVXLM)                                          0.55      25.85 f
  U72/Y (DLY1X1M)                                         0.83      26.68 f
  U73/Y (INVXLM)                                          0.62      27.30 r
  U70/Y (INVXLM)                                          0.48      27.78 f
  U71/Y (INVXLM)                                          0.58      28.36 r
  U69/Y (DLY1X1M)                                         0.89      29.25 r
  U68/Y (DLY1X1M)                                         0.88      30.12 r
  U66/Y (DLY1X1M)                                         0.88      31.00 r
  U92/Y (INVXLM)                                          0.55      31.55 f
  U87/Y (INVXLM)                                          0.60      32.15 r
  U88/Y (INVXLM)                                          0.48      32.63 f
  U93/Y (INVXLM)                                          0.58      33.21 r
  U85/Y (DLY1X1M)                                         0.88      34.09 r
  U123/Y (DLY1X1M)                                        0.88      34.96 r
  U120/Y (DLY1X1M)                                        0.88      35.84 r
  u_SYS_CTRL/test_se (SYS_CTRL_test_1)                    0.00      35.84 r
  u_SYS_CTRL/U146/Y (DLY1X1M)                             0.88      36.72 r
  u_SYS_CTRL/U150/Y (DLY1X1M)                             0.90      37.61 r
  u_SYS_CTRL/alu_fun_reg_reg[3]/SE (SDFFRQX2M)            0.00      37.61 r
  data arrival time                                                 37.61

  clock SCAN_CLK (rise edge)                            100.00     100.00
  clock network delay (ideal)                             0.00     100.00
  clock uncertainty                                      -0.20      99.80
  u_SYS_CTRL/alu_fun_reg_reg[3]/CK (SDFFRQX2M)            0.00      99.80 r
  library setup time                                     -0.61      99.19
  data required time                                                99.19
  --------------------------------------------------------------------------
  data required time                                                99.19
  data arrival time                                                -37.61
  --------------------------------------------------------------------------
  slack (MET)                                                       61.58


  Startpoint: SE (input port clocked by SCAN_CLK)
  Endpoint: u_RegFile/mem_reg[10][1]
            (rising edge-triggered flip-flop clocked by SCAN_CLK)
  Path Group: SCAN_CLK
  Path Type: max

  Des/Clust/Port     Wire Load Model       Library
  ------------------------------------------------
  SYS_TOP            tsmc13_wl30           scmetro_tsmc_cl013g_rvt_ss_1p08v_125c

  Point                                                   Incr       Path
  --------------------------------------------------------------------------
  clock SCAN_CLK (rise edge)                              0.00       0.00
  clock network delay (ideal)                             0.00       0.00
  input external delay                                   20.00      20.00 r
  SE (in)                                                 0.66      20.66 r
  U96/Y (DLY1X1M)                                         0.89      21.54 r
  U121/Y (DLY1X1M)                                        0.89      22.43 r
  U117/Y (INVXLM)                                         0.55      22.98 f
  U84/Y (DLY1X1M)                                         0.83      23.81 f
  U118/Y (INVXLM)                                         0.62      24.43 r
  U116/Y (DLY1X1M)                                        0.88      25.31 r
  U74/Y (INVXLM)                                          0.55      25.85 f
  U72/Y (DLY1X1M)                                         0.83      26.68 f
  U73/Y (INVXLM)                                          0.62      27.30 r
  U70/Y (INVXLM)                                          0.48      27.78 f
  U71/Y (INVXLM)                                          0.58      28.36 r
  U69/Y (DLY1X1M)                                         0.89      29.25 r
  U68/Y (DLY1X1M)                                         0.88      30.12 r
  U66/Y (DLY1X1M)                                         0.88      31.00 r
  U115/Y (DLY1X1M)                                        0.88      31.88 r
  u_RegFile/test_se (RegisterFile_DATA_WIDTH8_DATA_DEPTH16_ADDR_WIDTH4_test_1)
                                                          0.00      31.88 r
  u_RegFile/U629/Y (DLY1X1M)                              0.88      32.75 r
  u_RegFile/U566/Y (DLY1X1M)                              0.88      33.63 r
  u_RegFile/U697/Y (DLY1X1M)                              0.88      34.51 r
  u_RegFile/U693/Y (DLY1X1M)                              0.88      35.38 r
  u_RegFile/U678/Y (DLY1X1M)                              0.89      36.27 r
  u_RegFile/U626/Y (DLY1X1M)                              0.90      37.17 r
  u_RegFile/mem_reg[10][1]/SE (SDFFRQX2M)                 0.00      37.17 r
  data arrival time                                                 37.17

  clock SCAN_CLK (rise edge)                            100.00     100.00
  clock network delay (ideal)                             0.00     100.00
  clock uncertainty                                      -0.20      99.80
  u_RegFile/mem_reg[10][1]/CK (SDFFRQX2M)                 0.00      99.80 r
  library setup time                                     -0.61      99.19
  data required time                                                99.19
  --------------------------------------------------------------------------
  data required time                                                99.19
  data arrival time                                                -37.17
  --------------------------------------------------------------------------
  slack (MET)                                                       62.03


1
