
################################################################################
#
# This file has been generated by SpyGlass:
#     Report Name      : CKSGDCInfo
#     Report Created by: ICer
#     Report Created on:  Fri Sep 25 03:49:27 2026
#     Working Directory: /home/ICer/Labs/SYSTEM/spyglass
#     SpyGlass Version : SpyGlass_vL-2016.06
#     Policy Name      : clock-reset(SpyGlass_vL-2016.06)
#     Comment          : Reports SGDC Information
#
################################################################################

################################################################################
# 
# Purpose:
#     This report provides information related to 'clock','reset','input',
#     'set_case_analysis','output','define_reset_order','reset_filter_path','allow_combo_logic',
#     'quasi_static','output_not_used','num_flops','network_allowed_cells',
#     'qualifier','assume_path','signal_in_domain','ip_block','fifo' and
#     'cdc_false_path' constraints settings specified in the SGDC file.
# 
# Format: 
#     This report lists the following information :                               
#     A. Names of clocks specified using 'clock' constraint.                       
#     B. Names of resets specified using 'reset' constraint.                       
#     C. Names of ports on which 'set_case_analysis' has been set.                         
#     D. Valid reset ordering specified using 'define_reset_order' constraint             
#     E. Names of modules specified using 'allow_combo_logic' constraint in sgdc file 
#     F. Names of signals specified using 'quasi_static' constraint in sgdc file 
#     G. Output ports specified using 'output_not_used' constraint in sgdc file 
#     H. Conventional multi-flop synchronizer information specified using 'num_flops' constraint in sgdc file 
#     I. Cells specified using 'network_allowed_cells' constraint in sgdc file 
#     J. Signals specified using 'qualifier' constraint in sgdc file 
#     K. Modules specified using 'ip_block' constraint in sgdc file 
#     L. FIFO specified using 'fifo' constraint in sgdc file 
#     M. False path specified using 'cdc_false_path' constraint in sgdc file 
#     N. Names of top-level ports specified using 'abstract_port' constraint in sgdc file          
#     O. Names of top-level input ports specified using 'input' constraint in sgdc file          
#     P. Names of top-level output ports specified using 'output' constraint in sgdc file 
#     Q. Names of top-level ports not specified using any of 'input', 'output', 'clock', 'reset'(asynchronous reset), 'set_case_analysis', 'quasi_static' or 'abstract_port' constraint in sgdc file. 
#     R. Black-box data-ports specified using 'abstract_port' constraint in sgdc file      
#     S. Black-box ports specified using 'assume_path' constraint in sgdc file        
#     T. Black-box ports specified using 'signal_in_domain' constraint in sgdc file      
#     U. Black-box data-ports not specified using any of 'assume_path', 'signal_in_domain', 'clock', 'reset', 'set_case_analysis', 'quasi_static' or 'abstract_port' constraint in sgdc file      
#     V. Synchronizer module/cell information specified using 'sync_cell' constraint  
#     W. Reset synchronizers specified using 'reset_synchronizer' constraint  
#     X. Isolation enables specified using UPF format of 'power_data' constraint  
#     Y. Valid signals specified using 'gray_signals' constraint  
#     Z. Valid stop point for clock using 'clock_sense' constraint 
#     AA. Signals specified using 'cdc_filter_coherency' constraint 
#     BB. Signals specified using 'generated_clock' constraint 
#     CC. Modules specified using 'meta_module' constraint 
#     DD. Hierarchical instances specified using 'meta_inst' constraint 
#     EE. Filter out reset crossing specified using 'reset_filter_path' constraint             
#     FF. Mutually exclusive and unrelated signals specified using 'cdc_attribute' constraint
#     GG. Information of cdc_waive constraints.
#     HH. Values for the options of quasi_static_style constraint 
#     II. Information of check_clock_relation constraints.
################################################################################



  A. Names of clocks specified using 'clock' constraint. 
**************************************************************************************************************************************
**************************************************************************************************************************************
--------------------------------------------------------------------------------------------------------------------------------------
  S. No.         Clock Name                 Clock Tag               Clock Domain              Period             SGDC File:Line
--------------------------------------------------------------------------------------------------------------------------------------
    1.     SYS_TOP.REF_CLK             -                      CLKREF_DOMAIN               20                SYSTEM.sgdc:7
    2.     SYS_TOP.UART_CLK            -                      CLKUART_DOMAIN              271.30            SYSTEM.sgdc:8
    3.     SYS_TOP.tx_clk              -                      CLKUART_DOMAIN              271.30            SYSTEM.sgdc:23
    4.     SYS_TOP.rx_clk              -                      CLKUART_DOMAIN              271.30            SYSTEM.sgdc:24
    5.     SYS_TOP.alu_clk             -                      CLKREF_DOMAIN               20                SYSTEM.sgdc:25
--------------------------------------------------------------------------------------------------------------------------------------



  B. Names of resets specified using 'reset' constraint. 
*************************************************************************************************************************
*************************************************************************************************************************
-------------------------------------------------------------------------------------------------------------------------
  S. No.         Reset Name                   Sync Type               Reset Active Value            SGDC File:Line
-------------------------------------------------------------------------------------------------------------------------
    1.     SYS_TOP.RST                 async                       0                           SYSTEM.sgdc:14
-------------------------------------------------------------------------------------------------------------------------



  C. Names of ports on which 'set_case_analysis' has been set. 
  This section is empty. This is because
  'set_case_analysis' constraint has not been specified.


  D. Valid reset ordering specified using 'define_reset_order' constraint. 
  This section is empty. This is because
  no 'define_reset_order' constraint has been defined 
  or rule Ac_resetcross01 has not been run.


  E. Names of modules specified using 'allow_combo_logic' constraint. 
  This section is empty. This is because
  no module is specified using 'allow_combo_logic' constraint.


  F. Names of signals specified using 'quasi_static' constraint. 
*********************************************************************************************************
*********************************************************************************************************
---------------------------------------------------------------------------------------------------------
  S. No.                   Signal Name                                       SGDC File:Line
---------------------------------------------------------------------------------------------------------
    1.     SYS_TOP.u_RegFile.mem[96:103]                   SYSTEM.sgdc:33
    2.     SYS_TOP.uart_config[0:7]                        SYSTEM.sgdc:31
    3.     SYS_TOP.div_ratio[0:7]                          SYSTEM.sgdc:30
    4.     SYS_TOP.clk_div_en                              SYSTEM.sgdc:32
---------------------------------------------------------------------------------------------------------



  G. Names of output Ports specified using 'output_not_used' constraint. 
  This section is empty. This is because
  no information is specified using 'output_not_used' constraint.


  H. Conventional multi-flop synchronizer information specified using 'num_flops' constraint 
  This section is empty. This is because
  no information is specified using 'num_flops' constraint.


  I. Cells specified using 'network_allowed_cells' constraint 
  This section is empty. This is because
  no 'network_allowed_cells' constraint has been defined 
  or rule Clock_Reset_check01 has not been run.


  J. Signals specified using 'qualifier' constraint 
  This section is empty. This is because
  no information is specified using 'qualifier' constraint.


  K. Modules specified using 'ip_block' constraint 
  This section is empty. This is because
  no module is specified using 'ip_block' constraint.


  L. FIFO specified using 'fifo' constraint 
*****************************************************************************************************************************************
*****************************************************************************************************************************************
-----------------------------------------------------------------------------------------------------------------------------------------
  S. No.               Memory Name                       Read Ptr/Data                   Write Ptr/Data              SGDC File:Line
-----------------------------------------------------------------------------------------------------------------------------------------
    1.     SYS_TOP.u_ASYNC_FIFO.memory_core.mem   SYS_TOP.u_ASYNC_FIFO.rptr_bin   SYS_TOP.u_ASYNC_FIFO.wptr_bin   SYSTEM.sgdc:36
-----------------------------------------------------------------------------------------------------------------------------------------



  M. False path specified using 'cdc_false_path' constraint 
********************************************************************************************************************************************************************
********************************************************************************************************************************************************************
--------------------------------------------------------------------------------------------------------------------------------------------------------------------
    S.No                     From                                   To                    Through          From-Type          To-Type        SGDC File:Line
--------------------------------------------------------------------------------------------------------------------------------------------------------------------
  1.      SYS_TOP.u_ASYNC_FIFO.memory_core.mem[0]    SYS_TOP.REF_CLK                 -                 -                 -                 SYSTEM.sgdc:35
          SYS_TOP.u_ASYNC_FIFO.memory_core.mem[1]
          SYS_TOP.u_ASYNC_FIFO.memory_core.mem[2]
          SYS_TOP.u_ASYNC_FIFO.memory_core.mem[3]
          SYS_TOP.u_ASYNC_FIFO.memory_core.mem[4]
          SYS_TOP.u_ASYNC_FIFO.memory_core.mem[5]
          SYS_TOP.u_ASYNC_FIFO.memory_core.mem[6]
          SYS_TOP.u_ASYNC_FIFO.memory_core.mem[7]
          SYS_TOP.u_ASYNC_FIFO.memory_core.mem[8]
          SYS_TOP.u_ASYNC_FIFO.memory_core.mem[9]
          SYS_TOP.u_ASYNC_FIFO.memory_core.mem[10]
          SYS_TOP.u_ASYNC_FIFO.memory_core.mem[11]
          SYS_TOP.u_ASYNC_FIFO.memory_core.mem[12]
          SYS_TOP.u_ASYNC_FIFO.memory_core.mem[13]
          SYS_TOP.u_ASYNC_FIFO.memory_core.mem[14]
          SYS_TOP.u_ASYNC_FIFO.memory_core.mem[15]
          SYS_TOP.u_ASYNC_FIFO.memory_core.mem[16]
          SYS_TOP.u_ASYNC_FIFO.memory_core.mem[17]
          SYS_TOP.u_ASYNC_FIFO.memory_core.mem[18]
          SYS_TOP.u_ASYNC_FIFO.memory_core.mem[19]
          SYS_TOP.u_ASYNC_FIFO.memory_core.mem[20]
          SYS_TOP.u_ASYNC_FIFO.memory_core.mem[21]
          SYS_TOP.u_ASYNC_FIFO.memory_core.mem[22]
          SYS_TOP.u_ASYNC_FIFO.memory_core.mem[23]
          SYS_TOP.u_ASYNC_FIFO.memory_core.mem[24]
          SYS_TOP.u_ASYNC_FIFO.memory_core.mem[25]
          SYS_TOP.u_ASYNC_FIFO.memory_core.mem[26]
          SYS_TOP.u_ASYNC_FIFO.memory_core.mem[27]
          SYS_TOP.u_ASYNC_FIFO.memory_core.mem[28]
          SYS_TOP.u_ASYNC_FIFO.memory_core.mem[29]
          SYS_TOP.u_ASYNC_FIFO.memory_core.mem[30]
          SYS_TOP.u_ASYNC_FIFO.memory_core.mem[31]
          SYS_TOP.u_ASYNC_FIFO.memory_core.mem[32]
          SYS_TOP.u_ASYNC_FIFO.memory_core.mem[33]
          SYS_TOP.u_ASYNC_FIFO.memory_core.mem[34]
          SYS_TOP.u_ASYNC_FIFO.memory_core.mem[35]
          SYS_TOP.u_ASYNC_FIFO.memory_core.mem[36]
          SYS_TOP.u_ASYNC_FIFO.memory_core.mem[37]
          SYS_TOP.u_ASYNC_FIFO.memory_core.mem[38]
          SYS_TOP.u_ASYNC_FIFO.memory_core.mem[39]
          SYS_TOP.u_ASYNC_FIFO.memory_core.mem[40]
          SYS_TOP.u_ASYNC_FIFO.memory_core.mem[41]
          SYS_TOP.u_ASYNC_FIFO.memory_core.mem[42]
          SYS_TOP.u_ASYNC_FIFO.memory_core.mem[43]
          SYS_TOP.u_ASYNC_FIFO.memory_core.mem[44]
          SYS_TOP.u_ASYNC_FIFO.memory_core.mem[45]
          SYS_TOP.u_ASYNC_FIFO.memory_core.mem[46]
          SYS_TOP.u_ASYNC_FIFO.memory_core.mem[47]
          SYS_TOP.u_ASYNC_FIFO.memory_core.mem[48]
          SYS_TOP.u_ASYNC_FIFO.memory_core.mem[49]
          SYS_TOP.u_ASYNC_FIFO.memory_core.mem[50]
          SYS_TOP.u_ASYNC_FIFO.memory_core.mem[51]
          SYS_TOP.u_ASYNC_FIFO.memory_core.mem[52]
          SYS_TOP.u_ASYNC_FIFO.memory_core.mem[53]
          SYS_TOP.u_ASYNC_FIFO.memory_core.mem[54]
          SYS_TOP.u_ASYNC_FIFO.memory_core.mem[55]
          SYS_TOP.u_ASYNC_FIFO.memory_core.mem[56]
          SYS_TOP.u_ASYNC_FIFO.memory_core.mem[57]
          SYS_TOP.u_ASYNC_FIFO.memory_core.mem[58]
          SYS_TOP.u_ASYNC_FIFO.memory_core.mem[59]
          SYS_TOP.u_ASYNC_FIFO.memory_core.mem[60]
          SYS_TOP.u_ASYNC_FIFO.memory_core.mem[61]
          SYS_TOP.u_ASYNC_FIFO.memory_core.mem[62]
          SYS_TOP.u_ASYNC_FIFO.memory_core.mem[63]

  2.      SYS_TOP.u_ASYNC_FIFO.memory_core.mem[0]    SYS_TOP.UART_CLK                -                 -                 -                 SYSTEM.sgdc:35
          SYS_TOP.u_ASYNC_FIFO.memory_core.mem[1]
          SYS_TOP.u_ASYNC_FIFO.memory_core.mem[2]
          SYS_TOP.u_ASYNC_FIFO.memory_core.mem[3]
          SYS_TOP.u_ASYNC_FIFO.memory_core.mem[4]
          SYS_TOP.u_ASYNC_FIFO.memory_core.mem[5]
          SYS_TOP.u_ASYNC_FIFO.memory_core.mem[6]
          SYS_TOP.u_ASYNC_FIFO.memory_core.mem[7]
          SYS_TOP.u_ASYNC_FIFO.memory_core.mem[8]
          SYS_TOP.u_ASYNC_FIFO.memory_core.mem[9]
          SYS_TOP.u_ASYNC_FIFO.memory_core.mem[10]
          SYS_TOP.u_ASYNC_FIFO.memory_core.mem[11]
          SYS_TOP.u_ASYNC_FIFO.memory_core.mem[12]
          SYS_TOP.u_ASYNC_FIFO.memory_core.mem[13]
          SYS_TOP.u_ASYNC_FIFO.memory_core.mem[14]
          SYS_TOP.u_ASYNC_FIFO.memory_core.mem[15]
          SYS_TOP.u_ASYNC_FIFO.memory_core.mem[16]
          SYS_TOP.u_ASYNC_FIFO.memory_core.mem[17]
          SYS_TOP.u_ASYNC_FIFO.memory_core.mem[18]
          SYS_TOP.u_ASYNC_FIFO.memory_core.mem[19]
          SYS_TOP.u_ASYNC_FIFO.memory_core.mem[20]
          SYS_TOP.u_ASYNC_FIFO.memory_core.mem[21]
          SYS_TOP.u_ASYNC_FIFO.memory_core.mem[22]
          SYS_TOP.u_ASYNC_FIFO.memory_core.mem[23]
          SYS_TOP.u_ASYNC_FIFO.memory_core.mem[24]
          SYS_TOP.u_ASYNC_FIFO.memory_core.mem[25]
          SYS_TOP.u_ASYNC_FIFO.memory_core.mem[26]
          SYS_TOP.u_ASYNC_FIFO.memory_core.mem[27]
          SYS_TOP.u_ASYNC_FIFO.memory_core.mem[28]
          SYS_TOP.u_ASYNC_FIFO.memory_core.mem[29]
          SYS_TOP.u_ASYNC_FIFO.memory_core.mem[30]
          SYS_TOP.u_ASYNC_FIFO.memory_core.mem[31]
          SYS_TOP.u_ASYNC_FIFO.memory_core.mem[32]
          SYS_TOP.u_ASYNC_FIFO.memory_core.mem[33]
          SYS_TOP.u_ASYNC_FIFO.memory_core.mem[34]
          SYS_TOP.u_ASYNC_FIFO.memory_core.mem[35]
          SYS_TOP.u_ASYNC_FIFO.memory_core.mem[36]
          SYS_TOP.u_ASYNC_FIFO.memory_core.mem[37]
          SYS_TOP.u_ASYNC_FIFO.memory_core.mem[38]
          SYS_TOP.u_ASYNC_FIFO.memory_core.mem[39]
          SYS_TOP.u_ASYNC_FIFO.memory_core.mem[40]
          SYS_TOP.u_ASYNC_FIFO.memory_core.mem[41]
          SYS_TOP.u_ASYNC_FIFO.memory_core.mem[42]
          SYS_TOP.u_ASYNC_FIFO.memory_core.mem[43]
          SYS_TOP.u_ASYNC_FIFO.memory_core.mem[44]
          SYS_TOP.u_ASYNC_FIFO.memory_core.mem[45]
          SYS_TOP.u_ASYNC_FIFO.memory_core.mem[46]
          SYS_TOP.u_ASYNC_FIFO.memory_core.mem[47]
          SYS_TOP.u_ASYNC_FIFO.memory_core.mem[48]
          SYS_TOP.u_ASYNC_FIFO.memory_core.mem[49]
          SYS_TOP.u_ASYNC_FIFO.memory_core.mem[50]
          SYS_TOP.u_ASYNC_FIFO.memory_core.mem[51]
          SYS_TOP.u_ASYNC_FIFO.memory_core.mem[52]
          SYS_TOP.u_ASYNC_FIFO.memory_core.mem[53]
          SYS_TOP.u_ASYNC_FIFO.memory_core.mem[54]
          SYS_TOP.u_ASYNC_FIFO.memory_core.mem[55]
          SYS_TOP.u_ASYNC_FIFO.memory_core.mem[56]
          SYS_TOP.u_ASYNC_FIFO.memory_core.mem[57]
          SYS_TOP.u_ASYNC_FIFO.memory_core.mem[58]
          SYS_TOP.u_ASYNC_FIFO.memory_core.mem[59]
          SYS_TOP.u_ASYNC_FIFO.memory_core.mem[60]
          SYS_TOP.u_ASYNC_FIFO.memory_core.mem[61]
          SYS_TOP.u_ASYNC_FIFO.memory_core.mem[62]
          SYS_TOP.u_ASYNC_FIFO.memory_core.mem[63]

  3.      SYS_TOP.u_ASYNC_FIFO.memory_core.mem[0]    SYS_TOP.RST                     -                 -                 -                 SYSTEM.sgdc:35
          SYS_TOP.u_ASYNC_FIFO.memory_core.mem[1]
          SYS_TOP.u_ASYNC_FIFO.memory_core.mem[2]
          SYS_TOP.u_ASYNC_FIFO.memory_core.mem[3]
          SYS_TOP.u_ASYNC_FIFO.memory_core.mem[4]
          SYS_TOP.u_ASYNC_FIFO.memory_core.mem[5]
          SYS_TOP.u_ASYNC_FIFO.memory_core.mem[6]
          SYS_TOP.u_ASYNC_FIFO.memory_core.mem[7]
          SYS_TOP.u_ASYNC_FIFO.memory_core.mem[8]
          SYS_TOP.u_ASYNC_FIFO.memory_core.mem[9]
          SYS_TOP.u_ASYNC_FIFO.memory_core.mem[10]
          SYS_TOP.u_ASYNC_FIFO.memory_core.mem[11]
          SYS_TOP.u_ASYNC_FIFO.memory_core.mem[12]
          SYS_TOP.u_ASYNC_FIFO.memory_core.mem[13]
          SYS_TOP.u_ASYNC_FIFO.memory_core.mem[14]
          SYS_TOP.u_ASYNC_FIFO.memory_core.mem[15]
          SYS_TOP.u_ASYNC_FIFO.memory_core.mem[16]
          SYS_TOP.u_ASYNC_FIFO.memory_core.mem[17]
          SYS_TOP.u_ASYNC_FIFO.memory_core.mem[18]
          SYS_TOP.u_ASYNC_FIFO.memory_core.mem[19]
          SYS_TOP.u_ASYNC_FIFO.memory_core.mem[20]
          SYS_TOP.u_ASYNC_FIFO.memory_core.mem[21]
          SYS_TOP.u_ASYNC_FIFO.memory_core.mem[22]
          SYS_TOP.u_ASYNC_FIFO.memory_core.mem[23]
          SYS_TOP.u_ASYNC_FIFO.memory_core.mem[24]
          SYS_TOP.u_ASYNC_FIFO.memory_core.mem[25]
          SYS_TOP.u_ASYNC_FIFO.memory_core.mem[26]
          SYS_TOP.u_ASYNC_FIFO.memory_core.mem[27]
          SYS_TOP.u_ASYNC_FIFO.memory_core.mem[28]
          SYS_TOP.u_ASYNC_FIFO.memory_core.mem[29]
          SYS_TOP.u_ASYNC_FIFO.memory_core.mem[30]
          SYS_TOP.u_ASYNC_FIFO.memory_core.mem[31]
          SYS_TOP.u_ASYNC_FIFO.memory_core.mem[32]
          SYS_TOP.u_ASYNC_FIFO.memory_core.mem[33]
          SYS_TOP.u_ASYNC_FIFO.memory_core.mem[34]
          SYS_TOP.u_ASYNC_FIFO.memory_core.mem[35]
          SYS_TOP.u_ASYNC_FIFO.memory_core.mem[36]
          SYS_TOP.u_ASYNC_FIFO.memory_core.mem[37]
          SYS_TOP.u_ASYNC_FIFO.memory_core.mem[38]
          SYS_TOP.u_ASYNC_FIFO.memory_core.mem[39]
          SYS_TOP.u_ASYNC_FIFO.memory_core.mem[40]
          SYS_TOP.u_ASYNC_FIFO.memory_core.mem[41]
          SYS_TOP.u_ASYNC_FIFO.memory_core.mem[42]
          SYS_TOP.u_ASYNC_FIFO.memory_core.mem[43]
          SYS_TOP.u_ASYNC_FIFO.memory_core.mem[44]
          SYS_TOP.u_ASYNC_FIFO.memory_core.mem[45]
          SYS_TOP.u_ASYNC_FIFO.memory_core.mem[46]
          SYS_TOP.u_ASYNC_FIFO.memory_core.mem[47]
          SYS_TOP.u_ASYNC_FIFO.memory_core.mem[48]
          SYS_TOP.u_ASYNC_FIFO.memory_core.mem[49]
          SYS_TOP.u_ASYNC_FIFO.memory_core.mem[50]
          SYS_TOP.u_ASYNC_FIFO.memory_core.mem[51]
          SYS_TOP.u_ASYNC_FIFO.memory_core.mem[52]
          SYS_TOP.u_ASYNC_FIFO.memory_core.mem[53]
          SYS_TOP.u_ASYNC_FIFO.memory_core.mem[54]
          SYS_TOP.u_ASYNC_FIFO.memory_core.mem[55]
          SYS_TOP.u_ASYNC_FIFO.memory_core.mem[56]
          SYS_TOP.u_ASYNC_FIFO.memory_core.mem[57]
          SYS_TOP.u_ASYNC_FIFO.memory_core.mem[58]
          SYS_TOP.u_ASYNC_FIFO.memory_core.mem[59]
          SYS_TOP.u_ASYNC_FIFO.memory_core.mem[60]
          SYS_TOP.u_ASYNC_FIFO.memory_core.mem[61]
          SYS_TOP.u_ASYNC_FIFO.memory_core.mem[62]
          SYS_TOP.u_ASYNC_FIFO.memory_core.mem[63]

  4.      SYS_TOP.u_ASYNC_FIFO.memory_core.mem[0]    SYS_TOP.RX_IN                   -                 -                 -                 SYSTEM.sgdc:35
          SYS_TOP.u_ASYNC_FIFO.memory_core.mem[1]
          SYS_TOP.u_ASYNC_FIFO.memory_core.mem[2]
          SYS_TOP.u_ASYNC_FIFO.memory_core.mem[3]
          SYS_TOP.u_ASYNC_FIFO.memory_core.mem[4]
          SYS_TOP.u_ASYNC_FIFO.memory_core.mem[5]
          SYS_TOP.u_ASYNC_FIFO.memory_core.mem[6]
          SYS_TOP.u_ASYNC_FIFO.memory_core.mem[7]
          SYS_TOP.u_ASYNC_FIFO.memory_core.mem[8]
          SYS_TOP.u_ASYNC_FIFO.memory_core.mem[9]
          SYS_TOP.u_ASYNC_FIFO.memory_core.mem[10]
          SYS_TOP.u_ASYNC_FIFO.memory_core.mem[11]
          SYS_TOP.u_ASYNC_FIFO.memory_core.mem[12]
          SYS_TOP.u_ASYNC_FIFO.memory_core.mem[13]
          SYS_TOP.u_ASYNC_FIFO.memory_core.mem[14]
          SYS_TOP.u_ASYNC_FIFO.memory_core.mem[15]
          SYS_TOP.u_ASYNC_FIFO.memory_core.mem[16]
          SYS_TOP.u_ASYNC_FIFO.memory_core.mem[17]
          SYS_TOP.u_ASYNC_FIFO.memory_core.mem[18]
          SYS_TOP.u_ASYNC_FIFO.memory_core.mem[19]
          SYS_TOP.u_ASYNC_FIFO.memory_core.mem[20]
          SYS_TOP.u_ASYNC_FIFO.memory_core.mem[21]
          SYS_TOP.u_ASYNC_FIFO.memory_core.mem[22]
          SYS_TOP.u_ASYNC_FIFO.memory_core.mem[23]
          SYS_TOP.u_ASYNC_FIFO.memory_core.mem[24]
          SYS_TOP.u_ASYNC_FIFO.memory_core.mem[25]
          SYS_TOP.u_ASYNC_FIFO.memory_core.mem[26]
          SYS_TOP.u_ASYNC_FIFO.memory_core.mem[27]
          SYS_TOP.u_ASYNC_FIFO.memory_core.mem[28]
          SYS_TOP.u_ASYNC_FIFO.memory_core.mem[29]
          SYS_TOP.u_ASYNC_FIFO.memory_core.mem[30]
          SYS_TOP.u_ASYNC_FIFO.memory_core.mem[31]
          SYS_TOP.u_ASYNC_FIFO.memory_core.mem[32]
          SYS_TOP.u_ASYNC_FIFO.memory_core.mem[33]
          SYS_TOP.u_ASYNC_FIFO.memory_core.mem[34]
          SYS_TOP.u_ASYNC_FIFO.memory_core.mem[35]
          SYS_TOP.u_ASYNC_FIFO.memory_core.mem[36]
          SYS_TOP.u_ASYNC_FIFO.memory_core.mem[37]
          SYS_TOP.u_ASYNC_FIFO.memory_core.mem[38]
          SYS_TOP.u_ASYNC_FIFO.memory_core.mem[39]
          SYS_TOP.u_ASYNC_FIFO.memory_core.mem[40]
          SYS_TOP.u_ASYNC_FIFO.memory_core.mem[41]
          SYS_TOP.u_ASYNC_FIFO.memory_core.mem[42]
          SYS_TOP.u_ASYNC_FIFO.memory_core.mem[43]
          SYS_TOP.u_ASYNC_FIFO.memory_core.mem[44]
          SYS_TOP.u_ASYNC_FIFO.memory_core.mem[45]
          SYS_TOP.u_ASYNC_FIFO.memory_core.mem[46]
          SYS_TOP.u_ASYNC_FIFO.memory_core.mem[47]
          SYS_TOP.u_ASYNC_FIFO.memory_core.mem[48]
          SYS_TOP.u_ASYNC_FIFO.memory_core.mem[49]
          SYS_TOP.u_ASYNC_FIFO.memory_core.mem[50]
          SYS_TOP.u_ASYNC_FIFO.memory_core.mem[51]
          SYS_TOP.u_ASYNC_FIFO.memory_core.mem[52]
          SYS_TOP.u_ASYNC_FIFO.memory_core.mem[53]
          SYS_TOP.u_ASYNC_FIFO.memory_core.mem[54]
          SYS_TOP.u_ASYNC_FIFO.memory_core.mem[55]
          SYS_TOP.u_ASYNC_FIFO.memory_core.mem[56]
          SYS_TOP.u_ASYNC_FIFO.memory_core.mem[57]
          SYS_TOP.u_ASYNC_FIFO.memory_core.mem[58]
          SYS_TOP.u_ASYNC_FIFO.memory_core.mem[59]
          SYS_TOP.u_ASYNC_FIFO.memory_core.mem[60]
          SYS_TOP.u_ASYNC_FIFO.memory_core.mem[61]
          SYS_TOP.u_ASYNC_FIFO.memory_core.mem[62]
          SYS_TOP.u_ASYNC_FIFO.memory_core.mem[63]

  5.      SYS_TOP.u_ASYNC_FIFO.memory_core.mem[0]    SYS_TOP.TX_OUT                  -                 -                 -                 SYSTEM.sgdc:35
          SYS_TOP.u_ASYNC_FIFO.memory_core.mem[1]
          SYS_TOP.u_ASYNC_FIFO.memory_core.mem[2]
          SYS_TOP.u_ASYNC_FIFO.memory_core.mem[3]
          SYS_TOP.u_ASYNC_FIFO.memory_core.mem[4]
          SYS_TOP.u_ASYNC_FIFO.memory_core.mem[5]
          SYS_TOP.u_ASYNC_FIFO.memory_core.mem[6]
          SYS_TOP.u_ASYNC_FIFO.memory_core.mem[7]
          SYS_TOP.u_ASYNC_FIFO.memory_core.mem[8]
          SYS_TOP.u_ASYNC_FIFO.memory_core.mem[9]
          SYS_TOP.u_ASYNC_FIFO.memory_core.mem[10]
          SYS_TOP.u_ASYNC_FIFO.memory_core.mem[11]
          SYS_TOP.u_ASYNC_FIFO.memory_core.mem[12]
          SYS_TOP.u_ASYNC_FIFO.memory_core.mem[13]
          SYS_TOP.u_ASYNC_FIFO.memory_core.mem[14]
          SYS_TOP.u_ASYNC_FIFO.memory_core.mem[15]
          SYS_TOP.u_ASYNC_FIFO.memory_core.mem[16]
          SYS_TOP.u_ASYNC_FIFO.memory_core.mem[17]
          SYS_TOP.u_ASYNC_FIFO.memory_core.mem[18]
          SYS_TOP.u_ASYNC_FIFO.memory_core.mem[19]
          SYS_TOP.u_ASYNC_FIFO.memory_core.mem[20]
          SYS_TOP.u_ASYNC_FIFO.memory_core.mem[21]
          SYS_TOP.u_ASYNC_FIFO.memory_core.mem[22]
          SYS_TOP.u_ASYNC_FIFO.memory_core.mem[23]
          SYS_TOP.u_ASYNC_FIFO.memory_core.mem[24]
          SYS_TOP.u_ASYNC_FIFO.memory_core.mem[25]
          SYS_TOP.u_ASYNC_FIFO.memory_core.mem[26]
          SYS_TOP.u_ASYNC_FIFO.memory_core.mem[27]
          SYS_TOP.u_ASYNC_FIFO.memory_core.mem[28]
          SYS_TOP.u_ASYNC_FIFO.memory_core.mem[29]
          SYS_TOP.u_ASYNC_FIFO.memory_core.mem[30]
          SYS_TOP.u_ASYNC_FIFO.memory_core.mem[31]
          SYS_TOP.u_ASYNC_FIFO.memory_core.mem[32]
          SYS_TOP.u_ASYNC_FIFO.memory_core.mem[33]
          SYS_TOP.u_ASYNC_FIFO.memory_core.mem[34]
          SYS_TOP.u_ASYNC_FIFO.memory_core.mem[35]
          SYS_TOP.u_ASYNC_FIFO.memory_core.mem[36]
          SYS_TOP.u_ASYNC_FIFO.memory_core.mem[37]
          SYS_TOP.u_ASYNC_FIFO.memory_core.mem[38]
          SYS_TOP.u_ASYNC_FIFO.memory_core.mem[39]
          SYS_TOP.u_ASYNC_FIFO.memory_core.mem[40]
          SYS_TOP.u_ASYNC_FIFO.memory_core.mem[41]
          SYS_TOP.u_ASYNC_FIFO.memory_core.mem[42]
          SYS_TOP.u_ASYNC_FIFO.memory_core.mem[43]
          SYS_TOP.u_ASYNC_FIFO.memory_core.mem[44]
          SYS_TOP.u_ASYNC_FIFO.memory_core.mem[45]
          SYS_TOP.u_ASYNC_FIFO.memory_core.mem[46]
          SYS_TOP.u_ASYNC_FIFO.memory_core.mem[47]
          SYS_TOP.u_ASYNC_FIFO.memory_core.mem[48]
          SYS_TOP.u_ASYNC_FIFO.memory_core.mem[49]
          SYS_TOP.u_ASYNC_FIFO.memory_core.mem[50]
          SYS_TOP.u_ASYNC_FIFO.memory_core.mem[51]
          SYS_TOP.u_ASYNC_FIFO.memory_core.mem[52]
          SYS_TOP.u_ASYNC_FIFO.memory_core.mem[53]
          SYS_TOP.u_ASYNC_FIFO.memory_core.mem[54]
          SYS_TOP.u_ASYNC_FIFO.memory_core.mem[55]
          SYS_TOP.u_ASYNC_FIFO.memory_core.mem[56]
          SYS_TOP.u_ASYNC_FIFO.memory_core.mem[57]
          SYS_TOP.u_ASYNC_FIFO.memory_core.mem[58]
          SYS_TOP.u_ASYNC_FIFO.memory_core.mem[59]
          SYS_TOP.u_ASYNC_FIFO.memory_core.mem[60]
          SYS_TOP.u_ASYNC_FIFO.memory_core.mem[61]
          SYS_TOP.u_ASYNC_FIFO.memory_core.mem[62]
          SYS_TOP.u_ASYNC_FIFO.memory_core.mem[63]

  6.      SYS_TOP.u_ASYNC_FIFO.memory_core.mem[0]    RESET_SYNC                      -                 -                 -                 SYSTEM.sgdc:35
          SYS_TOP.u_ASYNC_FIFO.memory_core.mem[1]
          SYS_TOP.u_ASYNC_FIFO.memory_core.mem[2]
          SYS_TOP.u_ASYNC_FIFO.memory_core.mem[3]
          SYS_TOP.u_ASYNC_FIFO.memory_core.mem[4]
          SYS_TOP.u_ASYNC_FIFO.memory_core.mem[5]
          SYS_TOP.u_ASYNC_FIFO.memory_core.mem[6]
          SYS_TOP.u_ASYNC_FIFO.memory_core.mem[7]
          SYS_TOP.u_ASYNC_FIFO.memory_core.mem[8]
          SYS_TOP.u_ASYNC_FIFO.memory_core.mem[9]
          SYS_TOP.u_ASYNC_FIFO.memory_core.mem[10]
          SYS_TOP.u_ASYNC_FIFO.memory_core.mem[11]
          SYS_TOP.u_ASYNC_FIFO.memory_core.mem[12]
          SYS_TOP.u_ASYNC_FIFO.memory_core.mem[13]
          SYS_TOP.u_ASYNC_FIFO.memory_core.mem[14]
          SYS_TOP.u_ASYNC_FIFO.memory_core.mem[15]
          SYS_TOP.u_ASYNC_FIFO.memory_core.mem[16]
          SYS_TOP.u_ASYNC_FIFO.memory_core.mem[17]
          SYS_TOP.u_ASYNC_FIFO.memory_core.mem[18]
          SYS_TOP.u_ASYNC_FIFO.memory_core.mem[19]
          SYS_TOP.u_ASYNC_FIFO.memory_core.mem[20]
          SYS_TOP.u_ASYNC_FIFO.memory_core.mem[21]
          SYS_TOP.u_ASYNC_FIFO.memory_core.mem[22]
          SYS_TOP.u_ASYNC_FIFO.memory_core.mem[23]
          SYS_TOP.u_ASYNC_FIFO.memory_core.mem[24]
          SYS_TOP.u_ASYNC_FIFO.memory_core.mem[25]
          SYS_TOP.u_ASYNC_FIFO.memory_core.mem[26]
          SYS_TOP.u_ASYNC_FIFO.memory_core.mem[27]
          SYS_TOP.u_ASYNC_FIFO.memory_core.mem[28]
          SYS_TOP.u_ASYNC_FIFO.memory_core.mem[29]
          SYS_TOP.u_ASYNC_FIFO.memory_core.mem[30]
          SYS_TOP.u_ASYNC_FIFO.memory_core.mem[31]
          SYS_TOP.u_ASYNC_FIFO.memory_core.mem[32]
          SYS_TOP.u_ASYNC_FIFO.memory_core.mem[33]
          SYS_TOP.u_ASYNC_FIFO.memory_core.mem[34]
          SYS_TOP.u_ASYNC_FIFO.memory_core.mem[35]
          SYS_TOP.u_ASYNC_FIFO.memory_core.mem[36]
          SYS_TOP.u_ASYNC_FIFO.memory_core.mem[37]
          SYS_TOP.u_ASYNC_FIFO.memory_core.mem[38]
          SYS_TOP.u_ASYNC_FIFO.memory_core.mem[39]
          SYS_TOP.u_ASYNC_FIFO.memory_core.mem[40]
          SYS_TOP.u_ASYNC_FIFO.memory_core.mem[41]
          SYS_TOP.u_ASYNC_FIFO.memory_core.mem[42]
          SYS_TOP.u_ASYNC_FIFO.memory_core.mem[43]
          SYS_TOP.u_ASYNC_FIFO.memory_core.mem[44]
          SYS_TOP.u_ASYNC_FIFO.memory_core.mem[45]
          SYS_TOP.u_ASYNC_FIFO.memory_core.mem[46]
          SYS_TOP.u_ASYNC_FIFO.memory_core.mem[47]
          SYS_TOP.u_ASYNC_FIFO.memory_core.mem[48]
          SYS_TOP.u_ASYNC_FIFO.memory_core.mem[49]
          SYS_TOP.u_ASYNC_FIFO.memory_core.mem[50]
          SYS_TOP.u_ASYNC_FIFO.memory_core.mem[51]
          SYS_TOP.u_ASYNC_FIFO.memory_core.mem[52]
          SYS_TOP.u_ASYNC_FIFO.memory_core.mem[53]
          SYS_TOP.u_ASYNC_FIFO.memory_core.mem[54]
          SYS_TOP.u_ASYNC_FIFO.memory_core.mem[55]
          SYS_TOP.u_ASYNC_FIFO.memory_core.mem[56]
          SYS_TOP.u_ASYNC_FIFO.memory_core.mem[57]
          SYS_TOP.u_ASYNC_FIFO.memory_core.mem[58]
          SYS_TOP.u_ASYNC_FIFO.memory_core.mem[59]
          SYS_TOP.u_ASYNC_FIFO.memory_core.mem[60]
          SYS_TOP.u_ASYNC_FIFO.memory_core.mem[61]
          SYS_TOP.u_ASYNC_FIFO.memory_core.mem[62]
          SYS_TOP.u_ASYNC_FIFO.memory_core.mem[63]

  7.      SYS_TOP.u_ASYNC_FIFO.memory_core.mem[0]    CLKGATE                         -                 -                 -                 SYSTEM.sgdc:35
          SYS_TOP.u_ASYNC_FIFO.memory_core.mem[1]
          SYS_TOP.u_ASYNC_FIFO.memory_core.mem[2]
          SYS_TOP.u_ASYNC_FIFO.memory_core.mem[3]
          SYS_TOP.u_ASYNC_FIFO.memory_core.mem[4]
          SYS_TOP.u_ASYNC_FIFO.memory_core.mem[5]
          SYS_TOP.u_ASYNC_FIFO.memory_core.mem[6]
          SYS_TOP.u_ASYNC_FIFO.memory_core.mem[7]
          SYS_TOP.u_ASYNC_FIFO.memory_core.mem[8]
          SYS_TOP.u_ASYNC_FIFO.memory_core.mem[9]
          SYS_TOP.u_ASYNC_FIFO.memory_core.mem[10]
          SYS_TOP.u_ASYNC_FIFO.memory_core.mem[11]
          SYS_TOP.u_ASYNC_FIFO.memory_core.mem[12]
          SYS_TOP.u_ASYNC_FIFO.memory_core.mem[13]
          SYS_TOP.u_ASYNC_FIFO.memory_core.mem[14]
          SYS_TOP.u_ASYNC_FIFO.memory_core.mem[15]
          SYS_TOP.u_ASYNC_FIFO.memory_core.mem[16]
          SYS_TOP.u_ASYNC_FIFO.memory_core.mem[17]
          SYS_TOP.u_ASYNC_FIFO.memory_core.mem[18]
          SYS_TOP.u_ASYNC_FIFO.memory_core.mem[19]
          SYS_TOP.u_ASYNC_FIFO.memory_core.mem[20]
          SYS_TOP.u_ASYNC_FIFO.memory_core.mem[21]
          SYS_TOP.u_ASYNC_FIFO.memory_core.mem[22]
          SYS_TOP.u_ASYNC_FIFO.memory_core.mem[23]
          SYS_TOP.u_ASYNC_FIFO.memory_core.mem[24]
          SYS_TOP.u_ASYNC_FIFO.memory_core.mem[25]
          SYS_TOP.u_ASYNC_FIFO.memory_core.mem[26]
          SYS_TOP.u_ASYNC_FIFO.memory_core.mem[27]
          SYS_TOP.u_ASYNC_FIFO.memory_core.mem[28]
          SYS_TOP.u_ASYNC_FIFO.memory_core.mem[29]
          SYS_TOP.u_ASYNC_FIFO.memory_core.mem[30]
          SYS_TOP.u_ASYNC_FIFO.memory_core.mem[31]
          SYS_TOP.u_ASYNC_FIFO.memory_core.mem[32]
          SYS_TOP.u_ASYNC_FIFO.memory_core.mem[33]
          SYS_TOP.u_ASYNC_FIFO.memory_core.mem[34]
          SYS_TOP.u_ASYNC_FIFO.memory_core.mem[35]
          SYS_TOP.u_ASYNC_FIFO.memory_core.mem[36]
          SYS_TOP.u_ASYNC_FIFO.memory_core.mem[37]
          SYS_TOP.u_ASYNC_FIFO.memory_core.mem[38]
          SYS_TOP.u_ASYNC_FIFO.memory_core.mem[39]
          SYS_TOP.u_ASYNC_FIFO.memory_core.mem[40]
          SYS_TOP.u_ASYNC_FIFO.memory_core.mem[41]
          SYS_TOP.u_ASYNC_FIFO.memory_core.mem[42]
          SYS_TOP.u_ASYNC_FIFO.memory_core.mem[43]
          SYS_TOP.u_ASYNC_FIFO.memory_core.mem[44]
          SYS_TOP.u_ASYNC_FIFO.memory_core.mem[45]
          SYS_TOP.u_ASYNC_FIFO.memory_core.mem[46]
          SYS_TOP.u_ASYNC_FIFO.memory_core.mem[47]
          SYS_TOP.u_ASYNC_FIFO.memory_core.mem[48]
          SYS_TOP.u_ASYNC_FIFO.memory_core.mem[49]
          SYS_TOP.u_ASYNC_FIFO.memory_core.mem[50]
          SYS_TOP.u_ASYNC_FIFO.memory_core.mem[51]
          SYS_TOP.u_ASYNC_FIFO.memory_core.mem[52]
          SYS_TOP.u_ASYNC_FIFO.memory_core.mem[53]
          SYS_TOP.u_ASYNC_FIFO.memory_core.mem[54]
          SYS_TOP.u_ASYNC_FIFO.memory_core.mem[55]
          SYS_TOP.u_ASYNC_FIFO.memory_core.mem[56]
          SYS_TOP.u_ASYNC_FIFO.memory_core.mem[57]
          SYS_TOP.u_ASYNC_FIFO.memory_core.mem[58]
          SYS_TOP.u_ASYNC_FIFO.memory_core.mem[59]
          SYS_TOP.u_ASYNC_FIFO.memory_core.mem[60]
          SYS_TOP.u_ASYNC_FIFO.memory_core.mem[61]
          SYS_TOP.u_ASYNC_FIFO.memory_core.mem[62]
          SYS_TOP.u_ASYNC_FIFO.memory_core.mem[63]

  8.      SYS_TOP.u_ASYNC_FIFO.memory_core.mem[0]    CLK_DIV                         -                 -                 -                 SYSTEM.sgdc:35
          SYS_TOP.u_ASYNC_FIFO.memory_core.mem[1]
          SYS_TOP.u_ASYNC_FIFO.memory_core.mem[2]
          SYS_TOP.u_ASYNC_FIFO.memory_core.mem[3]
          SYS_TOP.u_ASYNC_FIFO.memory_core.mem[4]
          SYS_TOP.u_ASYNC_FIFO.memory_core.mem[5]
          SYS_TOP.u_ASYNC_FIFO.memory_core.mem[6]
          SYS_TOP.u_ASYNC_FIFO.memory_core.mem[7]
          SYS_TOP.u_ASYNC_FIFO.memory_core.mem[8]
          SYS_TOP.u_ASYNC_FIFO.memory_core.mem[9]
          SYS_TOP.u_ASYNC_FIFO.memory_core.mem[10]
          SYS_TOP.u_ASYNC_FIFO.memory_core.mem[11]
          SYS_TOP.u_ASYNC_FIFO.memory_core.mem[12]
          SYS_TOP.u_ASYNC_FIFO.memory_core.mem[13]
          SYS_TOP.u_ASYNC_FIFO.memory_core.mem[14]
          SYS_TOP.u_ASYNC_FIFO.memory_core.mem[15]
          SYS_TOP.u_ASYNC_FIFO.memory_core.mem[16]
          SYS_TOP.u_ASYNC_FIFO.memory_core.mem[17]
          SYS_TOP.u_ASYNC_FIFO.memory_core.mem[18]
          SYS_TOP.u_ASYNC_FIFO.memory_core.mem[19]
          SYS_TOP.u_ASYNC_FIFO.memory_core.mem[20]
          SYS_TOP.u_ASYNC_FIFO.memory_core.mem[21]
          SYS_TOP.u_ASYNC_FIFO.memory_core.mem[22]
          SYS_TOP.u_ASYNC_FIFO.memory_core.mem[23]
          SYS_TOP.u_ASYNC_FIFO.memory_core.mem[24]
          SYS_TOP.u_ASYNC_FIFO.memory_core.mem[25]
          SYS_TOP.u_ASYNC_FIFO.memory_core.mem[26]
          SYS_TOP.u_ASYNC_FIFO.memory_core.mem[27]
          SYS_TOP.u_ASYNC_FIFO.memory_core.mem[28]
          SYS_TOP.u_ASYNC_FIFO.memory_core.mem[29]
          SYS_TOP.u_ASYNC_FIFO.memory_core.mem[30]
          SYS_TOP.u_ASYNC_FIFO.memory_core.mem[31]
          SYS_TOP.u_ASYNC_FIFO.memory_core.mem[32]
          SYS_TOP.u_ASYNC_FIFO.memory_core.mem[33]
          SYS_TOP.u_ASYNC_FIFO.memory_core.mem[34]
          SYS_TOP.u_ASYNC_FIFO.memory_core.mem[35]
          SYS_TOP.u_ASYNC_FIFO.memory_core.mem[36]
          SYS_TOP.u_ASYNC_FIFO.memory_core.mem[37]
          SYS_TOP.u_ASYNC_FIFO.memory_core.mem[38]
          SYS_TOP.u_ASYNC_FIFO.memory_core.mem[39]
          SYS_TOP.u_ASYNC_FIFO.memory_core.mem[40]
          SYS_TOP.u_ASYNC_FIFO.memory_core.mem[41]
          SYS_TOP.u_ASYNC_FIFO.memory_core.mem[42]
          SYS_TOP.u_ASYNC_FIFO.memory_core.mem[43]
          SYS_TOP.u_ASYNC_FIFO.memory_core.mem[44]
          SYS_TOP.u_ASYNC_FIFO.memory_core.mem[45]
          SYS_TOP.u_ASYNC_FIFO.memory_core.mem[46]
          SYS_TOP.u_ASYNC_FIFO.memory_core.mem[47]
          SYS_TOP.u_ASYNC_FIFO.memory_core.mem[48]
          SYS_TOP.u_ASYNC_FIFO.memory_core.mem[49]
          SYS_TOP.u_ASYNC_FIFO.memory_core.mem[50]
          SYS_TOP.u_ASYNC_FIFO.memory_core.mem[51]
          SYS_TOP.u_ASYNC_FIFO.memory_core.mem[52]
          SYS_TOP.u_ASYNC_FIFO.memory_core.mem[53]
          SYS_TOP.u_ASYNC_FIFO.memory_core.mem[54]
          SYS_TOP.u_ASYNC_FIFO.memory_core.mem[55]
          SYS_TOP.u_ASYNC_FIFO.memory_core.mem[56]
          SYS_TOP.u_ASYNC_FIFO.memory_core.mem[57]
          SYS_TOP.u_ASYNC_FIFO.memory_core.mem[58]
          SYS_TOP.u_ASYNC_FIFO.memory_core.mem[59]
          SYS_TOP.u_ASYNC_FIFO.memory_core.mem[60]
          SYS_TOP.u_ASYNC_FIFO.memory_core.mem[61]
          SYS_TOP.u_ASYNC_FIFO.memory_core.mem[62]
          SYS_TOP.u_ASYNC_FIFO.memory_core.mem[63]

  9.      SYS_TOP.u_ASYNC_FIFO.memory_core.mem[0]    SYS_CTRL                        -                 -                 -                 SYSTEM.sgdc:35
          SYS_TOP.u_ASYNC_FIFO.memory_core.mem[1]
          SYS_TOP.u_ASYNC_FIFO.memory_core.mem[2]
          SYS_TOP.u_ASYNC_FIFO.memory_core.mem[3]
          SYS_TOP.u_ASYNC_FIFO.memory_core.mem[4]
          SYS_TOP.u_ASYNC_FIFO.memory_core.mem[5]
          SYS_TOP.u_ASYNC_FIFO.memory_core.mem[6]
          SYS_TOP.u_ASYNC_FIFO.memory_core.mem[7]
          SYS_TOP.u_ASYNC_FIFO.memory_core.mem[8]
          SYS_TOP.u_ASYNC_FIFO.memory_core.mem[9]
          SYS_TOP.u_ASYNC_FIFO.memory_core.mem[10]
          SYS_TOP.u_ASYNC_FIFO.memory_core.mem[11]
          SYS_TOP.u_ASYNC_FIFO.memory_core.mem[12]
          SYS_TOP.u_ASYNC_FIFO.memory_core.mem[13]
          SYS_TOP.u_ASYNC_FIFO.memory_core.mem[14]
          SYS_TOP.u_ASYNC_FIFO.memory_core.mem[15]
          SYS_TOP.u_ASYNC_FIFO.memory_core.mem[16]
          SYS_TOP.u_ASYNC_FIFO.memory_core.mem[17]
          SYS_TOP.u_ASYNC_FIFO.memory_core.mem[18]
          SYS_TOP.u_ASYNC_FIFO.memory_core.mem[19]
          SYS_TOP.u_ASYNC_FIFO.memory_core.mem[20]
          SYS_TOP.u_ASYNC_FIFO.memory_core.mem[21]
          SYS_TOP.u_ASYNC_FIFO.memory_core.mem[22]
          SYS_TOP.u_ASYNC_FIFO.memory_core.mem[23]
          SYS_TOP.u_ASYNC_FIFO.memory_core.mem[24]
          SYS_TOP.u_ASYNC_FIFO.memory_core.mem[25]
          SYS_TOP.u_ASYNC_FIFO.memory_core.mem[26]
          SYS_TOP.u_ASYNC_FIFO.memory_core.mem[27]
          SYS_TOP.u_ASYNC_FIFO.memory_core.mem[28]
          SYS_TOP.u_ASYNC_FIFO.memory_core.mem[29]
          SYS_TOP.u_ASYNC_FIFO.memory_core.mem[30]
          SYS_TOP.u_ASYNC_FIFO.memory_core.mem[31]
          SYS_TOP.u_ASYNC_FIFO.memory_core.mem[32]
          SYS_TOP.u_ASYNC_FIFO.memory_core.mem[33]
          SYS_TOP.u_ASYNC_FIFO.memory_core.mem[34]
          SYS_TOP.u_ASYNC_FIFO.memory_core.mem[35]
          SYS_TOP.u_ASYNC_FIFO.memory_core.mem[36]
          SYS_TOP.u_ASYNC_FIFO.memory_core.mem[37]
          SYS_TOP.u_ASYNC_FIFO.memory_core.mem[38]
          SYS_TOP.u_ASYNC_FIFO.memory_core.mem[39]
          SYS_TOP.u_ASYNC_FIFO.memory_core.mem[40]
          SYS_TOP.u_ASYNC_FIFO.memory_core.mem[41]
          SYS_TOP.u_ASYNC_FIFO.memory_core.mem[42]
          SYS_TOP.u_ASYNC_FIFO.memory_core.mem[43]
          SYS_TOP.u_ASYNC_FIFO.memory_core.mem[44]
          SYS_TOP.u_ASYNC_FIFO.memory_core.mem[45]
          SYS_TOP.u_ASYNC_FIFO.memory_core.mem[46]
          SYS_TOP.u_ASYNC_FIFO.memory_core.mem[47]
          SYS_TOP.u_ASYNC_FIFO.memory_core.mem[48]
          SYS_TOP.u_ASYNC_FIFO.memory_core.mem[49]
          SYS_TOP.u_ASYNC_FIFO.memory_core.mem[50]
          SYS_TOP.u_ASYNC_FIFO.memory_core.mem[51]
          SYS_TOP.u_ASYNC_FIFO.memory_core.mem[52]
          SYS_TOP.u_ASYNC_FIFO.memory_core.mem[53]
          SYS_TOP.u_ASYNC_FIFO.memory_core.mem[54]
          SYS_TOP.u_ASYNC_FIFO.memory_core.mem[55]
          SYS_TOP.u_ASYNC_FIFO.memory_core.mem[56]
          SYS_TOP.u_ASYNC_FIFO.memory_core.mem[57]
          SYS_TOP.u_ASYNC_FIFO.memory_core.mem[58]
          SYS_TOP.u_ASYNC_FIFO.memory_core.mem[59]
          SYS_TOP.u_ASYNC_FIFO.memory_core.mem[60]
          SYS_TOP.u_ASYNC_FIFO.memory_core.mem[61]
          SYS_TOP.u_ASYNC_FIFO.memory_core.mem[62]
          SYS_TOP.u_ASYNC_FIFO.memory_core.mem[63]

  10.     SYS_TOP.u_ASYNC_FIFO.memory_core.mem[0]    RegisterFile                    -                 -                 -                 SYSTEM.sgdc:35
          SYS_TOP.u_ASYNC_FIFO.memory_core.mem[1]
          SYS_TOP.u_ASYNC_FIFO.memory_core.mem[2]
          SYS_TOP.u_ASYNC_FIFO.memory_core.mem[3]
          SYS_TOP.u_ASYNC_FIFO.memory_core.mem[4]
          SYS_TOP.u_ASYNC_FIFO.memory_core.mem[5]
          SYS_TOP.u_ASYNC_FIFO.memory_core.mem[6]
          SYS_TOP.u_ASYNC_FIFO.memory_core.mem[7]
          SYS_TOP.u_ASYNC_FIFO.memory_core.mem[8]
          SYS_TOP.u_ASYNC_FIFO.memory_core.mem[9]
          SYS_TOP.u_ASYNC_FIFO.memory_core.mem[10]
          SYS_TOP.u_ASYNC_FIFO.memory_core.mem[11]
          SYS_TOP.u_ASYNC_FIFO.memory_core.mem[12]
          SYS_TOP.u_ASYNC_FIFO.memory_core.mem[13]
          SYS_TOP.u_ASYNC_FIFO.memory_core.mem[14]
          SYS_TOP.u_ASYNC_FIFO.memory_core.mem[15]
          SYS_TOP.u_ASYNC_FIFO.memory_core.mem[16]
          SYS_TOP.u_ASYNC_FIFO.memory_core.mem[17]
          SYS_TOP.u_ASYNC_FIFO.memory_core.mem[18]
          SYS_TOP.u_ASYNC_FIFO.memory_core.mem[19]
          SYS_TOP.u_ASYNC_FIFO.memory_core.mem[20]
          SYS_TOP.u_ASYNC_FIFO.memory_core.mem[21]
          SYS_TOP.u_ASYNC_FIFO.memory_core.mem[22]
          SYS_TOP.u_ASYNC_FIFO.memory_core.mem[23]
          SYS_TOP.u_ASYNC_FIFO.memory_core.mem[24]
          SYS_TOP.u_ASYNC_FIFO.memory_core.mem[25]
          SYS_TOP.u_ASYNC_FIFO.memory_core.mem[26]
          SYS_TOP.u_ASYNC_FIFO.memory_core.mem[27]
          SYS_TOP.u_ASYNC_FIFO.memory_core.mem[28]
          SYS_TOP.u_ASYNC_FIFO.memory_core.mem[29]
          SYS_TOP.u_ASYNC_FIFO.memory_core.mem[30]
          SYS_TOP.u_ASYNC_FIFO.memory_core.mem[31]
          SYS_TOP.u_ASYNC_FIFO.memory_core.mem[32]
          SYS_TOP.u_ASYNC_FIFO.memory_core.mem[33]
          SYS_TOP.u_ASYNC_FIFO.memory_core.mem[34]
          SYS_TOP.u_ASYNC_FIFO.memory_core.mem[35]
          SYS_TOP.u_ASYNC_FIFO.memory_core.mem[36]
          SYS_TOP.u_ASYNC_FIFO.memory_core.mem[37]
          SYS_TOP.u_ASYNC_FIFO.memory_core.mem[38]
          SYS_TOP.u_ASYNC_FIFO.memory_core.mem[39]
          SYS_TOP.u_ASYNC_FIFO.memory_core.mem[40]
          SYS_TOP.u_ASYNC_FIFO.memory_core.mem[41]
          SYS_TOP.u_ASYNC_FIFO.memory_core.mem[42]
          SYS_TOP.u_ASYNC_FIFO.memory_core.mem[43]
          SYS_TOP.u_ASYNC_FIFO.memory_core.mem[44]
          SYS_TOP.u_ASYNC_FIFO.memory_core.mem[45]
          SYS_TOP.u_ASYNC_FIFO.memory_core.mem[46]
          SYS_TOP.u_ASYNC_FIFO.memory_core.mem[47]
          SYS_TOP.u_ASYNC_FIFO.memory_core.mem[48]
          SYS_TOP.u_ASYNC_FIFO.memory_core.mem[49]
          SYS_TOP.u_ASYNC_FIFO.memory_core.mem[50]
          SYS_TOP.u_ASYNC_FIFO.memory_core.mem[51]
          SYS_TOP.u_ASYNC_FIFO.memory_core.mem[52]
          SYS_TOP.u_ASYNC_FIFO.memory_core.mem[53]
          SYS_TOP.u_ASYNC_FIFO.memory_core.mem[54]
          SYS_TOP.u_ASYNC_FIFO.memory_core.mem[55]
          SYS_TOP.u_ASYNC_FIFO.memory_core.mem[56]
          SYS_TOP.u_ASYNC_FIFO.memory_core.mem[57]
          SYS_TOP.u_ASYNC_FIFO.memory_core.mem[58]
          SYS_TOP.u_ASYNC_FIFO.memory_core.mem[59]
          SYS_TOP.u_ASYNC_FIFO.memory_core.mem[60]
          SYS_TOP.u_ASYNC_FIFO.memory_core.mem[61]
          SYS_TOP.u_ASYNC_FIFO.memory_core.mem[62]
          SYS_TOP.u_ASYNC_FIFO.memory_core.mem[63]

  11.     SYS_TOP.u_ASYNC_FIFO.memory_core.mem[0]    ALU_8B                          -                 -                 -                 SYSTEM.sgdc:35
          SYS_TOP.u_ASYNC_FIFO.memory_core.mem[1]
          SYS_TOP.u_ASYNC_FIFO.memory_core.mem[2]
          SYS_TOP.u_ASYNC_FIFO.memory_core.mem[3]
          SYS_TOP.u_ASYNC_FIFO.memory_core.mem[4]
          SYS_TOP.u_ASYNC_FIFO.memory_core.mem[5]
          SYS_TOP.u_ASYNC_FIFO.memory_core.mem[6]
          SYS_TOP.u_ASYNC_FIFO.memory_core.mem[7]
          SYS_TOP.u_ASYNC_FIFO.memory_core.mem[8]
          SYS_TOP.u_ASYNC_FIFO.memory_core.mem[9]
          SYS_TOP.u_ASYNC_FIFO.memory_core.mem[10]
          SYS_TOP.u_ASYNC_FIFO.memory_core.mem[11]
          SYS_TOP.u_ASYNC_FIFO.memory_core.mem[12]
          SYS_TOP.u_ASYNC_FIFO.memory_core.mem[13]
          SYS_TOP.u_ASYNC_FIFO.memory_core.mem[14]
          SYS_TOP.u_ASYNC_FIFO.memory_core.mem[15]
          SYS_TOP.u_ASYNC_FIFO.memory_core.mem[16]
          SYS_TOP.u_ASYNC_FIFO.memory_core.mem[17]
          SYS_TOP.u_ASYNC_FIFO.memory_core.mem[18]
          SYS_TOP.u_ASYNC_FIFO.memory_core.mem[19]
          SYS_TOP.u_ASYNC_FIFO.memory_core.mem[20]
          SYS_TOP.u_ASYNC_FIFO.memory_core.mem[21]
          SYS_TOP.u_ASYNC_FIFO.memory_core.mem[22]
          SYS_TOP.u_ASYNC_FIFO.memory_core.mem[23]
          SYS_TOP.u_ASYNC_FIFO.memory_core.mem[24]
          SYS_TOP.u_ASYNC_FIFO.memory_core.mem[25]
          SYS_TOP.u_ASYNC_FIFO.memory_core.mem[26]
          SYS_TOP.u_ASYNC_FIFO.memory_core.mem[27]
          SYS_TOP.u_ASYNC_FIFO.memory_core.mem[28]
          SYS_TOP.u_ASYNC_FIFO.memory_core.mem[29]
          SYS_TOP.u_ASYNC_FIFO.memory_core.mem[30]
          SYS_TOP.u_ASYNC_FIFO.memory_core.mem[31]
          SYS_TOP.u_ASYNC_FIFO.memory_core.mem[32]
          SYS_TOP.u_ASYNC_FIFO.memory_core.mem[33]
          SYS_TOP.u_ASYNC_FIFO.memory_core.mem[34]
          SYS_TOP.u_ASYNC_FIFO.memory_core.mem[35]
          SYS_TOP.u_ASYNC_FIFO.memory_core.mem[36]
          SYS_TOP.u_ASYNC_FIFO.memory_core.mem[37]
          SYS_TOP.u_ASYNC_FIFO.memory_core.mem[38]
          SYS_TOP.u_ASYNC_FIFO.memory_core.mem[39]
          SYS_TOP.u_ASYNC_FIFO.memory_core.mem[40]
          SYS_TOP.u_ASYNC_FIFO.memory_core.mem[41]
          SYS_TOP.u_ASYNC_FIFO.memory_core.mem[42]
          SYS_TOP.u_ASYNC_FIFO.memory_core.mem[43]
          SYS_TOP.u_ASYNC_FIFO.memory_core.mem[44]
          SYS_TOP.u_ASYNC_FIFO.memory_core.mem[45]
          SYS_TOP.u_ASYNC_FIFO.memory_core.mem[46]
          SYS_TOP.u_ASYNC_FIFO.memory_core.mem[47]
          SYS_TOP.u_ASYNC_FIFO.memory_core.mem[48]
          SYS_TOP.u_ASYNC_FIFO.memory_core.mem[49]
          SYS_TOP.u_ASYNC_FIFO.memory_core.mem[50]
          SYS_TOP.u_ASYNC_FIFO.memory_core.mem[51]
          SYS_TOP.u_ASYNC_FIFO.memory_core.mem[52]
          SYS_TOP.u_ASYNC_FIFO.memory_core.mem[53]
          SYS_TOP.u_ASYNC_FIFO.memory_core.mem[54]
          SYS_TOP.u_ASYNC_FIFO.memory_core.mem[55]
          SYS_TOP.u_ASYNC_FIFO.memory_core.mem[56]
          SYS_TOP.u_ASYNC_FIFO.memory_core.mem[57]
          SYS_TOP.u_ASYNC_FIFO.memory_core.mem[58]
          SYS_TOP.u_ASYNC_FIFO.memory_core.mem[59]
          SYS_TOP.u_ASYNC_FIFO.memory_core.mem[60]
          SYS_TOP.u_ASYNC_FIFO.memory_core.mem[61]
          SYS_TOP.u_ASYNC_FIFO.memory_core.mem[62]
          SYS_TOP.u_ASYNC_FIFO.memory_core.mem[63]

  12.     SYS_TOP.u_ASYNC_FIFO.memory_core.mem[0]    UART_RX_TOP                     -                 -                 -                 SYSTEM.sgdc:35
          SYS_TOP.u_ASYNC_FIFO.memory_core.mem[1]
          SYS_TOP.u_ASYNC_FIFO.memory_core.mem[2]
          SYS_TOP.u_ASYNC_FIFO.memory_core.mem[3]
          SYS_TOP.u_ASYNC_FIFO.memory_core.mem[4]
          SYS_TOP.u_ASYNC_FIFO.memory_core.mem[5]
          SYS_TOP.u_ASYNC_FIFO.memory_core.mem[6]
          SYS_TOP.u_ASYNC_FIFO.memory_core.mem[7]
          SYS_TOP.u_ASYNC_FIFO.memory_core.mem[8]
          SYS_TOP.u_ASYNC_FIFO.memory_core.mem[9]
          SYS_TOP.u_ASYNC_FIFO.memory_core.mem[10]
          SYS_TOP.u_ASYNC_FIFO.memory_core.mem[11]
          SYS_TOP.u_ASYNC_FIFO.memory_core.mem[12]
          SYS_TOP.u_ASYNC_FIFO.memory_core.mem[13]
          SYS_TOP.u_ASYNC_FIFO.memory_core.mem[14]
          SYS_TOP.u_ASYNC_FIFO.memory_core.mem[15]
          SYS_TOP.u_ASYNC_FIFO.memory_core.mem[16]
          SYS_TOP.u_ASYNC_FIFO.memory_core.mem[17]
          SYS_TOP.u_ASYNC_FIFO.memory_core.mem[18]
          SYS_TOP.u_ASYNC_FIFO.memory_core.mem[19]
          SYS_TOP.u_ASYNC_FIFO.memory_core.mem[20]
          SYS_TOP.u_ASYNC_FIFO.memory_core.mem[21]
          SYS_TOP.u_ASYNC_FIFO.memory_core.mem[22]
          SYS_TOP.u_ASYNC_FIFO.memory_core.mem[23]
          SYS_TOP.u_ASYNC_FIFO.memory_core.mem[24]
          SYS_TOP.u_ASYNC_FIFO.memory_core.mem[25]
          SYS_TOP.u_ASYNC_FIFO.memory_core.mem[26]
          SYS_TOP.u_ASYNC_FIFO.memory_core.mem[27]
          SYS_TOP.u_ASYNC_FIFO.memory_core.mem[28]
          SYS_TOP.u_ASYNC_FIFO.memory_core.mem[29]
          SYS_TOP.u_ASYNC_FIFO.memory_core.mem[30]
          SYS_TOP.u_ASYNC_FIFO.memory_core.mem[31]
          SYS_TOP.u_ASYNC_FIFO.memory_core.mem[32]
          SYS_TOP.u_ASYNC_FIFO.memory_core.mem[33]
          SYS_TOP.u_ASYNC_FIFO.memory_core.mem[34]
          SYS_TOP.u_ASYNC_FIFO.memory_core.mem[35]
          SYS_TOP.u_ASYNC_FIFO.memory_core.mem[36]
          SYS_TOP.u_ASYNC_FIFO.memory_core.mem[37]
          SYS_TOP.u_ASYNC_FIFO.memory_core.mem[38]
          SYS_TOP.u_ASYNC_FIFO.memory_core.mem[39]
          SYS_TOP.u_ASYNC_FIFO.memory_core.mem[40]
          SYS_TOP.u_ASYNC_FIFO.memory_core.mem[41]
          SYS_TOP.u_ASYNC_FIFO.memory_core.mem[42]
          SYS_TOP.u_ASYNC_FIFO.memory_core.mem[43]
          SYS_TOP.u_ASYNC_FIFO.memory_core.mem[44]
          SYS_TOP.u_ASYNC_FIFO.memory_core.mem[45]
          SYS_TOP.u_ASYNC_FIFO.memory_core.mem[46]
          SYS_TOP.u_ASYNC_FIFO.memory_core.mem[47]
          SYS_TOP.u_ASYNC_FIFO.memory_core.mem[48]
          SYS_TOP.u_ASYNC_FIFO.memory_core.mem[49]
          SYS_TOP.u_ASYNC_FIFO.memory_core.mem[50]
          SYS_TOP.u_ASYNC_FIFO.memory_core.mem[51]
          SYS_TOP.u_ASYNC_FIFO.memory_core.mem[52]
          SYS_TOP.u_ASYNC_FIFO.memory_core.mem[53]
          SYS_TOP.u_ASYNC_FIFO.memory_core.mem[54]
          SYS_TOP.u_ASYNC_FIFO.memory_core.mem[55]
          SYS_TOP.u_ASYNC_FIFO.memory_core.mem[56]
          SYS_TOP.u_ASYNC_FIFO.memory_core.mem[57]
          SYS_TOP.u_ASYNC_FIFO.memory_core.mem[58]
          SYS_TOP.u_ASYNC_FIFO.memory_core.mem[59]
          SYS_TOP.u_ASYNC_FIFO.memory_core.mem[60]
          SYS_TOP.u_ASYNC_FIFO.memory_core.mem[61]
          SYS_TOP.u_ASYNC_FIFO.memory_core.mem[62]
          SYS_TOP.u_ASYNC_FIFO.memory_core.mem[63]

  13.     SYS_TOP.u_ASYNC_FIFO.memory_core.mem[0]    DATA_SAMPLING                   -                 -                 -                 SYSTEM.sgdc:35
          SYS_TOP.u_ASYNC_FIFO.memory_core.mem[1]
          SYS_TOP.u_ASYNC_FIFO.memory_core.mem[2]
          SYS_TOP.u_ASYNC_FIFO.memory_core.mem[3]
          SYS_TOP.u_ASYNC_FIFO.memory_core.mem[4]
          SYS_TOP.u_ASYNC_FIFO.memory_core.mem[5]
          SYS_TOP.u_ASYNC_FIFO.memory_core.mem[6]
          SYS_TOP.u_ASYNC_FIFO.memory_core.mem[7]
          SYS_TOP.u_ASYNC_FIFO.memory_core.mem[8]
          SYS_TOP.u_ASYNC_FIFO.memory_core.mem[9]
          SYS_TOP.u_ASYNC_FIFO.memory_core.mem[10]
          SYS_TOP.u_ASYNC_FIFO.memory_core.mem[11]
          SYS_TOP.u_ASYNC_FIFO.memory_core.mem[12]
          SYS_TOP.u_ASYNC_FIFO.memory_core.mem[13]
          SYS_TOP.u_ASYNC_FIFO.memory_core.mem[14]
          SYS_TOP.u_ASYNC_FIFO.memory_core.mem[15]
          SYS_TOP.u_ASYNC_FIFO.memory_core.mem[16]
          SYS_TOP.u_ASYNC_FIFO.memory_core.mem[17]
          SYS_TOP.u_ASYNC_FIFO.memory_core.mem[18]
          SYS_TOP.u_ASYNC_FIFO.memory_core.mem[19]
          SYS_TOP.u_ASYNC_FIFO.memory_core.mem[20]
          SYS_TOP.u_ASYNC_FIFO.memory_core.mem[21]
          SYS_TOP.u_ASYNC_FIFO.memory_core.mem[22]
          SYS_TOP.u_ASYNC_FIFO.memory_core.mem[23]
          SYS_TOP.u_ASYNC_FIFO.memory_core.mem[24]
          SYS_TOP.u_ASYNC_FIFO.memory_core.mem[25]
          SYS_TOP.u_ASYNC_FIFO.memory_core.mem[26]
          SYS_TOP.u_ASYNC_FIFO.memory_core.mem[27]
          SYS_TOP.u_ASYNC_FIFO.memory_core.mem[28]
          SYS_TOP.u_ASYNC_FIFO.memory_core.mem[29]
          SYS_TOP.u_ASYNC_FIFO.memory_core.mem[30]
          SYS_TOP.u_ASYNC_FIFO.memory_core.mem[31]
          SYS_TOP.u_ASYNC_FIFO.memory_core.mem[32]
          SYS_TOP.u_ASYNC_FIFO.memory_core.mem[33]
          SYS_TOP.u_ASYNC_FIFO.memory_core.mem[34]
          SYS_TOP.u_ASYNC_FIFO.memory_core.mem[35]
          SYS_TOP.u_ASYNC_FIFO.memory_core.mem[36]
          SYS_TOP.u_ASYNC_FIFO.memory_core.mem[37]
          SYS_TOP.u_ASYNC_FIFO.memory_core.mem[38]
          SYS_TOP.u_ASYNC_FIFO.memory_core.mem[39]
          SYS_TOP.u_ASYNC_FIFO.memory_core.mem[40]
          SYS_TOP.u_ASYNC_FIFO.memory_core.mem[41]
          SYS_TOP.u_ASYNC_FIFO.memory_core.mem[42]
          SYS_TOP.u_ASYNC_FIFO.memory_core.mem[43]
          SYS_TOP.u_ASYNC_FIFO.memory_core.mem[44]
          SYS_TOP.u_ASYNC_FIFO.memory_core.mem[45]
          SYS_TOP.u_ASYNC_FIFO.memory_core.mem[46]
          SYS_TOP.u_ASYNC_FIFO.memory_core.mem[47]
          SYS_TOP.u_ASYNC_FIFO.memory_core.mem[48]
          SYS_TOP.u_ASYNC_FIFO.memory_core.mem[49]
          SYS_TOP.u_ASYNC_FIFO.memory_core.mem[50]
          SYS_TOP.u_ASYNC_FIFO.memory_core.mem[51]
          SYS_TOP.u_ASYNC_FIFO.memory_core.mem[52]
          SYS_TOP.u_ASYNC_FIFO.memory_core.mem[53]
          SYS_TOP.u_ASYNC_FIFO.memory_core.mem[54]
          SYS_TOP.u_ASYNC_FIFO.memory_core.mem[55]
          SYS_TOP.u_ASYNC_FIFO.memory_core.mem[56]
          SYS_TOP.u_ASYNC_FIFO.memory_core.mem[57]
          SYS_TOP.u_ASYNC_FIFO.memory_core.mem[58]
          SYS_TOP.u_ASYNC_FIFO.memory_core.mem[59]
          SYS_TOP.u_ASYNC_FIFO.memory_core.mem[60]
          SYS_TOP.u_ASYNC_FIFO.memory_core.mem[61]
          SYS_TOP.u_ASYNC_FIFO.memory_core.mem[62]
          SYS_TOP.u_ASYNC_FIFO.memory_core.mem[63]

  14.     SYS_TOP.u_ASYNC_FIFO.memory_core.mem[0]    DESERIALIZER                    -                 -                 -                 SYSTEM.sgdc:35
          SYS_TOP.u_ASYNC_FIFO.memory_core.mem[1]
          SYS_TOP.u_ASYNC_FIFO.memory_core.mem[2]
          SYS_TOP.u_ASYNC_FIFO.memory_core.mem[3]
          SYS_TOP.u_ASYNC_FIFO.memory_core.mem[4]
          SYS_TOP.u_ASYNC_FIFO.memory_core.mem[5]
          SYS_TOP.u_ASYNC_FIFO.memory_core.mem[6]
          SYS_TOP.u_ASYNC_FIFO.memory_core.mem[7]
          SYS_TOP.u_ASYNC_FIFO.memory_core.mem[8]
          SYS_TOP.u_ASYNC_FIFO.memory_core.mem[9]
          SYS_TOP.u_ASYNC_FIFO.memory_core.mem[10]
          SYS_TOP.u_ASYNC_FIFO.memory_core.mem[11]
          SYS_TOP.u_ASYNC_FIFO.memory_core.mem[12]
          SYS_TOP.u_ASYNC_FIFO.memory_core.mem[13]
          SYS_TOP.u_ASYNC_FIFO.memory_core.mem[14]
          SYS_TOP.u_ASYNC_FIFO.memory_core.mem[15]
          SYS_TOP.u_ASYNC_FIFO.memory_core.mem[16]
          SYS_TOP.u_ASYNC_FIFO.memory_core.mem[17]
          SYS_TOP.u_ASYNC_FIFO.memory_core.mem[18]
          SYS_TOP.u_ASYNC_FIFO.memory_core.mem[19]
          SYS_TOP.u_ASYNC_FIFO.memory_core.mem[20]
          SYS_TOP.u_ASYNC_FIFO.memory_core.mem[21]
          SYS_TOP.u_ASYNC_FIFO.memory_core.mem[22]
          SYS_TOP.u_ASYNC_FIFO.memory_core.mem[23]
          SYS_TOP.u_ASYNC_FIFO.memory_core.mem[24]
          SYS_TOP.u_ASYNC_FIFO.memory_core.mem[25]
          SYS_TOP.u_ASYNC_FIFO.memory_core.mem[26]
          SYS_TOP.u_ASYNC_FIFO.memory_core.mem[27]
          SYS_TOP.u_ASYNC_FIFO.memory_core.mem[28]
          SYS_TOP.u_ASYNC_FIFO.memory_core.mem[29]
          SYS_TOP.u_ASYNC_FIFO.memory_core.mem[30]
          SYS_TOP.u_ASYNC_FIFO.memory_core.mem[31]
          SYS_TOP.u_ASYNC_FIFO.memory_core.mem[32]
          SYS_TOP.u_ASYNC_FIFO.memory_core.mem[33]
          SYS_TOP.u_ASYNC_FIFO.memory_core.mem[34]
          SYS_TOP.u_ASYNC_FIFO.memory_core.mem[35]
          SYS_TOP.u_ASYNC_FIFO.memory_core.mem[36]
          SYS_TOP.u_ASYNC_FIFO.memory_core.mem[37]
          SYS_TOP.u_ASYNC_FIFO.memory_core.mem[38]
          SYS_TOP.u_ASYNC_FIFO.memory_core.mem[39]
          SYS_TOP.u_ASYNC_FIFO.memory_core.mem[40]
          SYS_TOP.u_ASYNC_FIFO.memory_core.mem[41]
          SYS_TOP.u_ASYNC_FIFO.memory_core.mem[42]
          SYS_TOP.u_ASYNC_FIFO.memory_core.mem[43]
          SYS_TOP.u_ASYNC_FIFO.memory_core.mem[44]
          SYS_TOP.u_ASYNC_FIFO.memory_core.mem[45]
          SYS_TOP.u_ASYNC_FIFO.memory_core.mem[46]
          SYS_TOP.u_ASYNC_FIFO.memory_core.mem[47]
          SYS_TOP.u_ASYNC_FIFO.memory_core.mem[48]
          SYS_TOP.u_ASYNC_FIFO.memory_core.mem[49]
          SYS_TOP.u_ASYNC_FIFO.memory_core.mem[50]
          SYS_TOP.u_ASYNC_FIFO.memory_core.mem[51]
          SYS_TOP.u_ASYNC_FIFO.memory_core.mem[52]
          SYS_TOP.u_ASYNC_FIFO.memory_core.mem[53]
          SYS_TOP.u_ASYNC_FIFO.memory_core.mem[54]
          SYS_TOP.u_ASYNC_FIFO.memory_core.mem[55]
          SYS_TOP.u_ASYNC_FIFO.memory_core.mem[56]
          SYS_TOP.u_ASYNC_FIFO.memory_core.mem[57]
          SYS_TOP.u_ASYNC_FIFO.memory_core.mem[58]
          SYS_TOP.u_ASYNC_FIFO.memory_core.mem[59]
          SYS_TOP.u_ASYNC_FIFO.memory_core.mem[60]
          SYS_TOP.u_ASYNC_FIFO.memory_core.mem[61]
          SYS_TOP.u_ASYNC_FIFO.memory_core.mem[62]
          SYS_TOP.u_ASYNC_FIFO.memory_core.mem[63]

  15.     SYS_TOP.u_ASYNC_FIFO.memory_core.mem[0]    EDGE_COUNTER                    -                 -                 -                 SYSTEM.sgdc:35
          SYS_TOP.u_ASYNC_FIFO.memory_core.mem[1]
          SYS_TOP.u_ASYNC_FIFO.memory_core.mem[2]
          SYS_TOP.u_ASYNC_FIFO.memory_core.mem[3]
          SYS_TOP.u_ASYNC_FIFO.memory_core.mem[4]
          SYS_TOP.u_ASYNC_FIFO.memory_core.mem[5]
          SYS_TOP.u_ASYNC_FIFO.memory_core.mem[6]
          SYS_TOP.u_ASYNC_FIFO.memory_core.mem[7]
          SYS_TOP.u_ASYNC_FIFO.memory_core.mem[8]
          SYS_TOP.u_ASYNC_FIFO.memory_core.mem[9]
          SYS_TOP.u_ASYNC_FIFO.memory_core.mem[10]
          SYS_TOP.u_ASYNC_FIFO.memory_core.mem[11]
          SYS_TOP.u_ASYNC_FIFO.memory_core.mem[12]
          SYS_TOP.u_ASYNC_FIFO.memory_core.mem[13]
          SYS_TOP.u_ASYNC_FIFO.memory_core.mem[14]
          SYS_TOP.u_ASYNC_FIFO.memory_core.mem[15]
          SYS_TOP.u_ASYNC_FIFO.memory_core.mem[16]
          SYS_TOP.u_ASYNC_FIFO.memory_core.mem[17]
          SYS_TOP.u_ASYNC_FIFO.memory_core.mem[18]
          SYS_TOP.u_ASYNC_FIFO.memory_core.mem[19]
          SYS_TOP.u_ASYNC_FIFO.memory_core.mem[20]
          SYS_TOP.u_ASYNC_FIFO.memory_core.mem[21]
          SYS_TOP.u_ASYNC_FIFO.memory_core.mem[22]
          SYS_TOP.u_ASYNC_FIFO.memory_core.mem[23]
          SYS_TOP.u_ASYNC_FIFO.memory_core.mem[24]
          SYS_TOP.u_ASYNC_FIFO.memory_core.mem[25]
          SYS_TOP.u_ASYNC_FIFO.memory_core.mem[26]
          SYS_TOP.u_ASYNC_FIFO.memory_core.mem[27]
          SYS_TOP.u_ASYNC_FIFO.memory_core.mem[28]
          SYS_TOP.u_ASYNC_FIFO.memory_core.mem[29]
          SYS_TOP.u_ASYNC_FIFO.memory_core.mem[30]
          SYS_TOP.u_ASYNC_FIFO.memory_core.mem[31]
          SYS_TOP.u_ASYNC_FIFO.memory_core.mem[32]
          SYS_TOP.u_ASYNC_FIFO.memory_core.mem[33]
          SYS_TOP.u_ASYNC_FIFO.memory_core.mem[34]
          SYS_TOP.u_ASYNC_FIFO.memory_core.mem[35]
          SYS_TOP.u_ASYNC_FIFO.memory_core.mem[36]
          SYS_TOP.u_ASYNC_FIFO.memory_core.mem[37]
          SYS_TOP.u_ASYNC_FIFO.memory_core.mem[38]
          SYS_TOP.u_ASYNC_FIFO.memory_core.mem[39]
          SYS_TOP.u_ASYNC_FIFO.memory_core.mem[40]
          SYS_TOP.u_ASYNC_FIFO.memory_core.mem[41]
          SYS_TOP.u_ASYNC_FIFO.memory_core.mem[42]
          SYS_TOP.u_ASYNC_FIFO.memory_core.mem[43]
          SYS_TOP.u_ASYNC_FIFO.memory_core.mem[44]
          SYS_TOP.u_ASYNC_FIFO.memory_core.mem[45]
          SYS_TOP.u_ASYNC_FIFO.memory_core.mem[46]
          SYS_TOP.u_ASYNC_FIFO.memory_core.mem[47]
          SYS_TOP.u_ASYNC_FIFO.memory_core.mem[48]
          SYS_TOP.u_ASYNC_FIFO.memory_core.mem[49]
          SYS_TOP.u_ASYNC_FIFO.memory_core.mem[50]
          SYS_TOP.u_ASYNC_FIFO.memory_core.mem[51]
          SYS_TOP.u_ASYNC_FIFO.memory_core.mem[52]
          SYS_TOP.u_ASYNC_FIFO.memory_core.mem[53]
          SYS_TOP.u_ASYNC_FIFO.memory_core.mem[54]
          SYS_TOP.u_ASYNC_FIFO.memory_core.mem[55]
          SYS_TOP.u_ASYNC_FIFO.memory_core.mem[56]
          SYS_TOP.u_ASYNC_FIFO.memory_core.mem[57]
          SYS_TOP.u_ASYNC_FIFO.memory_core.mem[58]
          SYS_TOP.u_ASYNC_FIFO.memory_core.mem[59]
          SYS_TOP.u_ASYNC_FIFO.memory_core.mem[60]
          SYS_TOP.u_ASYNC_FIFO.memory_core.mem[61]
          SYS_TOP.u_ASYNC_FIFO.memory_core.mem[62]
          SYS_TOP.u_ASYNC_FIFO.memory_core.mem[63]

  16.     SYS_TOP.u_ASYNC_FIFO.memory_core.mem[0]    PARITY_CHECKER                  -                 -                 -                 SYSTEM.sgdc:35
          SYS_TOP.u_ASYNC_FIFO.memory_core.mem[1]
          SYS_TOP.u_ASYNC_FIFO.memory_core.mem[2]
          SYS_TOP.u_ASYNC_FIFO.memory_core.mem[3]
          SYS_TOP.u_ASYNC_FIFO.memory_core.mem[4]
          SYS_TOP.u_ASYNC_FIFO.memory_core.mem[5]
          SYS_TOP.u_ASYNC_FIFO.memory_core.mem[6]
          SYS_TOP.u_ASYNC_FIFO.memory_core.mem[7]
          SYS_TOP.u_ASYNC_FIFO.memory_core.mem[8]
          SYS_TOP.u_ASYNC_FIFO.memory_core.mem[9]
          SYS_TOP.u_ASYNC_FIFO.memory_core.mem[10]
          SYS_TOP.u_ASYNC_FIFO.memory_core.mem[11]
          SYS_TOP.u_ASYNC_FIFO.memory_core.mem[12]
          SYS_TOP.u_ASYNC_FIFO.memory_core.mem[13]
          SYS_TOP.u_ASYNC_FIFO.memory_core.mem[14]
          SYS_TOP.u_ASYNC_FIFO.memory_core.mem[15]
          SYS_TOP.u_ASYNC_FIFO.memory_core.mem[16]
          SYS_TOP.u_ASYNC_FIFO.memory_core.mem[17]
          SYS_TOP.u_ASYNC_FIFO.memory_core.mem[18]
          SYS_TOP.u_ASYNC_FIFO.memory_core.mem[19]
          SYS_TOP.u_ASYNC_FIFO.memory_core.mem[20]
          SYS_TOP.u_ASYNC_FIFO.memory_core.mem[21]
          SYS_TOP.u_ASYNC_FIFO.memory_core.mem[22]
          SYS_TOP.u_ASYNC_FIFO.memory_core.mem[23]
          SYS_TOP.u_ASYNC_FIFO.memory_core.mem[24]
          SYS_TOP.u_ASYNC_FIFO.memory_core.mem[25]
          SYS_TOP.u_ASYNC_FIFO.memory_core.mem[26]
          SYS_TOP.u_ASYNC_FIFO.memory_core.mem[27]
          SYS_TOP.u_ASYNC_FIFO.memory_core.mem[28]
          SYS_TOP.u_ASYNC_FIFO.memory_core.mem[29]
          SYS_TOP.u_ASYNC_FIFO.memory_core.mem[30]
          SYS_TOP.u_ASYNC_FIFO.memory_core.mem[31]
          SYS_TOP.u_ASYNC_FIFO.memory_core.mem[32]
          SYS_TOP.u_ASYNC_FIFO.memory_core.mem[33]
          SYS_TOP.u_ASYNC_FIFO.memory_core.mem[34]
          SYS_TOP.u_ASYNC_FIFO.memory_core.mem[35]
          SYS_TOP.u_ASYNC_FIFO.memory_core.mem[36]
          SYS_TOP.u_ASYNC_FIFO.memory_core.mem[37]
          SYS_TOP.u_ASYNC_FIFO.memory_core.mem[38]
          SYS_TOP.u_ASYNC_FIFO.memory_core.mem[39]
          SYS_TOP.u_ASYNC_FIFO.memory_core.mem[40]
          SYS_TOP.u_ASYNC_FIFO.memory_core.mem[41]
          SYS_TOP.u_ASYNC_FIFO.memory_core.mem[42]
          SYS_TOP.u_ASYNC_FIFO.memory_core.mem[43]
          SYS_TOP.u_ASYNC_FIFO.memory_core.mem[44]
          SYS_TOP.u_ASYNC_FIFO.memory_core.mem[45]
          SYS_TOP.u_ASYNC_FIFO.memory_core.mem[46]
          SYS_TOP.u_ASYNC_FIFO.memory_core.mem[47]
          SYS_TOP.u_ASYNC_FIFO.memory_core.mem[48]
          SYS_TOP.u_ASYNC_FIFO.memory_core.mem[49]
          SYS_TOP.u_ASYNC_FIFO.memory_core.mem[50]
          SYS_TOP.u_ASYNC_FIFO.memory_core.mem[51]
          SYS_TOP.u_ASYNC_FIFO.memory_core.mem[52]
          SYS_TOP.u_ASYNC_FIFO.memory_core.mem[53]
          SYS_TOP.u_ASYNC_FIFO.memory_core.mem[54]
          SYS_TOP.u_ASYNC_FIFO.memory_core.mem[55]
          SYS_TOP.u_ASYNC_FIFO.memory_core.mem[56]
          SYS_TOP.u_ASYNC_FIFO.memory_core.mem[57]
          SYS_TOP.u_ASYNC_FIFO.memory_core.mem[58]
          SYS_TOP.u_ASYNC_FIFO.memory_core.mem[59]
          SYS_TOP.u_ASYNC_FIFO.memory_core.mem[60]
          SYS_TOP.u_ASYNC_FIFO.memory_core.mem[61]
          SYS_TOP.u_ASYNC_FIFO.memory_core.mem[62]
          SYS_TOP.u_ASYNC_FIFO.memory_core.mem[63]

  17.     SYS_TOP.u_ASYNC_FIFO.memory_core.mem[0]    START_CHECKER                   -                 -                 -                 SYSTEM.sgdc:35
          SYS_TOP.u_ASYNC_FIFO.memory_core.mem[1]
          SYS_TOP.u_ASYNC_FIFO.memory_core.mem[2]
          SYS_TOP.u_ASYNC_FIFO.memory_core.mem[3]
          SYS_TOP.u_ASYNC_FIFO.memory_core.mem[4]
          SYS_TOP.u_ASYNC_FIFO.memory_core.mem[5]
          SYS_TOP.u_ASYNC_FIFO.memory_core.mem[6]
          SYS_TOP.u_ASYNC_FIFO.memory_core.mem[7]
          SYS_TOP.u_ASYNC_FIFO.memory_core.mem[8]
          SYS_TOP.u_ASYNC_FIFO.memory_core.mem[9]
          SYS_TOP.u_ASYNC_FIFO.memory_core.mem[10]
          SYS_TOP.u_ASYNC_FIFO.memory_core.mem[11]
          SYS_TOP.u_ASYNC_FIFO.memory_core.mem[12]
          SYS_TOP.u_ASYNC_FIFO.memory_core.mem[13]
          SYS_TOP.u_ASYNC_FIFO.memory_core.mem[14]
          SYS_TOP.u_ASYNC_FIFO.memory_core.mem[15]
          SYS_TOP.u_ASYNC_FIFO.memory_core.mem[16]
          SYS_TOP.u_ASYNC_FIFO.memory_core.mem[17]
          SYS_TOP.u_ASYNC_FIFO.memory_core.mem[18]
          SYS_TOP.u_ASYNC_FIFO.memory_core.mem[19]
          SYS_TOP.u_ASYNC_FIFO.memory_core.mem[20]
          SYS_TOP.u_ASYNC_FIFO.memory_core.mem[21]
          SYS_TOP.u_ASYNC_FIFO.memory_core.mem[22]
          SYS_TOP.u_ASYNC_FIFO.memory_core.mem[23]
          SYS_TOP.u_ASYNC_FIFO.memory_core.mem[24]
          SYS_TOP.u_ASYNC_FIFO.memory_core.mem[25]
          SYS_TOP.u_ASYNC_FIFO.memory_core.mem[26]
          SYS_TOP.u_ASYNC_FIFO.memory_core.mem[27]
          SYS_TOP.u_ASYNC_FIFO.memory_core.mem[28]
          SYS_TOP.u_ASYNC_FIFO.memory_core.mem[29]
          SYS_TOP.u_ASYNC_FIFO.memory_core.mem[30]
          SYS_TOP.u_ASYNC_FIFO.memory_core.mem[31]
          SYS_TOP.u_ASYNC_FIFO.memory_core.mem[32]
          SYS_TOP.u_ASYNC_FIFO.memory_core.mem[33]
          SYS_TOP.u_ASYNC_FIFO.memory_core.mem[34]
          SYS_TOP.u_ASYNC_FIFO.memory_core.mem[35]
          SYS_TOP.u_ASYNC_FIFO.memory_core.mem[36]
          SYS_TOP.u_ASYNC_FIFO.memory_core.mem[37]
          SYS_TOP.u_ASYNC_FIFO.memory_core.mem[38]
          SYS_TOP.u_ASYNC_FIFO.memory_core.mem[39]
          SYS_TOP.u_ASYNC_FIFO.memory_core.mem[40]
          SYS_TOP.u_ASYNC_FIFO.memory_core.mem[41]
          SYS_TOP.u_ASYNC_FIFO.memory_core.mem[42]
          SYS_TOP.u_ASYNC_FIFO.memory_core.mem[43]
          SYS_TOP.u_ASYNC_FIFO.memory_core.mem[44]
          SYS_TOP.u_ASYNC_FIFO.memory_core.mem[45]
          SYS_TOP.u_ASYNC_FIFO.memory_core.mem[46]
          SYS_TOP.u_ASYNC_FIFO.memory_core.mem[47]
          SYS_TOP.u_ASYNC_FIFO.memory_core.mem[48]
          SYS_TOP.u_ASYNC_FIFO.memory_core.mem[49]
          SYS_TOP.u_ASYNC_FIFO.memory_core.mem[50]
          SYS_TOP.u_ASYNC_FIFO.memory_core.mem[51]
          SYS_TOP.u_ASYNC_FIFO.memory_core.mem[52]
          SYS_TOP.u_ASYNC_FIFO.memory_core.mem[53]
          SYS_TOP.u_ASYNC_FIFO.memory_core.mem[54]
          SYS_TOP.u_ASYNC_FIFO.memory_core.mem[55]
          SYS_TOP.u_ASYNC_FIFO.memory_core.mem[56]
          SYS_TOP.u_ASYNC_FIFO.memory_core.mem[57]
          SYS_TOP.u_ASYNC_FIFO.memory_core.mem[58]
          SYS_TOP.u_ASYNC_FIFO.memory_core.mem[59]
          SYS_TOP.u_ASYNC_FIFO.memory_core.mem[60]
          SYS_TOP.u_ASYNC_FIFO.memory_core.mem[61]
          SYS_TOP.u_ASYNC_FIFO.memory_core.mem[62]
          SYS_TOP.u_ASYNC_FIFO.memory_core.mem[63]

  18.     SYS_TOP.u_ASYNC_FIFO.memory_core.mem[0]    STOP_CHECKER                    -                 -                 -                 SYSTEM.sgdc:35
          SYS_TOP.u_ASYNC_FIFO.memory_core.mem[1]
          SYS_TOP.u_ASYNC_FIFO.memory_core.mem[2]
          SYS_TOP.u_ASYNC_FIFO.memory_core.mem[3]
          SYS_TOP.u_ASYNC_FIFO.memory_core.mem[4]
          SYS_TOP.u_ASYNC_FIFO.memory_core.mem[5]
          SYS_TOP.u_ASYNC_FIFO.memory_core.mem[6]
          SYS_TOP.u_ASYNC_FIFO.memory_core.mem[7]
          SYS_TOP.u_ASYNC_FIFO.memory_core.mem[8]
          SYS_TOP.u_ASYNC_FIFO.memory_core.mem[9]
          SYS_TOP.u_ASYNC_FIFO.memory_core.mem[10]
          SYS_TOP.u_ASYNC_FIFO.memory_core.mem[11]
          SYS_TOP.u_ASYNC_FIFO.memory_core.mem[12]
          SYS_TOP.u_ASYNC_FIFO.memory_core.mem[13]
          SYS_TOP.u_ASYNC_FIFO.memory_core.mem[14]
          SYS_TOP.u_ASYNC_FIFO.memory_core.mem[15]
          SYS_TOP.u_ASYNC_FIFO.memory_core.mem[16]
          SYS_TOP.u_ASYNC_FIFO.memory_core.mem[17]
          SYS_TOP.u_ASYNC_FIFO.memory_core.mem[18]
          SYS_TOP.u_ASYNC_FIFO.memory_core.mem[19]
          SYS_TOP.u_ASYNC_FIFO.memory_core.mem[20]
          SYS_TOP.u_ASYNC_FIFO.memory_core.mem[21]
          SYS_TOP.u_ASYNC_FIFO.memory_core.mem[22]
          SYS_TOP.u_ASYNC_FIFO.memory_core.mem[23]
          SYS_TOP.u_ASYNC_FIFO.memory_core.mem[24]
          SYS_TOP.u_ASYNC_FIFO.memory_core.mem[25]
          SYS_TOP.u_ASYNC_FIFO.memory_core.mem[26]
          SYS_TOP.u_ASYNC_FIFO.memory_core.mem[27]
          SYS_TOP.u_ASYNC_FIFO.memory_core.mem[28]
          SYS_TOP.u_ASYNC_FIFO.memory_core.mem[29]
          SYS_TOP.u_ASYNC_FIFO.memory_core.mem[30]
          SYS_TOP.u_ASYNC_FIFO.memory_core.mem[31]
          SYS_TOP.u_ASYNC_FIFO.memory_core.mem[32]
          SYS_TOP.u_ASYNC_FIFO.memory_core.mem[33]
          SYS_TOP.u_ASYNC_FIFO.memory_core.mem[34]
          SYS_TOP.u_ASYNC_FIFO.memory_core.mem[35]
          SYS_TOP.u_ASYNC_FIFO.memory_core.mem[36]
          SYS_TOP.u_ASYNC_FIFO.memory_core.mem[37]
          SYS_TOP.u_ASYNC_FIFO.memory_core.mem[38]
          SYS_TOP.u_ASYNC_FIFO.memory_core.mem[39]
          SYS_TOP.u_ASYNC_FIFO.memory_core.mem[40]
          SYS_TOP.u_ASYNC_FIFO.memory_core.mem[41]
          SYS_TOP.u_ASYNC_FIFO.memory_core.mem[42]
          SYS_TOP.u_ASYNC_FIFO.memory_core.mem[43]
          SYS_TOP.u_ASYNC_FIFO.memory_core.mem[44]
          SYS_TOP.u_ASYNC_FIFO.memory_core.mem[45]
          SYS_TOP.u_ASYNC_FIFO.memory_core.mem[46]
          SYS_TOP.u_ASYNC_FIFO.memory_core.mem[47]
          SYS_TOP.u_ASYNC_FIFO.memory_core.mem[48]
          SYS_TOP.u_ASYNC_FIFO.memory_core.mem[49]
          SYS_TOP.u_ASYNC_FIFO.memory_core.mem[50]
          SYS_TOP.u_ASYNC_FIFO.memory_core.mem[51]
          SYS_TOP.u_ASYNC_FIFO.memory_core.mem[52]
          SYS_TOP.u_ASYNC_FIFO.memory_core.mem[53]
          SYS_TOP.u_ASYNC_FIFO.memory_core.mem[54]
          SYS_TOP.u_ASYNC_FIFO.memory_core.mem[55]
          SYS_TOP.u_ASYNC_FIFO.memory_core.mem[56]
          SYS_TOP.u_ASYNC_FIFO.memory_core.mem[57]
          SYS_TOP.u_ASYNC_FIFO.memory_core.mem[58]
          SYS_TOP.u_ASYNC_FIFO.memory_core.mem[59]
          SYS_TOP.u_ASYNC_FIFO.memory_core.mem[60]
          SYS_TOP.u_ASYNC_FIFO.memory_core.mem[61]
          SYS_TOP.u_ASYNC_FIFO.memory_core.mem[62]
          SYS_TOP.u_ASYNC_FIFO.memory_core.mem[63]

  19.     SYS_TOP.u_ASYNC_FIFO.memory_core.mem[0]    RX_FSM                          -                 -                 -                 SYSTEM.sgdc:35
          SYS_TOP.u_ASYNC_FIFO.memory_core.mem[1]
          SYS_TOP.u_ASYNC_FIFO.memory_core.mem[2]
          SYS_TOP.u_ASYNC_FIFO.memory_core.mem[3]
          SYS_TOP.u_ASYNC_FIFO.memory_core.mem[4]
          SYS_TOP.u_ASYNC_FIFO.memory_core.mem[5]
          SYS_TOP.u_ASYNC_FIFO.memory_core.mem[6]
          SYS_TOP.u_ASYNC_FIFO.memory_core.mem[7]
          SYS_TOP.u_ASYNC_FIFO.memory_core.mem[8]
          SYS_TOP.u_ASYNC_FIFO.memory_core.mem[9]
          SYS_TOP.u_ASYNC_FIFO.memory_core.mem[10]
          SYS_TOP.u_ASYNC_FIFO.memory_core.mem[11]
          SYS_TOP.u_ASYNC_FIFO.memory_core.mem[12]
          SYS_TOP.u_ASYNC_FIFO.memory_core.mem[13]
          SYS_TOP.u_ASYNC_FIFO.memory_core.mem[14]
          SYS_TOP.u_ASYNC_FIFO.memory_core.mem[15]
          SYS_TOP.u_ASYNC_FIFO.memory_core.mem[16]
          SYS_TOP.u_ASYNC_FIFO.memory_core.mem[17]
          SYS_TOP.u_ASYNC_FIFO.memory_core.mem[18]
          SYS_TOP.u_ASYNC_FIFO.memory_core.mem[19]
          SYS_TOP.u_ASYNC_FIFO.memory_core.mem[20]
          SYS_TOP.u_ASYNC_FIFO.memory_core.mem[21]
          SYS_TOP.u_ASYNC_FIFO.memory_core.mem[22]
          SYS_TOP.u_ASYNC_FIFO.memory_core.mem[23]
          SYS_TOP.u_ASYNC_FIFO.memory_core.mem[24]
          SYS_TOP.u_ASYNC_FIFO.memory_core.mem[25]
          SYS_TOP.u_ASYNC_FIFO.memory_core.mem[26]
          SYS_TOP.u_ASYNC_FIFO.memory_core.mem[27]
          SYS_TOP.u_ASYNC_FIFO.memory_core.mem[28]
          SYS_TOP.u_ASYNC_FIFO.memory_core.mem[29]
          SYS_TOP.u_ASYNC_FIFO.memory_core.mem[30]
          SYS_TOP.u_ASYNC_FIFO.memory_core.mem[31]
          SYS_TOP.u_ASYNC_FIFO.memory_core.mem[32]
          SYS_TOP.u_ASYNC_FIFO.memory_core.mem[33]
          SYS_TOP.u_ASYNC_FIFO.memory_core.mem[34]
          SYS_TOP.u_ASYNC_FIFO.memory_core.mem[35]
          SYS_TOP.u_ASYNC_FIFO.memory_core.mem[36]
          SYS_TOP.u_ASYNC_FIFO.memory_core.mem[37]
          SYS_TOP.u_ASYNC_FIFO.memory_core.mem[38]
          SYS_TOP.u_ASYNC_FIFO.memory_core.mem[39]
          SYS_TOP.u_ASYNC_FIFO.memory_core.mem[40]
          SYS_TOP.u_ASYNC_FIFO.memory_core.mem[41]
          SYS_TOP.u_ASYNC_FIFO.memory_core.mem[42]
          SYS_TOP.u_ASYNC_FIFO.memory_core.mem[43]
          SYS_TOP.u_ASYNC_FIFO.memory_core.mem[44]
          SYS_TOP.u_ASYNC_FIFO.memory_core.mem[45]
          SYS_TOP.u_ASYNC_FIFO.memory_core.mem[46]
          SYS_TOP.u_ASYNC_FIFO.memory_core.mem[47]
          SYS_TOP.u_ASYNC_FIFO.memory_core.mem[48]
          SYS_TOP.u_ASYNC_FIFO.memory_core.mem[49]
          SYS_TOP.u_ASYNC_FIFO.memory_core.mem[50]
          SYS_TOP.u_ASYNC_FIFO.memory_core.mem[51]
          SYS_TOP.u_ASYNC_FIFO.memory_core.mem[52]
          SYS_TOP.u_ASYNC_FIFO.memory_core.mem[53]
          SYS_TOP.u_ASYNC_FIFO.memory_core.mem[54]
          SYS_TOP.u_ASYNC_FIFO.memory_core.mem[55]
          SYS_TOP.u_ASYNC_FIFO.memory_core.mem[56]
          SYS_TOP.u_ASYNC_FIFO.memory_core.mem[57]
          SYS_TOP.u_ASYNC_FIFO.memory_core.mem[58]
          SYS_TOP.u_ASYNC_FIFO.memory_core.mem[59]
          SYS_TOP.u_ASYNC_FIFO.memory_core.mem[60]
          SYS_TOP.u_ASYNC_FIFO.memory_core.mem[61]
          SYS_TOP.u_ASYNC_FIFO.memory_core.mem[62]
          SYS_TOP.u_ASYNC_FIFO.memory_core.mem[63]

  20.     SYS_TOP.u_ASYNC_FIFO.memory_core.mem[0]    DATA_SYNC                       -                 -                 -                 SYSTEM.sgdc:35
          SYS_TOP.u_ASYNC_FIFO.memory_core.mem[1]
          SYS_TOP.u_ASYNC_FIFO.memory_core.mem[2]
          SYS_TOP.u_ASYNC_FIFO.memory_core.mem[3]
          SYS_TOP.u_ASYNC_FIFO.memory_core.mem[4]
          SYS_TOP.u_ASYNC_FIFO.memory_core.mem[5]
          SYS_TOP.u_ASYNC_FIFO.memory_core.mem[6]
          SYS_TOP.u_ASYNC_FIFO.memory_core.mem[7]
          SYS_TOP.u_ASYNC_FIFO.memory_core.mem[8]
          SYS_TOP.u_ASYNC_FIFO.memory_core.mem[9]
          SYS_TOP.u_ASYNC_FIFO.memory_core.mem[10]
          SYS_TOP.u_ASYNC_FIFO.memory_core.mem[11]
          SYS_TOP.u_ASYNC_FIFO.memory_core.mem[12]
          SYS_TOP.u_ASYNC_FIFO.memory_core.mem[13]
          SYS_TOP.u_ASYNC_FIFO.memory_core.mem[14]
          SYS_TOP.u_ASYNC_FIFO.memory_core.mem[15]
          SYS_TOP.u_ASYNC_FIFO.memory_core.mem[16]
          SYS_TOP.u_ASYNC_FIFO.memory_core.mem[17]
          SYS_TOP.u_ASYNC_FIFO.memory_core.mem[18]
          SYS_TOP.u_ASYNC_FIFO.memory_core.mem[19]
          SYS_TOP.u_ASYNC_FIFO.memory_core.mem[20]
          SYS_TOP.u_ASYNC_FIFO.memory_core.mem[21]
          SYS_TOP.u_ASYNC_FIFO.memory_core.mem[22]
          SYS_TOP.u_ASYNC_FIFO.memory_core.mem[23]
          SYS_TOP.u_ASYNC_FIFO.memory_core.mem[24]
          SYS_TOP.u_ASYNC_FIFO.memory_core.mem[25]
          SYS_TOP.u_ASYNC_FIFO.memory_core.mem[26]
          SYS_TOP.u_ASYNC_FIFO.memory_core.mem[27]
          SYS_TOP.u_ASYNC_FIFO.memory_core.mem[28]
          SYS_TOP.u_ASYNC_FIFO.memory_core.mem[29]
          SYS_TOP.u_ASYNC_FIFO.memory_core.mem[30]
          SYS_TOP.u_ASYNC_FIFO.memory_core.mem[31]
          SYS_TOP.u_ASYNC_FIFO.memory_core.mem[32]
          SYS_TOP.u_ASYNC_FIFO.memory_core.mem[33]
          SYS_TOP.u_ASYNC_FIFO.memory_core.mem[34]
          SYS_TOP.u_ASYNC_FIFO.memory_core.mem[35]
          SYS_TOP.u_ASYNC_FIFO.memory_core.mem[36]
          SYS_TOP.u_ASYNC_FIFO.memory_core.mem[37]
          SYS_TOP.u_ASYNC_FIFO.memory_core.mem[38]
          SYS_TOP.u_ASYNC_FIFO.memory_core.mem[39]
          SYS_TOP.u_ASYNC_FIFO.memory_core.mem[40]
          SYS_TOP.u_ASYNC_FIFO.memory_core.mem[41]
          SYS_TOP.u_ASYNC_FIFO.memory_core.mem[42]
          SYS_TOP.u_ASYNC_FIFO.memory_core.mem[43]
          SYS_TOP.u_ASYNC_FIFO.memory_core.mem[44]
          SYS_TOP.u_ASYNC_FIFO.memory_core.mem[45]
          SYS_TOP.u_ASYNC_FIFO.memory_core.mem[46]
          SYS_TOP.u_ASYNC_FIFO.memory_core.mem[47]
          SYS_TOP.u_ASYNC_FIFO.memory_core.mem[48]
          SYS_TOP.u_ASYNC_FIFO.memory_core.mem[49]
          SYS_TOP.u_ASYNC_FIFO.memory_core.mem[50]
          SYS_TOP.u_ASYNC_FIFO.memory_core.mem[51]
          SYS_TOP.u_ASYNC_FIFO.memory_core.mem[52]
          SYS_TOP.u_ASYNC_FIFO.memory_core.mem[53]
          SYS_TOP.u_ASYNC_FIFO.memory_core.mem[54]
          SYS_TOP.u_ASYNC_FIFO.memory_core.mem[55]
          SYS_TOP.u_ASYNC_FIFO.memory_core.mem[56]
          SYS_TOP.u_ASYNC_FIFO.memory_core.mem[57]
          SYS_TOP.u_ASYNC_FIFO.memory_core.mem[58]
          SYS_TOP.u_ASYNC_FIFO.memory_core.mem[59]
          SYS_TOP.u_ASYNC_FIFO.memory_core.mem[60]
          SYS_TOP.u_ASYNC_FIFO.memory_core.mem[61]
          SYS_TOP.u_ASYNC_FIFO.memory_core.mem[62]
          SYS_TOP.u_ASYNC_FIFO.memory_core.mem[63]

  21.     SYS_TOP.u_ASYNC_FIFO.memory_core.mem[0]    ASYNC_FIFO_TOP                  -                 -                 -                 SYSTEM.sgdc:35
          SYS_TOP.u_ASYNC_FIFO.memory_core.mem[1]
          SYS_TOP.u_ASYNC_FIFO.memory_core.mem[2]
          SYS_TOP.u_ASYNC_FIFO.memory_core.mem[3]
          SYS_TOP.u_ASYNC_FIFO.memory_core.mem[4]
          SYS_TOP.u_ASYNC_FIFO.memory_core.mem[5]
          SYS_TOP.u_ASYNC_FIFO.memory_core.mem[6]
          SYS_TOP.u_ASYNC_FIFO.memory_core.mem[7]
          SYS_TOP.u_ASYNC_FIFO.memory_core.mem[8]
          SYS_TOP.u_ASYNC_FIFO.memory_core.mem[9]
          SYS_TOP.u_ASYNC_FIFO.memory_core.mem[10]
          SYS_TOP.u_ASYNC_FIFO.memory_core.mem[11]
          SYS_TOP.u_ASYNC_FIFO.memory_core.mem[12]
          SYS_TOP.u_ASYNC_FIFO.memory_core.mem[13]
          SYS_TOP.u_ASYNC_FIFO.memory_core.mem[14]
          SYS_TOP.u_ASYNC_FIFO.memory_core.mem[15]
          SYS_TOP.u_ASYNC_FIFO.memory_core.mem[16]
          SYS_TOP.u_ASYNC_FIFO.memory_core.mem[17]
          SYS_TOP.u_ASYNC_FIFO.memory_core.mem[18]
          SYS_TOP.u_ASYNC_FIFO.memory_core.mem[19]
          SYS_TOP.u_ASYNC_FIFO.memory_core.mem[20]
          SYS_TOP.u_ASYNC_FIFO.memory_core.mem[21]
          SYS_TOP.u_ASYNC_FIFO.memory_core.mem[22]
          SYS_TOP.u_ASYNC_FIFO.memory_core.mem[23]
          SYS_TOP.u_ASYNC_FIFO.memory_core.mem[24]
          SYS_TOP.u_ASYNC_FIFO.memory_core.mem[25]
          SYS_TOP.u_ASYNC_FIFO.memory_core.mem[26]
          SYS_TOP.u_ASYNC_FIFO.memory_core.mem[27]
          SYS_TOP.u_ASYNC_FIFO.memory_core.mem[28]
          SYS_TOP.u_ASYNC_FIFO.memory_core.mem[29]
          SYS_TOP.u_ASYNC_FIFO.memory_core.mem[30]
          SYS_TOP.u_ASYNC_FIFO.memory_core.mem[31]
          SYS_TOP.u_ASYNC_FIFO.memory_core.mem[32]
          SYS_TOP.u_ASYNC_FIFO.memory_core.mem[33]
          SYS_TOP.u_ASYNC_FIFO.memory_core.mem[34]
          SYS_TOP.u_ASYNC_FIFO.memory_core.mem[35]
          SYS_TOP.u_ASYNC_FIFO.memory_core.mem[36]
          SYS_TOP.u_ASYNC_FIFO.memory_core.mem[37]
          SYS_TOP.u_ASYNC_FIFO.memory_core.mem[38]
          SYS_TOP.u_ASYNC_FIFO.memory_core.mem[39]
          SYS_TOP.u_ASYNC_FIFO.memory_core.mem[40]
          SYS_TOP.u_ASYNC_FIFO.memory_core.mem[41]
          SYS_TOP.u_ASYNC_FIFO.memory_core.mem[42]
          SYS_TOP.u_ASYNC_FIFO.memory_core.mem[43]
          SYS_TOP.u_ASYNC_FIFO.memory_core.mem[44]
          SYS_TOP.u_ASYNC_FIFO.memory_core.mem[45]
          SYS_TOP.u_ASYNC_FIFO.memory_core.mem[46]
          SYS_TOP.u_ASYNC_FIFO.memory_core.mem[47]
          SYS_TOP.u_ASYNC_FIFO.memory_core.mem[48]
          SYS_TOP.u_ASYNC_FIFO.memory_core.mem[49]
          SYS_TOP.u_ASYNC_FIFO.memory_core.mem[50]
          SYS_TOP.u_ASYNC_FIFO.memory_core.mem[51]
          SYS_TOP.u_ASYNC_FIFO.memory_core.mem[52]
          SYS_TOP.u_ASYNC_FIFO.memory_core.mem[53]
          SYS_TOP.u_ASYNC_FIFO.memory_core.mem[54]
          SYS_TOP.u_ASYNC_FIFO.memory_core.mem[55]
          SYS_TOP.u_ASYNC_FIFO.memory_core.mem[56]
          SYS_TOP.u_ASYNC_FIFO.memory_core.mem[57]
          SYS_TOP.u_ASYNC_FIFO.memory_core.mem[58]
          SYS_TOP.u_ASYNC_FIFO.memory_core.mem[59]
          SYS_TOP.u_ASYNC_FIFO.memory_core.mem[60]
          SYS_TOP.u_ASYNC_FIFO.memory_core.mem[61]
          SYS_TOP.u_ASYNC_FIFO.memory_core.mem[62]
          SYS_TOP.u_ASYNC_FIFO.memory_core.mem[63]

  22.     SYS_TOP.u_ASYNC_FIFO.memory_core.mem[0]    FIFO_WR                         -                 -                 -                 SYSTEM.sgdc:35
          SYS_TOP.u_ASYNC_FIFO.memory_core.mem[1]
          SYS_TOP.u_ASYNC_FIFO.memory_core.mem[2]
          SYS_TOP.u_ASYNC_FIFO.memory_core.mem[3]
          SYS_TOP.u_ASYNC_FIFO.memory_core.mem[4]
          SYS_TOP.u_ASYNC_FIFO.memory_core.mem[5]
          SYS_TOP.u_ASYNC_FIFO.memory_core.mem[6]
          SYS_TOP.u_ASYNC_FIFO.memory_core.mem[7]
          SYS_TOP.u_ASYNC_FIFO.memory_core.mem[8]
          SYS_TOP.u_ASYNC_FIFO.memory_core.mem[9]
          SYS_TOP.u_ASYNC_FIFO.memory_core.mem[10]
          SYS_TOP.u_ASYNC_FIFO.memory_core.mem[11]
          SYS_TOP.u_ASYNC_FIFO.memory_core.mem[12]
          SYS_TOP.u_ASYNC_FIFO.memory_core.mem[13]
          SYS_TOP.u_ASYNC_FIFO.memory_core.mem[14]
          SYS_TOP.u_ASYNC_FIFO.memory_core.mem[15]
          SYS_TOP.u_ASYNC_FIFO.memory_core.mem[16]
          SYS_TOP.u_ASYNC_FIFO.memory_core.mem[17]
          SYS_TOP.u_ASYNC_FIFO.memory_core.mem[18]
          SYS_TOP.u_ASYNC_FIFO.memory_core.mem[19]
          SYS_TOP.u_ASYNC_FIFO.memory_core.mem[20]
          SYS_TOP.u_ASYNC_FIFO.memory_core.mem[21]
          SYS_TOP.u_ASYNC_FIFO.memory_core.mem[22]
          SYS_TOP.u_ASYNC_FIFO.memory_core.mem[23]
          SYS_TOP.u_ASYNC_FIFO.memory_core.mem[24]
          SYS_TOP.u_ASYNC_FIFO.memory_core.mem[25]
          SYS_TOP.u_ASYNC_FIFO.memory_core.mem[26]
          SYS_TOP.u_ASYNC_FIFO.memory_core.mem[27]
          SYS_TOP.u_ASYNC_FIFO.memory_core.mem[28]
          SYS_TOP.u_ASYNC_FIFO.memory_core.mem[29]
          SYS_TOP.u_ASYNC_FIFO.memory_core.mem[30]
          SYS_TOP.u_ASYNC_FIFO.memory_core.mem[31]
          SYS_TOP.u_ASYNC_FIFO.memory_core.mem[32]
          SYS_TOP.u_ASYNC_FIFO.memory_core.mem[33]
          SYS_TOP.u_ASYNC_FIFO.memory_core.mem[34]
          SYS_TOP.u_ASYNC_FIFO.memory_core.mem[35]
          SYS_TOP.u_ASYNC_FIFO.memory_core.mem[36]
          SYS_TOP.u_ASYNC_FIFO.memory_core.mem[37]
          SYS_TOP.u_ASYNC_FIFO.memory_core.mem[38]
          SYS_TOP.u_ASYNC_FIFO.memory_core.mem[39]
          SYS_TOP.u_ASYNC_FIFO.memory_core.mem[40]
          SYS_TOP.u_ASYNC_FIFO.memory_core.mem[41]
          SYS_TOP.u_ASYNC_FIFO.memory_core.mem[42]
          SYS_TOP.u_ASYNC_FIFO.memory_core.mem[43]
          SYS_TOP.u_ASYNC_FIFO.memory_core.mem[44]
          SYS_TOP.u_ASYNC_FIFO.memory_core.mem[45]
          SYS_TOP.u_ASYNC_FIFO.memory_core.mem[46]
          SYS_TOP.u_ASYNC_FIFO.memory_core.mem[47]
          SYS_TOP.u_ASYNC_FIFO.memory_core.mem[48]
          SYS_TOP.u_ASYNC_FIFO.memory_core.mem[49]
          SYS_TOP.u_ASYNC_FIFO.memory_core.mem[50]
          SYS_TOP.u_ASYNC_FIFO.memory_core.mem[51]
          SYS_TOP.u_ASYNC_FIFO.memory_core.mem[52]
          SYS_TOP.u_ASYNC_FIFO.memory_core.mem[53]
          SYS_TOP.u_ASYNC_FIFO.memory_core.mem[54]
          SYS_TOP.u_ASYNC_FIFO.memory_core.mem[55]
          SYS_TOP.u_ASYNC_FIFO.memory_core.mem[56]
          SYS_TOP.u_ASYNC_FIFO.memory_core.mem[57]
          SYS_TOP.u_ASYNC_FIFO.memory_core.mem[58]
          SYS_TOP.u_ASYNC_FIFO.memory_core.mem[59]
          SYS_TOP.u_ASYNC_FIFO.memory_core.mem[60]
          SYS_TOP.u_ASYNC_FIFO.memory_core.mem[61]
          SYS_TOP.u_ASYNC_FIFO.memory_core.mem[62]
          SYS_TOP.u_ASYNC_FIFO.memory_core.mem[63]

  23.     SYS_TOP.u_ASYNC_FIFO.memory_core.mem[0]    B2G                             -                 -                 -                 SYSTEM.sgdc:35
          SYS_TOP.u_ASYNC_FIFO.memory_core.mem[1]
          SYS_TOP.u_ASYNC_FIFO.memory_core.mem[2]
          SYS_TOP.u_ASYNC_FIFO.memory_core.mem[3]
          SYS_TOP.u_ASYNC_FIFO.memory_core.mem[4]
          SYS_TOP.u_ASYNC_FIFO.memory_core.mem[5]
          SYS_TOP.u_ASYNC_FIFO.memory_core.mem[6]
          SYS_TOP.u_ASYNC_FIFO.memory_core.mem[7]
          SYS_TOP.u_ASYNC_FIFO.memory_core.mem[8]
          SYS_TOP.u_ASYNC_FIFO.memory_core.mem[9]
          SYS_TOP.u_ASYNC_FIFO.memory_core.mem[10]
          SYS_TOP.u_ASYNC_FIFO.memory_core.mem[11]
          SYS_TOP.u_ASYNC_FIFO.memory_core.mem[12]
          SYS_TOP.u_ASYNC_FIFO.memory_core.mem[13]
          SYS_TOP.u_ASYNC_FIFO.memory_core.mem[14]
          SYS_TOP.u_ASYNC_FIFO.memory_core.mem[15]
          SYS_TOP.u_ASYNC_FIFO.memory_core.mem[16]
          SYS_TOP.u_ASYNC_FIFO.memory_core.mem[17]
          SYS_TOP.u_ASYNC_FIFO.memory_core.mem[18]
          SYS_TOP.u_ASYNC_FIFO.memory_core.mem[19]
          SYS_TOP.u_ASYNC_FIFO.memory_core.mem[20]
          SYS_TOP.u_ASYNC_FIFO.memory_core.mem[21]
          SYS_TOP.u_ASYNC_FIFO.memory_core.mem[22]
          SYS_TOP.u_ASYNC_FIFO.memory_core.mem[23]
          SYS_TOP.u_ASYNC_FIFO.memory_core.mem[24]
          SYS_TOP.u_ASYNC_FIFO.memory_core.mem[25]
          SYS_TOP.u_ASYNC_FIFO.memory_core.mem[26]
          SYS_TOP.u_ASYNC_FIFO.memory_core.mem[27]
          SYS_TOP.u_ASYNC_FIFO.memory_core.mem[28]
          SYS_TOP.u_ASYNC_FIFO.memory_core.mem[29]
          SYS_TOP.u_ASYNC_FIFO.memory_core.mem[30]
          SYS_TOP.u_ASYNC_FIFO.memory_core.mem[31]
          SYS_TOP.u_ASYNC_FIFO.memory_core.mem[32]
          SYS_TOP.u_ASYNC_FIFO.memory_core.mem[33]
          SYS_TOP.u_ASYNC_FIFO.memory_core.mem[34]
          SYS_TOP.u_ASYNC_FIFO.memory_core.mem[35]
          SYS_TOP.u_ASYNC_FIFO.memory_core.mem[36]
          SYS_TOP.u_ASYNC_FIFO.memory_core.mem[37]
          SYS_TOP.u_ASYNC_FIFO.memory_core.mem[38]
          SYS_TOP.u_ASYNC_FIFO.memory_core.mem[39]
          SYS_TOP.u_ASYNC_FIFO.memory_core.mem[40]
          SYS_TOP.u_ASYNC_FIFO.memory_core.mem[41]
          SYS_TOP.u_ASYNC_FIFO.memory_core.mem[42]
          SYS_TOP.u_ASYNC_FIFO.memory_core.mem[43]
          SYS_TOP.u_ASYNC_FIFO.memory_core.mem[44]
          SYS_TOP.u_ASYNC_FIFO.memory_core.mem[45]
          SYS_TOP.u_ASYNC_FIFO.memory_core.mem[46]
          SYS_TOP.u_ASYNC_FIFO.memory_core.mem[47]
          SYS_TOP.u_ASYNC_FIFO.memory_core.mem[48]
          SYS_TOP.u_ASYNC_FIFO.memory_core.mem[49]
          SYS_TOP.u_ASYNC_FIFO.memory_core.mem[50]
          SYS_TOP.u_ASYNC_FIFO.memory_core.mem[51]
          SYS_TOP.u_ASYNC_FIFO.memory_core.mem[52]
          SYS_TOP.u_ASYNC_FIFO.memory_core.mem[53]
          SYS_TOP.u_ASYNC_FIFO.memory_core.mem[54]
          SYS_TOP.u_ASYNC_FIFO.memory_core.mem[55]
          SYS_TOP.u_ASYNC_FIFO.memory_core.mem[56]
          SYS_TOP.u_ASYNC_FIFO.memory_core.mem[57]
          SYS_TOP.u_ASYNC_FIFO.memory_core.mem[58]
          SYS_TOP.u_ASYNC_FIFO.memory_core.mem[59]
          SYS_TOP.u_ASYNC_FIFO.memory_core.mem[60]
          SYS_TOP.u_ASYNC_FIFO.memory_core.mem[61]
          SYS_TOP.u_ASYNC_FIFO.memory_core.mem[62]
          SYS_TOP.u_ASYNC_FIFO.memory_core.mem[63]

  24.     SYS_TOP.u_ASYNC_FIFO.memory_core.mem[0]    DFFS                            -                 -                 -                 SYSTEM.sgdc:35
          SYS_TOP.u_ASYNC_FIFO.memory_core.mem[1]
          SYS_TOP.u_ASYNC_FIFO.memory_core.mem[2]
          SYS_TOP.u_ASYNC_FIFO.memory_core.mem[3]
          SYS_TOP.u_ASYNC_FIFO.memory_core.mem[4]
          SYS_TOP.u_ASYNC_FIFO.memory_core.mem[5]
          SYS_TOP.u_ASYNC_FIFO.memory_core.mem[6]
          SYS_TOP.u_ASYNC_FIFO.memory_core.mem[7]
          SYS_TOP.u_ASYNC_FIFO.memory_core.mem[8]
          SYS_TOP.u_ASYNC_FIFO.memory_core.mem[9]
          SYS_TOP.u_ASYNC_FIFO.memory_core.mem[10]
          SYS_TOP.u_ASYNC_FIFO.memory_core.mem[11]
          SYS_TOP.u_ASYNC_FIFO.memory_core.mem[12]
          SYS_TOP.u_ASYNC_FIFO.memory_core.mem[13]
          SYS_TOP.u_ASYNC_FIFO.memory_core.mem[14]
          SYS_TOP.u_ASYNC_FIFO.memory_core.mem[15]
          SYS_TOP.u_ASYNC_FIFO.memory_core.mem[16]
          SYS_TOP.u_ASYNC_FIFO.memory_core.mem[17]
          SYS_TOP.u_ASYNC_FIFO.memory_core.mem[18]
          SYS_TOP.u_ASYNC_FIFO.memory_core.mem[19]
          SYS_TOP.u_ASYNC_FIFO.memory_core.mem[20]
          SYS_TOP.u_ASYNC_FIFO.memory_core.mem[21]
          SYS_TOP.u_ASYNC_FIFO.memory_core.mem[22]
          SYS_TOP.u_ASYNC_FIFO.memory_core.mem[23]
          SYS_TOP.u_ASYNC_FIFO.memory_core.mem[24]
          SYS_TOP.u_ASYNC_FIFO.memory_core.mem[25]
          SYS_TOP.u_ASYNC_FIFO.memory_core.mem[26]
          SYS_TOP.u_ASYNC_FIFO.memory_core.mem[27]
          SYS_TOP.u_ASYNC_FIFO.memory_core.mem[28]
          SYS_TOP.u_ASYNC_FIFO.memory_core.mem[29]
          SYS_TOP.u_ASYNC_FIFO.memory_core.mem[30]
          SYS_TOP.u_ASYNC_FIFO.memory_core.mem[31]
          SYS_TOP.u_ASYNC_FIFO.memory_core.mem[32]
          SYS_TOP.u_ASYNC_FIFO.memory_core.mem[33]
          SYS_TOP.u_ASYNC_FIFO.memory_core.mem[34]
          SYS_TOP.u_ASYNC_FIFO.memory_core.mem[35]
          SYS_TOP.u_ASYNC_FIFO.memory_core.mem[36]
          SYS_TOP.u_ASYNC_FIFO.memory_core.mem[37]
          SYS_TOP.u_ASYNC_FIFO.memory_core.mem[38]
          SYS_TOP.u_ASYNC_FIFO.memory_core.mem[39]
          SYS_TOP.u_ASYNC_FIFO.memory_core.mem[40]
          SYS_TOP.u_ASYNC_FIFO.memory_core.mem[41]
          SYS_TOP.u_ASYNC_FIFO.memory_core.mem[42]
          SYS_TOP.u_ASYNC_FIFO.memory_core.mem[43]
          SYS_TOP.u_ASYNC_FIFO.memory_core.mem[44]
          SYS_TOP.u_ASYNC_FIFO.memory_core.mem[45]
          SYS_TOP.u_ASYNC_FIFO.memory_core.mem[46]
          SYS_TOP.u_ASYNC_FIFO.memory_core.mem[47]
          SYS_TOP.u_ASYNC_FIFO.memory_core.mem[48]
          SYS_TOP.u_ASYNC_FIFO.memory_core.mem[49]
          SYS_TOP.u_ASYNC_FIFO.memory_core.mem[50]
          SYS_TOP.u_ASYNC_FIFO.memory_core.mem[51]
          SYS_TOP.u_ASYNC_FIFO.memory_core.mem[52]
          SYS_TOP.u_ASYNC_FIFO.memory_core.mem[53]
          SYS_TOP.u_ASYNC_FIFO.memory_core.mem[54]
          SYS_TOP.u_ASYNC_FIFO.memory_core.mem[55]
          SYS_TOP.u_ASYNC_FIFO.memory_core.mem[56]
          SYS_TOP.u_ASYNC_FIFO.memory_core.mem[57]
          SYS_TOP.u_ASYNC_FIFO.memory_core.mem[58]
          SYS_TOP.u_ASYNC_FIFO.memory_core.mem[59]
          SYS_TOP.u_ASYNC_FIFO.memory_core.mem[60]
          SYS_TOP.u_ASYNC_FIFO.memory_core.mem[61]
          SYS_TOP.u_ASYNC_FIFO.memory_core.mem[62]
          SYS_TOP.u_ASYNC_FIFO.memory_core.mem[63]

  25.     SYS_TOP.u_ASYNC_FIFO.memory_core.mem[0]    G2B                             -                 -                 -                 SYSTEM.sgdc:35
          SYS_TOP.u_ASYNC_FIFO.memory_core.mem[1]
          SYS_TOP.u_ASYNC_FIFO.memory_core.mem[2]
          SYS_TOP.u_ASYNC_FIFO.memory_core.mem[3]
          SYS_TOP.u_ASYNC_FIFO.memory_core.mem[4]
          SYS_TOP.u_ASYNC_FIFO.memory_core.mem[5]
          SYS_TOP.u_ASYNC_FIFO.memory_core.mem[6]
          SYS_TOP.u_ASYNC_FIFO.memory_core.mem[7]
          SYS_TOP.u_ASYNC_FIFO.memory_core.mem[8]
          SYS_TOP.u_ASYNC_FIFO.memory_core.mem[9]
          SYS_TOP.u_ASYNC_FIFO.memory_core.mem[10]
          SYS_TOP.u_ASYNC_FIFO.memory_core.mem[11]
          SYS_TOP.u_ASYNC_FIFO.memory_core.mem[12]
          SYS_TOP.u_ASYNC_FIFO.memory_core.mem[13]
          SYS_TOP.u_ASYNC_FIFO.memory_core.mem[14]
          SYS_TOP.u_ASYNC_FIFO.memory_core.mem[15]
          SYS_TOP.u_ASYNC_FIFO.memory_core.mem[16]
          SYS_TOP.u_ASYNC_FIFO.memory_core.mem[17]
          SYS_TOP.u_ASYNC_FIFO.memory_core.mem[18]
          SYS_TOP.u_ASYNC_FIFO.memory_core.mem[19]
          SYS_TOP.u_ASYNC_FIFO.memory_core.mem[20]
          SYS_TOP.u_ASYNC_FIFO.memory_core.mem[21]
          SYS_TOP.u_ASYNC_FIFO.memory_core.mem[22]
          SYS_TOP.u_ASYNC_FIFO.memory_core.mem[23]
          SYS_TOP.u_ASYNC_FIFO.memory_core.mem[24]
          SYS_TOP.u_ASYNC_FIFO.memory_core.mem[25]
          SYS_TOP.u_ASYNC_FIFO.memory_core.mem[26]
          SYS_TOP.u_ASYNC_FIFO.memory_core.mem[27]
          SYS_TOP.u_ASYNC_FIFO.memory_core.mem[28]
          SYS_TOP.u_ASYNC_FIFO.memory_core.mem[29]
          SYS_TOP.u_ASYNC_FIFO.memory_core.mem[30]
          SYS_TOP.u_ASYNC_FIFO.memory_core.mem[31]
          SYS_TOP.u_ASYNC_FIFO.memory_core.mem[32]
          SYS_TOP.u_ASYNC_FIFO.memory_core.mem[33]
          SYS_TOP.u_ASYNC_FIFO.memory_core.mem[34]
          SYS_TOP.u_ASYNC_FIFO.memory_core.mem[35]
          SYS_TOP.u_ASYNC_FIFO.memory_core.mem[36]
          SYS_TOP.u_ASYNC_FIFO.memory_core.mem[37]
          SYS_TOP.u_ASYNC_FIFO.memory_core.mem[38]
          SYS_TOP.u_ASYNC_FIFO.memory_core.mem[39]
          SYS_TOP.u_ASYNC_FIFO.memory_core.mem[40]
          SYS_TOP.u_ASYNC_FIFO.memory_core.mem[41]
          SYS_TOP.u_ASYNC_FIFO.memory_core.mem[42]
          SYS_TOP.u_ASYNC_FIFO.memory_core.mem[43]
          SYS_TOP.u_ASYNC_FIFO.memory_core.mem[44]
          SYS_TOP.u_ASYNC_FIFO.memory_core.mem[45]
          SYS_TOP.u_ASYNC_FIFO.memory_core.mem[46]
          SYS_TOP.u_ASYNC_FIFO.memory_core.mem[47]
          SYS_TOP.u_ASYNC_FIFO.memory_core.mem[48]
          SYS_TOP.u_ASYNC_FIFO.memory_core.mem[49]
          SYS_TOP.u_ASYNC_FIFO.memory_core.mem[50]
          SYS_TOP.u_ASYNC_FIFO.memory_core.mem[51]
          SYS_TOP.u_ASYNC_FIFO.memory_core.mem[52]
          SYS_TOP.u_ASYNC_FIFO.memory_core.mem[53]
          SYS_TOP.u_ASYNC_FIFO.memory_core.mem[54]
          SYS_TOP.u_ASYNC_FIFO.memory_core.mem[55]
          SYS_TOP.u_ASYNC_FIFO.memory_core.mem[56]
          SYS_TOP.u_ASYNC_FIFO.memory_core.mem[57]
          SYS_TOP.u_ASYNC_FIFO.memory_core.mem[58]
          SYS_TOP.u_ASYNC_FIFO.memory_core.mem[59]
          SYS_TOP.u_ASYNC_FIFO.memory_core.mem[60]
          SYS_TOP.u_ASYNC_FIFO.memory_core.mem[61]
          SYS_TOP.u_ASYNC_FIFO.memory_core.mem[62]
          SYS_TOP.u_ASYNC_FIFO.memory_core.mem[63]

  26.     SYS_TOP.u_ASYNC_FIFO.memory_core.mem[0]    FIFO_RD                         -                 -                 -                 SYSTEM.sgdc:35
          SYS_TOP.u_ASYNC_FIFO.memory_core.mem[1]
          SYS_TOP.u_ASYNC_FIFO.memory_core.mem[2]
          SYS_TOP.u_ASYNC_FIFO.memory_core.mem[3]
          SYS_TOP.u_ASYNC_FIFO.memory_core.mem[4]
          SYS_TOP.u_ASYNC_FIFO.memory_core.mem[5]
          SYS_TOP.u_ASYNC_FIFO.memory_core.mem[6]
          SYS_TOP.u_ASYNC_FIFO.memory_core.mem[7]
          SYS_TOP.u_ASYNC_FIFO.memory_core.mem[8]
          SYS_TOP.u_ASYNC_FIFO.memory_core.mem[9]
          SYS_TOP.u_ASYNC_FIFO.memory_core.mem[10]
          SYS_TOP.u_ASYNC_FIFO.memory_core.mem[11]
          SYS_TOP.u_ASYNC_FIFO.memory_core.mem[12]
          SYS_TOP.u_ASYNC_FIFO.memory_core.mem[13]
          SYS_TOP.u_ASYNC_FIFO.memory_core.mem[14]
          SYS_TOP.u_ASYNC_FIFO.memory_core.mem[15]
          SYS_TOP.u_ASYNC_FIFO.memory_core.mem[16]
          SYS_TOP.u_ASYNC_FIFO.memory_core.mem[17]
          SYS_TOP.u_ASYNC_FIFO.memory_core.mem[18]
          SYS_TOP.u_ASYNC_FIFO.memory_core.mem[19]
          SYS_TOP.u_ASYNC_FIFO.memory_core.mem[20]
          SYS_TOP.u_ASYNC_FIFO.memory_core.mem[21]
          SYS_TOP.u_ASYNC_FIFO.memory_core.mem[22]
          SYS_TOP.u_ASYNC_FIFO.memory_core.mem[23]
          SYS_TOP.u_ASYNC_FIFO.memory_core.mem[24]
          SYS_TOP.u_ASYNC_FIFO.memory_core.mem[25]
          SYS_TOP.u_ASYNC_FIFO.memory_core.mem[26]
          SYS_TOP.u_ASYNC_FIFO.memory_core.mem[27]
          SYS_TOP.u_ASYNC_FIFO.memory_core.mem[28]
          SYS_TOP.u_ASYNC_FIFO.memory_core.mem[29]
          SYS_TOP.u_ASYNC_FIFO.memory_core.mem[30]
          SYS_TOP.u_ASYNC_FIFO.memory_core.mem[31]
          SYS_TOP.u_ASYNC_FIFO.memory_core.mem[32]
          SYS_TOP.u_ASYNC_FIFO.memory_core.mem[33]
          SYS_TOP.u_ASYNC_FIFO.memory_core.mem[34]
          SYS_TOP.u_ASYNC_FIFO.memory_core.mem[35]
          SYS_TOP.u_ASYNC_FIFO.memory_core.mem[36]
          SYS_TOP.u_ASYNC_FIFO.memory_core.mem[37]
          SYS_TOP.u_ASYNC_FIFO.memory_core.mem[38]
          SYS_TOP.u_ASYNC_FIFO.memory_core.mem[39]
          SYS_TOP.u_ASYNC_FIFO.memory_core.mem[40]
          SYS_TOP.u_ASYNC_FIFO.memory_core.mem[41]
          SYS_TOP.u_ASYNC_FIFO.memory_core.mem[42]
          SYS_TOP.u_ASYNC_FIFO.memory_core.mem[43]
          SYS_TOP.u_ASYNC_FIFO.memory_core.mem[44]
          SYS_TOP.u_ASYNC_FIFO.memory_core.mem[45]
          SYS_TOP.u_ASYNC_FIFO.memory_core.mem[46]
          SYS_TOP.u_ASYNC_FIFO.memory_core.mem[47]
          SYS_TOP.u_ASYNC_FIFO.memory_core.mem[48]
          SYS_TOP.u_ASYNC_FIFO.memory_core.mem[49]
          SYS_TOP.u_ASYNC_FIFO.memory_core.mem[50]
          SYS_TOP.u_ASYNC_FIFO.memory_core.mem[51]
          SYS_TOP.u_ASYNC_FIFO.memory_core.mem[52]
          SYS_TOP.u_ASYNC_FIFO.memory_core.mem[53]
          SYS_TOP.u_ASYNC_FIFO.memory_core.mem[54]
          SYS_TOP.u_ASYNC_FIFO.memory_core.mem[55]
          SYS_TOP.u_ASYNC_FIFO.memory_core.mem[56]
          SYS_TOP.u_ASYNC_FIFO.memory_core.mem[57]
          SYS_TOP.u_ASYNC_FIFO.memory_core.mem[58]
          SYS_TOP.u_ASYNC_FIFO.memory_core.mem[59]
          SYS_TOP.u_ASYNC_FIFO.memory_core.mem[60]
          SYS_TOP.u_ASYNC_FIFO.memory_core.mem[61]
          SYS_TOP.u_ASYNC_FIFO.memory_core.mem[62]
          SYS_TOP.u_ASYNC_FIFO.memory_core.mem[63]

  27.     SYS_TOP.u_ASYNC_FIFO.memory_core.mem[0]    FIFO_MEM                        -                 -                 -                 SYSTEM.sgdc:35
          SYS_TOP.u_ASYNC_FIFO.memory_core.mem[1]
          SYS_TOP.u_ASYNC_FIFO.memory_core.mem[2]
          SYS_TOP.u_ASYNC_FIFO.memory_core.mem[3]
          SYS_TOP.u_ASYNC_FIFO.memory_core.mem[4]
          SYS_TOP.u_ASYNC_FIFO.memory_core.mem[5]
          SYS_TOP.u_ASYNC_FIFO.memory_core.mem[6]
          SYS_TOP.u_ASYNC_FIFO.memory_core.mem[7]
          SYS_TOP.u_ASYNC_FIFO.memory_core.mem[8]
          SYS_TOP.u_ASYNC_FIFO.memory_core.mem[9]
          SYS_TOP.u_ASYNC_FIFO.memory_core.mem[10]
          SYS_TOP.u_ASYNC_FIFO.memory_core.mem[11]
          SYS_TOP.u_ASYNC_FIFO.memory_core.mem[12]
          SYS_TOP.u_ASYNC_FIFO.memory_core.mem[13]
          SYS_TOP.u_ASYNC_FIFO.memory_core.mem[14]
          SYS_TOP.u_ASYNC_FIFO.memory_core.mem[15]
          SYS_TOP.u_ASYNC_FIFO.memory_core.mem[16]
          SYS_TOP.u_ASYNC_FIFO.memory_core.mem[17]
          SYS_TOP.u_ASYNC_FIFO.memory_core.mem[18]
          SYS_TOP.u_ASYNC_FIFO.memory_core.mem[19]
          SYS_TOP.u_ASYNC_FIFO.memory_core.mem[20]
          SYS_TOP.u_ASYNC_FIFO.memory_core.mem[21]
          SYS_TOP.u_ASYNC_FIFO.memory_core.mem[22]
          SYS_TOP.u_ASYNC_FIFO.memory_core.mem[23]
          SYS_TOP.u_ASYNC_FIFO.memory_core.mem[24]
          SYS_TOP.u_ASYNC_FIFO.memory_core.mem[25]
          SYS_TOP.u_ASYNC_FIFO.memory_core.mem[26]
          SYS_TOP.u_ASYNC_FIFO.memory_core.mem[27]
          SYS_TOP.u_ASYNC_FIFO.memory_core.mem[28]
          SYS_TOP.u_ASYNC_FIFO.memory_core.mem[29]
          SYS_TOP.u_ASYNC_FIFO.memory_core.mem[30]
          SYS_TOP.u_ASYNC_FIFO.memory_core.mem[31]
          SYS_TOP.u_ASYNC_FIFO.memory_core.mem[32]
          SYS_TOP.u_ASYNC_FIFO.memory_core.mem[33]
          SYS_TOP.u_ASYNC_FIFO.memory_core.mem[34]
          SYS_TOP.u_ASYNC_FIFO.memory_core.mem[35]
          SYS_TOP.u_ASYNC_FIFO.memory_core.mem[36]
          SYS_TOP.u_ASYNC_FIFO.memory_core.mem[37]
          SYS_TOP.u_ASYNC_FIFO.memory_core.mem[38]
          SYS_TOP.u_ASYNC_FIFO.memory_core.mem[39]
          SYS_TOP.u_ASYNC_FIFO.memory_core.mem[40]
          SYS_TOP.u_ASYNC_FIFO.memory_core.mem[41]
          SYS_TOP.u_ASYNC_FIFO.memory_core.mem[42]
          SYS_TOP.u_ASYNC_FIFO.memory_core.mem[43]
          SYS_TOP.u_ASYNC_FIFO.memory_core.mem[44]
          SYS_TOP.u_ASYNC_FIFO.memory_core.mem[45]
          SYS_TOP.u_ASYNC_FIFO.memory_core.mem[46]
          SYS_TOP.u_ASYNC_FIFO.memory_core.mem[47]
          SYS_TOP.u_ASYNC_FIFO.memory_core.mem[48]
          SYS_TOP.u_ASYNC_FIFO.memory_core.mem[49]
          SYS_TOP.u_ASYNC_FIFO.memory_core.mem[50]
          SYS_TOP.u_ASYNC_FIFO.memory_core.mem[51]
          SYS_TOP.u_ASYNC_FIFO.memory_core.mem[52]
          SYS_TOP.u_ASYNC_FIFO.memory_core.mem[53]
          SYS_TOP.u_ASYNC_FIFO.memory_core.mem[54]
          SYS_TOP.u_ASYNC_FIFO.memory_core.mem[55]
          SYS_TOP.u_ASYNC_FIFO.memory_core.mem[56]
          SYS_TOP.u_ASYNC_FIFO.memory_core.mem[57]
          SYS_TOP.u_ASYNC_FIFO.memory_core.mem[58]
          SYS_TOP.u_ASYNC_FIFO.memory_core.mem[59]
          SYS_TOP.u_ASYNC_FIFO.memory_core.mem[60]
          SYS_TOP.u_ASYNC_FIFO.memory_core.mem[61]
          SYS_TOP.u_ASYNC_FIFO.memory_core.mem[62]
          SYS_TOP.u_ASYNC_FIFO.memory_core.mem[63]

  28.     SYS_TOP.u_ASYNC_FIFO.memory_core.mem[0]    UART_TOP_TX                     -                 -                 -                 SYSTEM.sgdc:35
          SYS_TOP.u_ASYNC_FIFO.memory_core.mem[1]
          SYS_TOP.u_ASYNC_FIFO.memory_core.mem[2]
          SYS_TOP.u_ASYNC_FIFO.memory_core.mem[3]
          SYS_TOP.u_ASYNC_FIFO.memory_core.mem[4]
          SYS_TOP.u_ASYNC_FIFO.memory_core.mem[5]
          SYS_TOP.u_ASYNC_FIFO.memory_core.mem[6]
          SYS_TOP.u_ASYNC_FIFO.memory_core.mem[7]
          SYS_TOP.u_ASYNC_FIFO.memory_core.mem[8]
          SYS_TOP.u_ASYNC_FIFO.memory_core.mem[9]
          SYS_TOP.u_ASYNC_FIFO.memory_core.mem[10]
          SYS_TOP.u_ASYNC_FIFO.memory_core.mem[11]
          SYS_TOP.u_ASYNC_FIFO.memory_core.mem[12]
          SYS_TOP.u_ASYNC_FIFO.memory_core.mem[13]
          SYS_TOP.u_ASYNC_FIFO.memory_core.mem[14]
          SYS_TOP.u_ASYNC_FIFO.memory_core.mem[15]
          SYS_TOP.u_ASYNC_FIFO.memory_core.mem[16]
          SYS_TOP.u_ASYNC_FIFO.memory_core.mem[17]
          SYS_TOP.u_ASYNC_FIFO.memory_core.mem[18]
          SYS_TOP.u_ASYNC_FIFO.memory_core.mem[19]
          SYS_TOP.u_ASYNC_FIFO.memory_core.mem[20]
          SYS_TOP.u_ASYNC_FIFO.memory_core.mem[21]
          SYS_TOP.u_ASYNC_FIFO.memory_core.mem[22]
          SYS_TOP.u_ASYNC_FIFO.memory_core.mem[23]
          SYS_TOP.u_ASYNC_FIFO.memory_core.mem[24]
          SYS_TOP.u_ASYNC_FIFO.memory_core.mem[25]
          SYS_TOP.u_ASYNC_FIFO.memory_core.mem[26]
          SYS_TOP.u_ASYNC_FIFO.memory_core.mem[27]
          SYS_TOP.u_ASYNC_FIFO.memory_core.mem[28]
          SYS_TOP.u_ASYNC_FIFO.memory_core.mem[29]
          SYS_TOP.u_ASYNC_FIFO.memory_core.mem[30]
          SYS_TOP.u_ASYNC_FIFO.memory_core.mem[31]
          SYS_TOP.u_ASYNC_FIFO.memory_core.mem[32]
          SYS_TOP.u_ASYNC_FIFO.memory_core.mem[33]
          SYS_TOP.u_ASYNC_FIFO.memory_core.mem[34]
          SYS_TOP.u_ASYNC_FIFO.memory_core.mem[35]
          SYS_TOP.u_ASYNC_FIFO.memory_core.mem[36]
          SYS_TOP.u_ASYNC_FIFO.memory_core.mem[37]
          SYS_TOP.u_ASYNC_FIFO.memory_core.mem[38]
          SYS_TOP.u_ASYNC_FIFO.memory_core.mem[39]
          SYS_TOP.u_ASYNC_FIFO.memory_core.mem[40]
          SYS_TOP.u_ASYNC_FIFO.memory_core.mem[41]
          SYS_TOP.u_ASYNC_FIFO.memory_core.mem[42]
          SYS_TOP.u_ASYNC_FIFO.memory_core.mem[43]
          SYS_TOP.u_ASYNC_FIFO.memory_core.mem[44]
          SYS_TOP.u_ASYNC_FIFO.memory_core.mem[45]
          SYS_TOP.u_ASYNC_FIFO.memory_core.mem[46]
          SYS_TOP.u_ASYNC_FIFO.memory_core.mem[47]
          SYS_TOP.u_ASYNC_FIFO.memory_core.mem[48]
          SYS_TOP.u_ASYNC_FIFO.memory_core.mem[49]
          SYS_TOP.u_ASYNC_FIFO.memory_core.mem[50]
          SYS_TOP.u_ASYNC_FIFO.memory_core.mem[51]
          SYS_TOP.u_ASYNC_FIFO.memory_core.mem[52]
          SYS_TOP.u_ASYNC_FIFO.memory_core.mem[53]
          SYS_TOP.u_ASYNC_FIFO.memory_core.mem[54]
          SYS_TOP.u_ASYNC_FIFO.memory_core.mem[55]
          SYS_TOP.u_ASYNC_FIFO.memory_core.mem[56]
          SYS_TOP.u_ASYNC_FIFO.memory_core.mem[57]
          SYS_TOP.u_ASYNC_FIFO.memory_core.mem[58]
          SYS_TOP.u_ASYNC_FIFO.memory_core.mem[59]
          SYS_TOP.u_ASYNC_FIFO.memory_core.mem[60]
          SYS_TOP.u_ASYNC_FIFO.memory_core.mem[61]
          SYS_TOP.u_ASYNC_FIFO.memory_core.mem[62]
          SYS_TOP.u_ASYNC_FIFO.memory_core.mem[63]

  29.     SYS_TOP.u_ASYNC_FIFO.memory_core.mem[0]    Serializer                      -                 -                 -                 SYSTEM.sgdc:35
          SYS_TOP.u_ASYNC_FIFO.memory_core.mem[1]
          SYS_TOP.u_ASYNC_FIFO.memory_core.mem[2]
          SYS_TOP.u_ASYNC_FIFO.memory_core.mem[3]
          SYS_TOP.u_ASYNC_FIFO.memory_core.mem[4]
          SYS_TOP.u_ASYNC_FIFO.memory_core.mem[5]
          SYS_TOP.u_ASYNC_FIFO.memory_core.mem[6]
          SYS_TOP.u_ASYNC_FIFO.memory_core.mem[7]
          SYS_TOP.u_ASYNC_FIFO.memory_core.mem[8]
          SYS_TOP.u_ASYNC_FIFO.memory_core.mem[9]
          SYS_TOP.u_ASYNC_FIFO.memory_core.mem[10]
          SYS_TOP.u_ASYNC_FIFO.memory_core.mem[11]
          SYS_TOP.u_ASYNC_FIFO.memory_core.mem[12]
          SYS_TOP.u_ASYNC_FIFO.memory_core.mem[13]
          SYS_TOP.u_ASYNC_FIFO.memory_core.mem[14]
          SYS_TOP.u_ASYNC_FIFO.memory_core.mem[15]
          SYS_TOP.u_ASYNC_FIFO.memory_core.mem[16]
          SYS_TOP.u_ASYNC_FIFO.memory_core.mem[17]
          SYS_TOP.u_ASYNC_FIFO.memory_core.mem[18]
          SYS_TOP.u_ASYNC_FIFO.memory_core.mem[19]
          SYS_TOP.u_ASYNC_FIFO.memory_core.mem[20]
          SYS_TOP.u_ASYNC_FIFO.memory_core.mem[21]
          SYS_TOP.u_ASYNC_FIFO.memory_core.mem[22]
          SYS_TOP.u_ASYNC_FIFO.memory_core.mem[23]
          SYS_TOP.u_ASYNC_FIFO.memory_core.mem[24]
          SYS_TOP.u_ASYNC_FIFO.memory_core.mem[25]
          SYS_TOP.u_ASYNC_FIFO.memory_core.mem[26]
          SYS_TOP.u_ASYNC_FIFO.memory_core.mem[27]
          SYS_TOP.u_ASYNC_FIFO.memory_core.mem[28]
          SYS_TOP.u_ASYNC_FIFO.memory_core.mem[29]
          SYS_TOP.u_ASYNC_FIFO.memory_core.mem[30]
          SYS_TOP.u_ASYNC_FIFO.memory_core.mem[31]
          SYS_TOP.u_ASYNC_FIFO.memory_core.mem[32]
          SYS_TOP.u_ASYNC_FIFO.memory_core.mem[33]
          SYS_TOP.u_ASYNC_FIFO.memory_core.mem[34]
          SYS_TOP.u_ASYNC_FIFO.memory_core.mem[35]
          SYS_TOP.u_ASYNC_FIFO.memory_core.mem[36]
          SYS_TOP.u_ASYNC_FIFO.memory_core.mem[37]
          SYS_TOP.u_ASYNC_FIFO.memory_core.mem[38]
          SYS_TOP.u_ASYNC_FIFO.memory_core.mem[39]
          SYS_TOP.u_ASYNC_FIFO.memory_core.mem[40]
          SYS_TOP.u_ASYNC_FIFO.memory_core.mem[41]
          SYS_TOP.u_ASYNC_FIFO.memory_core.mem[42]
          SYS_TOP.u_ASYNC_FIFO.memory_core.mem[43]
          SYS_TOP.u_ASYNC_FIFO.memory_core.mem[44]
          SYS_TOP.u_ASYNC_FIFO.memory_core.mem[45]
          SYS_TOP.u_ASYNC_FIFO.memory_core.mem[46]
          SYS_TOP.u_ASYNC_FIFO.memory_core.mem[47]
          SYS_TOP.u_ASYNC_FIFO.memory_core.mem[48]
          SYS_TOP.u_ASYNC_FIFO.memory_core.mem[49]
          SYS_TOP.u_ASYNC_FIFO.memory_core.mem[50]
          SYS_TOP.u_ASYNC_FIFO.memory_core.mem[51]
          SYS_TOP.u_ASYNC_FIFO.memory_core.mem[52]
          SYS_TOP.u_ASYNC_FIFO.memory_core.mem[53]
          SYS_TOP.u_ASYNC_FIFO.memory_core.mem[54]
          SYS_TOP.u_ASYNC_FIFO.memory_core.mem[55]
          SYS_TOP.u_ASYNC_FIFO.memory_core.mem[56]
          SYS_TOP.u_ASYNC_FIFO.memory_core.mem[57]
          SYS_TOP.u_ASYNC_FIFO.memory_core.mem[58]
          SYS_TOP.u_ASYNC_FIFO.memory_core.mem[59]
          SYS_TOP.u_ASYNC_FIFO.memory_core.mem[60]
          SYS_TOP.u_ASYNC_FIFO.memory_core.mem[61]
          SYS_TOP.u_ASYNC_FIFO.memory_core.mem[62]
          SYS_TOP.u_ASYNC_FIFO.memory_core.mem[63]

  30.     SYS_TOP.u_ASYNC_FIFO.memory_core.mem[0]    MUX                             -                 -                 -                 SYSTEM.sgdc:35
          SYS_TOP.u_ASYNC_FIFO.memory_core.mem[1]
          SYS_TOP.u_ASYNC_FIFO.memory_core.mem[2]
          SYS_TOP.u_ASYNC_FIFO.memory_core.mem[3]
          SYS_TOP.u_ASYNC_FIFO.memory_core.mem[4]
          SYS_TOP.u_ASYNC_FIFO.memory_core.mem[5]
          SYS_TOP.u_ASYNC_FIFO.memory_core.mem[6]
          SYS_TOP.u_ASYNC_FIFO.memory_core.mem[7]
          SYS_TOP.u_ASYNC_FIFO.memory_core.mem[8]
          SYS_TOP.u_ASYNC_FIFO.memory_core.mem[9]
          SYS_TOP.u_ASYNC_FIFO.memory_core.mem[10]
          SYS_TOP.u_ASYNC_FIFO.memory_core.mem[11]
          SYS_TOP.u_ASYNC_FIFO.memory_core.mem[12]
          SYS_TOP.u_ASYNC_FIFO.memory_core.mem[13]
          SYS_TOP.u_ASYNC_FIFO.memory_core.mem[14]
          SYS_TOP.u_ASYNC_FIFO.memory_core.mem[15]
          SYS_TOP.u_ASYNC_FIFO.memory_core.mem[16]
          SYS_TOP.u_ASYNC_FIFO.memory_core.mem[17]
          SYS_TOP.u_ASYNC_FIFO.memory_core.mem[18]
          SYS_TOP.u_ASYNC_FIFO.memory_core.mem[19]
          SYS_TOP.u_ASYNC_FIFO.memory_core.mem[20]
          SYS_TOP.u_ASYNC_FIFO.memory_core.mem[21]
          SYS_TOP.u_ASYNC_FIFO.memory_core.mem[22]
          SYS_TOP.u_ASYNC_FIFO.memory_core.mem[23]
          SYS_TOP.u_ASYNC_FIFO.memory_core.mem[24]
          SYS_TOP.u_ASYNC_FIFO.memory_core.mem[25]
          SYS_TOP.u_ASYNC_FIFO.memory_core.mem[26]
          SYS_TOP.u_ASYNC_FIFO.memory_core.mem[27]
          SYS_TOP.u_ASYNC_FIFO.memory_core.mem[28]
          SYS_TOP.u_ASYNC_FIFO.memory_core.mem[29]
          SYS_TOP.u_ASYNC_FIFO.memory_core.mem[30]
          SYS_TOP.u_ASYNC_FIFO.memory_core.mem[31]
          SYS_TOP.u_ASYNC_FIFO.memory_core.mem[32]
          SYS_TOP.u_ASYNC_FIFO.memory_core.mem[33]
          SYS_TOP.u_ASYNC_FIFO.memory_core.mem[34]
          SYS_TOP.u_ASYNC_FIFO.memory_core.mem[35]
          SYS_TOP.u_ASYNC_FIFO.memory_core.mem[36]
          SYS_TOP.u_ASYNC_FIFO.memory_core.mem[37]
          SYS_TOP.u_ASYNC_FIFO.memory_core.mem[38]
          SYS_TOP.u_ASYNC_FIFO.memory_core.mem[39]
          SYS_TOP.u_ASYNC_FIFO.memory_core.mem[40]
          SYS_TOP.u_ASYNC_FIFO.memory_core.mem[41]
          SYS_TOP.u_ASYNC_FIFO.memory_core.mem[42]
          SYS_TOP.u_ASYNC_FIFO.memory_core.mem[43]
          SYS_TOP.u_ASYNC_FIFO.memory_core.mem[44]
          SYS_TOP.u_ASYNC_FIFO.memory_core.mem[45]
          SYS_TOP.u_ASYNC_FIFO.memory_core.mem[46]
          SYS_TOP.u_ASYNC_FIFO.memory_core.mem[47]
          SYS_TOP.u_ASYNC_FIFO.memory_core.mem[48]
          SYS_TOP.u_ASYNC_FIFO.memory_core.mem[49]
          SYS_TOP.u_ASYNC_FIFO.memory_core.mem[50]
          SYS_TOP.u_ASYNC_FIFO.memory_core.mem[51]
          SYS_TOP.u_ASYNC_FIFO.memory_core.mem[52]
          SYS_TOP.u_ASYNC_FIFO.memory_core.mem[53]
          SYS_TOP.u_ASYNC_FIFO.memory_core.mem[54]
          SYS_TOP.u_ASYNC_FIFO.memory_core.mem[55]
          SYS_TOP.u_ASYNC_FIFO.memory_core.mem[56]
          SYS_TOP.u_ASYNC_FIFO.memory_core.mem[57]
          SYS_TOP.u_ASYNC_FIFO.memory_core.mem[58]
          SYS_TOP.u_ASYNC_FIFO.memory_core.mem[59]
          SYS_TOP.u_ASYNC_FIFO.memory_core.mem[60]
          SYS_TOP.u_ASYNC_FIFO.memory_core.mem[61]
          SYS_TOP.u_ASYNC_FIFO.memory_core.mem[62]
          SYS_TOP.u_ASYNC_FIFO.memory_core.mem[63]

  31.     SYS_TOP.u_ASYNC_FIFO.memory_core.mem[0]    Parity                          -                 -                 -                 SYSTEM.sgdc:35
          SYS_TOP.u_ASYNC_FIFO.memory_core.mem[1]
          SYS_TOP.u_ASYNC_FIFO.memory_core.mem[2]
          SYS_TOP.u_ASYNC_FIFO.memory_core.mem[3]
          SYS_TOP.u_ASYNC_FIFO.memory_core.mem[4]
          SYS_TOP.u_ASYNC_FIFO.memory_core.mem[5]
          SYS_TOP.u_ASYNC_FIFO.memory_core.mem[6]
          SYS_TOP.u_ASYNC_FIFO.memory_core.mem[7]
          SYS_TOP.u_ASYNC_FIFO.memory_core.mem[8]
          SYS_TOP.u_ASYNC_FIFO.memory_core.mem[9]
          SYS_TOP.u_ASYNC_FIFO.memory_core.mem[10]
          SYS_TOP.u_ASYNC_FIFO.memory_core.mem[11]
          SYS_TOP.u_ASYNC_FIFO.memory_core.mem[12]
          SYS_TOP.u_ASYNC_FIFO.memory_core.mem[13]
          SYS_TOP.u_ASYNC_FIFO.memory_core.mem[14]
          SYS_TOP.u_ASYNC_FIFO.memory_core.mem[15]
          SYS_TOP.u_ASYNC_FIFO.memory_core.mem[16]
          SYS_TOP.u_ASYNC_FIFO.memory_core.mem[17]
          SYS_TOP.u_ASYNC_FIFO.memory_core.mem[18]
          SYS_TOP.u_ASYNC_FIFO.memory_core.mem[19]
          SYS_TOP.u_ASYNC_FIFO.memory_core.mem[20]
          SYS_TOP.u_ASYNC_FIFO.memory_core.mem[21]
          SYS_TOP.u_ASYNC_FIFO.memory_core.mem[22]
          SYS_TOP.u_ASYNC_FIFO.memory_core.mem[23]
          SYS_TOP.u_ASYNC_FIFO.memory_core.mem[24]
          SYS_TOP.u_ASYNC_FIFO.memory_core.mem[25]
          SYS_TOP.u_ASYNC_FIFO.memory_core.mem[26]
          SYS_TOP.u_ASYNC_FIFO.memory_core.mem[27]
          SYS_TOP.u_ASYNC_FIFO.memory_core.mem[28]
          SYS_TOP.u_ASYNC_FIFO.memory_core.mem[29]
          SYS_TOP.u_ASYNC_FIFO.memory_core.mem[30]
          SYS_TOP.u_ASYNC_FIFO.memory_core.mem[31]
          SYS_TOP.u_ASYNC_FIFO.memory_core.mem[32]
          SYS_TOP.u_ASYNC_FIFO.memory_core.mem[33]
          SYS_TOP.u_ASYNC_FIFO.memory_core.mem[34]
          SYS_TOP.u_ASYNC_FIFO.memory_core.mem[35]
          SYS_TOP.u_ASYNC_FIFO.memory_core.mem[36]
          SYS_TOP.u_ASYNC_FIFO.memory_core.mem[37]
          SYS_TOP.u_ASYNC_FIFO.memory_core.mem[38]
          SYS_TOP.u_ASYNC_FIFO.memory_core.mem[39]
          SYS_TOP.u_ASYNC_FIFO.memory_core.mem[40]
          SYS_TOP.u_ASYNC_FIFO.memory_core.mem[41]
          SYS_TOP.u_ASYNC_FIFO.memory_core.mem[42]
          SYS_TOP.u_ASYNC_FIFO.memory_core.mem[43]
          SYS_TOP.u_ASYNC_FIFO.memory_core.mem[44]
          SYS_TOP.u_ASYNC_FIFO.memory_core.mem[45]
          SYS_TOP.u_ASYNC_FIFO.memory_core.mem[46]
          SYS_TOP.u_ASYNC_FIFO.memory_core.mem[47]
          SYS_TOP.u_ASYNC_FIFO.memory_core.mem[48]
          SYS_TOP.u_ASYNC_FIFO.memory_core.mem[49]
          SYS_TOP.u_ASYNC_FIFO.memory_core.mem[50]
          SYS_TOP.u_ASYNC_FIFO.memory_core.mem[51]
          SYS_TOP.u_ASYNC_FIFO.memory_core.mem[52]
          SYS_TOP.u_ASYNC_FIFO.memory_core.mem[53]
          SYS_TOP.u_ASYNC_FIFO.memory_core.mem[54]
          SYS_TOP.u_ASYNC_FIFO.memory_core.mem[55]
          SYS_TOP.u_ASYNC_FIFO.memory_core.mem[56]
          SYS_TOP.u_ASYNC_FIFO.memory_core.mem[57]
          SYS_TOP.u_ASYNC_FIFO.memory_core.mem[58]
          SYS_TOP.u_ASYNC_FIFO.memory_core.mem[59]
          SYS_TOP.u_ASYNC_FIFO.memory_core.mem[60]
          SYS_TOP.u_ASYNC_FIFO.memory_core.mem[61]
          SYS_TOP.u_ASYNC_FIFO.memory_core.mem[62]
          SYS_TOP.u_ASYNC_FIFO.memory_core.mem[63]

  32.     SYS_TOP.u_ASYNC_FIFO.memory_core.mem[0]    FSM                             -                 -                 -                 SYSTEM.sgdc:35
          SYS_TOP.u_ASYNC_FIFO.memory_core.mem[1]
          SYS_TOP.u_ASYNC_FIFO.memory_core.mem[2]
          SYS_TOP.u_ASYNC_FIFO.memory_core.mem[3]
          SYS_TOP.u_ASYNC_FIFO.memory_core.mem[4]
          SYS_TOP.u_ASYNC_FIFO.memory_core.mem[5]
          SYS_TOP.u_ASYNC_FIFO.memory_core.mem[6]
          SYS_TOP.u_ASYNC_FIFO.memory_core.mem[7]
          SYS_TOP.u_ASYNC_FIFO.memory_core.mem[8]
          SYS_TOP.u_ASYNC_FIFO.memory_core.mem[9]
          SYS_TOP.u_ASYNC_FIFO.memory_core.mem[10]
          SYS_TOP.u_ASYNC_FIFO.memory_core.mem[11]
          SYS_TOP.u_ASYNC_FIFO.memory_core.mem[12]
          SYS_TOP.u_ASYNC_FIFO.memory_core.mem[13]
          SYS_TOP.u_ASYNC_FIFO.memory_core.mem[14]
          SYS_TOP.u_ASYNC_FIFO.memory_core.mem[15]
          SYS_TOP.u_ASYNC_FIFO.memory_core.mem[16]
          SYS_TOP.u_ASYNC_FIFO.memory_core.mem[17]
          SYS_TOP.u_ASYNC_FIFO.memory_core.mem[18]
          SYS_TOP.u_ASYNC_FIFO.memory_core.mem[19]
          SYS_TOP.u_ASYNC_FIFO.memory_core.mem[20]
          SYS_TOP.u_ASYNC_FIFO.memory_core.mem[21]
          SYS_TOP.u_ASYNC_FIFO.memory_core.mem[22]
          SYS_TOP.u_ASYNC_FIFO.memory_core.mem[23]
          SYS_TOP.u_ASYNC_FIFO.memory_core.mem[24]
          SYS_TOP.u_ASYNC_FIFO.memory_core.mem[25]
          SYS_TOP.u_ASYNC_FIFO.memory_core.mem[26]
          SYS_TOP.u_ASYNC_FIFO.memory_core.mem[27]
          SYS_TOP.u_ASYNC_FIFO.memory_core.mem[28]
          SYS_TOP.u_ASYNC_FIFO.memory_core.mem[29]
          SYS_TOP.u_ASYNC_FIFO.memory_core.mem[30]
          SYS_TOP.u_ASYNC_FIFO.memory_core.mem[31]
          SYS_TOP.u_ASYNC_FIFO.memory_core.mem[32]
          SYS_TOP.u_ASYNC_FIFO.memory_core.mem[33]
          SYS_TOP.u_ASYNC_FIFO.memory_core.mem[34]
          SYS_TOP.u_ASYNC_FIFO.memory_core.mem[35]
          SYS_TOP.u_ASYNC_FIFO.memory_core.mem[36]
          SYS_TOP.u_ASYNC_FIFO.memory_core.mem[37]
          SYS_TOP.u_ASYNC_FIFO.memory_core.mem[38]
          SYS_TOP.u_ASYNC_FIFO.memory_core.mem[39]
          SYS_TOP.u_ASYNC_FIFO.memory_core.mem[40]
          SYS_TOP.u_ASYNC_FIFO.memory_core.mem[41]
          SYS_TOP.u_ASYNC_FIFO.memory_core.mem[42]
          SYS_TOP.u_ASYNC_FIFO.memory_core.mem[43]
          SYS_TOP.u_ASYNC_FIFO.memory_core.mem[44]
          SYS_TOP.u_ASYNC_FIFO.memory_core.mem[45]
          SYS_TOP.u_ASYNC_FIFO.memory_core.mem[46]
          SYS_TOP.u_ASYNC_FIFO.memory_core.mem[47]
          SYS_TOP.u_ASYNC_FIFO.memory_core.mem[48]
          SYS_TOP.u_ASYNC_FIFO.memory_core.mem[49]
          SYS_TOP.u_ASYNC_FIFO.memory_core.mem[50]
          SYS_TOP.u_ASYNC_FIFO.memory_core.mem[51]
          SYS_TOP.u_ASYNC_FIFO.memory_core.mem[52]
          SYS_TOP.u_ASYNC_FIFO.memory_core.mem[53]
          SYS_TOP.u_ASYNC_FIFO.memory_core.mem[54]
          SYS_TOP.u_ASYNC_FIFO.memory_core.mem[55]
          SYS_TOP.u_ASYNC_FIFO.memory_core.mem[56]
          SYS_TOP.u_ASYNC_FIFO.memory_core.mem[57]
          SYS_TOP.u_ASYNC_FIFO.memory_core.mem[58]
          SYS_TOP.u_ASYNC_FIFO.memory_core.mem[59]
          SYS_TOP.u_ASYNC_FIFO.memory_core.mem[60]
          SYS_TOP.u_ASYNC_FIFO.memory_core.mem[61]
          SYS_TOP.u_ASYNC_FIFO.memory_core.mem[62]
          SYS_TOP.u_ASYNC_FIFO.memory_core.mem[63]

  33.     SYS_TOP.u_ASYNC_FIFO.memory_core.mem[0]    PULSE_GEN                       -                 -                 -                 SYSTEM.sgdc:35
          SYS_TOP.u_ASYNC_FIFO.memory_core.mem[1]
          SYS_TOP.u_ASYNC_FIFO.memory_core.mem[2]
          SYS_TOP.u_ASYNC_FIFO.memory_core.mem[3]
          SYS_TOP.u_ASYNC_FIFO.memory_core.mem[4]
          SYS_TOP.u_ASYNC_FIFO.memory_core.mem[5]
          SYS_TOP.u_ASYNC_FIFO.memory_core.mem[6]
          SYS_TOP.u_ASYNC_FIFO.memory_core.mem[7]
          SYS_TOP.u_ASYNC_FIFO.memory_core.mem[8]
          SYS_TOP.u_ASYNC_FIFO.memory_core.mem[9]
          SYS_TOP.u_ASYNC_FIFO.memory_core.mem[10]
          SYS_TOP.u_ASYNC_FIFO.memory_core.mem[11]
          SYS_TOP.u_ASYNC_FIFO.memory_core.mem[12]
          SYS_TOP.u_ASYNC_FIFO.memory_core.mem[13]
          SYS_TOP.u_ASYNC_FIFO.memory_core.mem[14]
          SYS_TOP.u_ASYNC_FIFO.memory_core.mem[15]
          SYS_TOP.u_ASYNC_FIFO.memory_core.mem[16]
          SYS_TOP.u_ASYNC_FIFO.memory_core.mem[17]
          SYS_TOP.u_ASYNC_FIFO.memory_core.mem[18]
          SYS_TOP.u_ASYNC_FIFO.memory_core.mem[19]
          SYS_TOP.u_ASYNC_FIFO.memory_core.mem[20]
          SYS_TOP.u_ASYNC_FIFO.memory_core.mem[21]
          SYS_TOP.u_ASYNC_FIFO.memory_core.mem[22]
          SYS_TOP.u_ASYNC_FIFO.memory_core.mem[23]
          SYS_TOP.u_ASYNC_FIFO.memory_core.mem[24]
          SYS_TOP.u_ASYNC_FIFO.memory_core.mem[25]
          SYS_TOP.u_ASYNC_FIFO.memory_core.mem[26]
          SYS_TOP.u_ASYNC_FIFO.memory_core.mem[27]
          SYS_TOP.u_ASYNC_FIFO.memory_core.mem[28]
          SYS_TOP.u_ASYNC_FIFO.memory_core.mem[29]
          SYS_TOP.u_ASYNC_FIFO.memory_core.mem[30]
          SYS_TOP.u_ASYNC_FIFO.memory_core.mem[31]
          SYS_TOP.u_ASYNC_FIFO.memory_core.mem[32]
          SYS_TOP.u_ASYNC_FIFO.memory_core.mem[33]
          SYS_TOP.u_ASYNC_FIFO.memory_core.mem[34]
          SYS_TOP.u_ASYNC_FIFO.memory_core.mem[35]
          SYS_TOP.u_ASYNC_FIFO.memory_core.mem[36]
          SYS_TOP.u_ASYNC_FIFO.memory_core.mem[37]
          SYS_TOP.u_ASYNC_FIFO.memory_core.mem[38]
          SYS_TOP.u_ASYNC_FIFO.memory_core.mem[39]
          SYS_TOP.u_ASYNC_FIFO.memory_core.mem[40]
          SYS_TOP.u_ASYNC_FIFO.memory_core.mem[41]
          SYS_TOP.u_ASYNC_FIFO.memory_core.mem[42]
          SYS_TOP.u_ASYNC_FIFO.memory_core.mem[43]
          SYS_TOP.u_ASYNC_FIFO.memory_core.mem[44]
          SYS_TOP.u_ASYNC_FIFO.memory_core.mem[45]
          SYS_TOP.u_ASYNC_FIFO.memory_core.mem[46]
          SYS_TOP.u_ASYNC_FIFO.memory_core.mem[47]
          SYS_TOP.u_ASYNC_FIFO.memory_core.mem[48]
          SYS_TOP.u_ASYNC_FIFO.memory_core.mem[49]
          SYS_TOP.u_ASYNC_FIFO.memory_core.mem[50]
          SYS_TOP.u_ASYNC_FIFO.memory_core.mem[51]
          SYS_TOP.u_ASYNC_FIFO.memory_core.mem[52]
          SYS_TOP.u_ASYNC_FIFO.memory_core.mem[53]
          SYS_TOP.u_ASYNC_FIFO.memory_core.mem[54]
          SYS_TOP.u_ASYNC_FIFO.memory_core.mem[55]
          SYS_TOP.u_ASYNC_FIFO.memory_core.mem[56]
          SYS_TOP.u_ASYNC_FIFO.memory_core.mem[57]
          SYS_TOP.u_ASYNC_FIFO.memory_core.mem[58]
          SYS_TOP.u_ASYNC_FIFO.memory_core.mem[59]
          SYS_TOP.u_ASYNC_FIFO.memory_core.mem[60]
          SYS_TOP.u_ASYNC_FIFO.memory_core.mem[61]
          SYS_TOP.u_ASYNC_FIFO.memory_core.mem[62]
          SYS_TOP.u_ASYNC_FIFO.memory_core.mem[63]

  34.     SYS_TOP.u_ASYNC_FIFO.memory_core.mem[0]    SYS_TOP.sync_rst_1              -                 -                 -                 SYSTEM.sgdc:35
          SYS_TOP.u_ASYNC_FIFO.memory_core.mem[1]
          SYS_TOP.u_ASYNC_FIFO.memory_core.mem[2]
          SYS_TOP.u_ASYNC_FIFO.memory_core.mem[3]
          SYS_TOP.u_ASYNC_FIFO.memory_core.mem[4]
          SYS_TOP.u_ASYNC_FIFO.memory_core.mem[5]
          SYS_TOP.u_ASYNC_FIFO.memory_core.mem[6]
          SYS_TOP.u_ASYNC_FIFO.memory_core.mem[7]
          SYS_TOP.u_ASYNC_FIFO.memory_core.mem[8]
          SYS_TOP.u_ASYNC_FIFO.memory_core.mem[9]
          SYS_TOP.u_ASYNC_FIFO.memory_core.mem[10]
          SYS_TOP.u_ASYNC_FIFO.memory_core.mem[11]
          SYS_TOP.u_ASYNC_FIFO.memory_core.mem[12]
          SYS_TOP.u_ASYNC_FIFO.memory_core.mem[13]
          SYS_TOP.u_ASYNC_FIFO.memory_core.mem[14]
          SYS_TOP.u_ASYNC_FIFO.memory_core.mem[15]
          SYS_TOP.u_ASYNC_FIFO.memory_core.mem[16]
          SYS_TOP.u_ASYNC_FIFO.memory_core.mem[17]
          SYS_TOP.u_ASYNC_FIFO.memory_core.mem[18]
          SYS_TOP.u_ASYNC_FIFO.memory_core.mem[19]
          SYS_TOP.u_ASYNC_FIFO.memory_core.mem[20]
          SYS_TOP.u_ASYNC_FIFO.memory_core.mem[21]
          SYS_TOP.u_ASYNC_FIFO.memory_core.mem[22]
          SYS_TOP.u_ASYNC_FIFO.memory_core.mem[23]
          SYS_TOP.u_ASYNC_FIFO.memory_core.mem[24]
          SYS_TOP.u_ASYNC_FIFO.memory_core.mem[25]
          SYS_TOP.u_ASYNC_FIFO.memory_core.mem[26]
          SYS_TOP.u_ASYNC_FIFO.memory_core.mem[27]
          SYS_TOP.u_ASYNC_FIFO.memory_core.mem[28]
          SYS_TOP.u_ASYNC_FIFO.memory_core.mem[29]
          SYS_TOP.u_ASYNC_FIFO.memory_core.mem[30]
          SYS_TOP.u_ASYNC_FIFO.memory_core.mem[31]
          SYS_TOP.u_ASYNC_FIFO.memory_core.mem[32]
          SYS_TOP.u_ASYNC_FIFO.memory_core.mem[33]
          SYS_TOP.u_ASYNC_FIFO.memory_core.mem[34]
          SYS_TOP.u_ASYNC_FIFO.memory_core.mem[35]
          SYS_TOP.u_ASYNC_FIFO.memory_core.mem[36]
          SYS_TOP.u_ASYNC_FIFO.memory_core.mem[37]
          SYS_TOP.u_ASYNC_FIFO.memory_core.mem[38]
          SYS_TOP.u_ASYNC_FIFO.memory_core.mem[39]
          SYS_TOP.u_ASYNC_FIFO.memory_core.mem[40]
          SYS_TOP.u_ASYNC_FIFO.memory_core.mem[41]
          SYS_TOP.u_ASYNC_FIFO.memory_core.mem[42]
          SYS_TOP.u_ASYNC_FIFO.memory_core.mem[43]
          SYS_TOP.u_ASYNC_FIFO.memory_core.mem[44]
          SYS_TOP.u_ASYNC_FIFO.memory_core.mem[45]
          SYS_TOP.u_ASYNC_FIFO.memory_core.mem[46]
          SYS_TOP.u_ASYNC_FIFO.memory_core.mem[47]
          SYS_TOP.u_ASYNC_FIFO.memory_core.mem[48]
          SYS_TOP.u_ASYNC_FIFO.memory_core.mem[49]
          SYS_TOP.u_ASYNC_FIFO.memory_core.mem[50]
          SYS_TOP.u_ASYNC_FIFO.memory_core.mem[51]
          SYS_TOP.u_ASYNC_FIFO.memory_core.mem[52]
          SYS_TOP.u_ASYNC_FIFO.memory_core.mem[53]
          SYS_TOP.u_ASYNC_FIFO.memory_core.mem[54]
          SYS_TOP.u_ASYNC_FIFO.memory_core.mem[55]
          SYS_TOP.u_ASYNC_FIFO.memory_core.mem[56]
          SYS_TOP.u_ASYNC_FIFO.memory_core.mem[57]
          SYS_TOP.u_ASYNC_FIFO.memory_core.mem[58]
          SYS_TOP.u_ASYNC_FIFO.memory_core.mem[59]
          SYS_TOP.u_ASYNC_FIFO.memory_core.mem[60]
          SYS_TOP.u_ASYNC_FIFO.memory_core.mem[61]
          SYS_TOP.u_ASYNC_FIFO.memory_core.mem[62]
          SYS_TOP.u_ASYNC_FIFO.memory_core.mem[63]

  35.     SYS_TOP.u_ASYNC_FIFO.memory_core.mem[0]    SYS_TOP.sync_rst_2              -                 -                 -                 SYSTEM.sgdc:35
          SYS_TOP.u_ASYNC_FIFO.memory_core.mem[1]
          SYS_TOP.u_ASYNC_FIFO.memory_core.mem[2]
          SYS_TOP.u_ASYNC_FIFO.memory_core.mem[3]
          SYS_TOP.u_ASYNC_FIFO.memory_core.mem[4]
          SYS_TOP.u_ASYNC_FIFO.memory_core.mem[5]
          SYS_TOP.u_ASYNC_FIFO.memory_core.mem[6]
          SYS_TOP.u_ASYNC_FIFO.memory_core.mem[7]
          SYS_TOP.u_ASYNC_FIFO.memory_core.mem[8]
          SYS_TOP.u_ASYNC_FIFO.memory_core.mem[9]
          SYS_TOP.u_ASYNC_FIFO.memory_core.mem[10]
          SYS_TOP.u_ASYNC_FIFO.memory_core.mem[11]
          SYS_TOP.u_ASYNC_FIFO.memory_core.mem[12]
          SYS_TOP.u_ASYNC_FIFO.memory_core.mem[13]
          SYS_TOP.u_ASYNC_FIFO.memory_core.mem[14]
          SYS_TOP.u_ASYNC_FIFO.memory_core.mem[15]
          SYS_TOP.u_ASYNC_FIFO.memory_core.mem[16]
          SYS_TOP.u_ASYNC_FIFO.memory_core.mem[17]
          SYS_TOP.u_ASYNC_FIFO.memory_core.mem[18]
          SYS_TOP.u_ASYNC_FIFO.memory_core.mem[19]
          SYS_TOP.u_ASYNC_FIFO.memory_core.mem[20]
          SYS_TOP.u_ASYNC_FIFO.memory_core.mem[21]
          SYS_TOP.u_ASYNC_FIFO.memory_core.mem[22]
          SYS_TOP.u_ASYNC_FIFO.memory_core.mem[23]
          SYS_TOP.u_ASYNC_FIFO.memory_core.mem[24]
          SYS_TOP.u_ASYNC_FIFO.memory_core.mem[25]
          SYS_TOP.u_ASYNC_FIFO.memory_core.mem[26]
          SYS_TOP.u_ASYNC_FIFO.memory_core.mem[27]
          SYS_TOP.u_ASYNC_FIFO.memory_core.mem[28]
          SYS_TOP.u_ASYNC_FIFO.memory_core.mem[29]
          SYS_TOP.u_ASYNC_FIFO.memory_core.mem[30]
          SYS_TOP.u_ASYNC_FIFO.memory_core.mem[31]
          SYS_TOP.u_ASYNC_FIFO.memory_core.mem[32]
          SYS_TOP.u_ASYNC_FIFO.memory_core.mem[33]
          SYS_TOP.u_ASYNC_FIFO.memory_core.mem[34]
          SYS_TOP.u_ASYNC_FIFO.memory_core.mem[35]
          SYS_TOP.u_ASYNC_FIFO.memory_core.mem[36]
          SYS_TOP.u_ASYNC_FIFO.memory_core.mem[37]
          SYS_TOP.u_ASYNC_FIFO.memory_core.mem[38]
          SYS_TOP.u_ASYNC_FIFO.memory_core.mem[39]
          SYS_TOP.u_ASYNC_FIFO.memory_core.mem[40]
          SYS_TOP.u_ASYNC_FIFO.memory_core.mem[41]
          SYS_TOP.u_ASYNC_FIFO.memory_core.mem[42]
          SYS_TOP.u_ASYNC_FIFO.memory_core.mem[43]
          SYS_TOP.u_ASYNC_FIFO.memory_core.mem[44]
          SYS_TOP.u_ASYNC_FIFO.memory_core.mem[45]
          SYS_TOP.u_ASYNC_FIFO.memory_core.mem[46]
          SYS_TOP.u_ASYNC_FIFO.memory_core.mem[47]
          SYS_TOP.u_ASYNC_FIFO.memory_core.mem[48]
          SYS_TOP.u_ASYNC_FIFO.memory_core.mem[49]
          SYS_TOP.u_ASYNC_FIFO.memory_core.mem[50]
          SYS_TOP.u_ASYNC_FIFO.memory_core.mem[51]
          SYS_TOP.u_ASYNC_FIFO.memory_core.mem[52]
          SYS_TOP.u_ASYNC_FIFO.memory_core.mem[53]
          SYS_TOP.u_ASYNC_FIFO.memory_core.mem[54]
          SYS_TOP.u_ASYNC_FIFO.memory_core.mem[55]
          SYS_TOP.u_ASYNC_FIFO.memory_core.mem[56]
          SYS_TOP.u_ASYNC_FIFO.memory_core.mem[57]
          SYS_TOP.u_ASYNC_FIFO.memory_core.mem[58]
          SYS_TOP.u_ASYNC_FIFO.memory_core.mem[59]
          SYS_TOP.u_ASYNC_FIFO.memory_core.mem[60]
          SYS_TOP.u_ASYNC_FIFO.memory_core.mem[61]
          SYS_TOP.u_ASYNC_FIFO.memory_core.mem[62]
          SYS_TOP.u_ASYNC_FIFO.memory_core.mem[63]

  36.     SYS_TOP.u_ASYNC_FIFO.memory_core.mem[0]    SYS_TOP.alu_clk                 -                 -                 -                 SYSTEM.sgdc:35
          SYS_TOP.u_ASYNC_FIFO.memory_core.mem[1]
          SYS_TOP.u_ASYNC_FIFO.memory_core.mem[2]
          SYS_TOP.u_ASYNC_FIFO.memory_core.mem[3]
          SYS_TOP.u_ASYNC_FIFO.memory_core.mem[4]
          SYS_TOP.u_ASYNC_FIFO.memory_core.mem[5]
          SYS_TOP.u_ASYNC_FIFO.memory_core.mem[6]
          SYS_TOP.u_ASYNC_FIFO.memory_core.mem[7]
          SYS_TOP.u_ASYNC_FIFO.memory_core.mem[8]
          SYS_TOP.u_ASYNC_FIFO.memory_core.mem[9]
          SYS_TOP.u_ASYNC_FIFO.memory_core.mem[10]
          SYS_TOP.u_ASYNC_FIFO.memory_core.mem[11]
          SYS_TOP.u_ASYNC_FIFO.memory_core.mem[12]
          SYS_TOP.u_ASYNC_FIFO.memory_core.mem[13]
          SYS_TOP.u_ASYNC_FIFO.memory_core.mem[14]
          SYS_TOP.u_ASYNC_FIFO.memory_core.mem[15]
          SYS_TOP.u_ASYNC_FIFO.memory_core.mem[16]
          SYS_TOP.u_ASYNC_FIFO.memory_core.mem[17]
          SYS_TOP.u_ASYNC_FIFO.memory_core.mem[18]
          SYS_TOP.u_ASYNC_FIFO.memory_core.mem[19]
          SYS_TOP.u_ASYNC_FIFO.memory_core.mem[20]
          SYS_TOP.u_ASYNC_FIFO.memory_core.mem[21]
          SYS_TOP.u_ASYNC_FIFO.memory_core.mem[22]
          SYS_TOP.u_ASYNC_FIFO.memory_core.mem[23]
          SYS_TOP.u_ASYNC_FIFO.memory_core.mem[24]
          SYS_TOP.u_ASYNC_FIFO.memory_core.mem[25]
          SYS_TOP.u_ASYNC_FIFO.memory_core.mem[26]
          SYS_TOP.u_ASYNC_FIFO.memory_core.mem[27]
          SYS_TOP.u_ASYNC_FIFO.memory_core.mem[28]
          SYS_TOP.u_ASYNC_FIFO.memory_core.mem[29]
          SYS_TOP.u_ASYNC_FIFO.memory_core.mem[30]
          SYS_TOP.u_ASYNC_FIFO.memory_core.mem[31]
          SYS_TOP.u_ASYNC_FIFO.memory_core.mem[32]
          SYS_TOP.u_ASYNC_FIFO.memory_core.mem[33]
          SYS_TOP.u_ASYNC_FIFO.memory_core.mem[34]
          SYS_TOP.u_ASYNC_FIFO.memory_core.mem[35]
          SYS_TOP.u_ASYNC_FIFO.memory_core.mem[36]
          SYS_TOP.u_ASYNC_FIFO.memory_core.mem[37]
          SYS_TOP.u_ASYNC_FIFO.memory_core.mem[38]
          SYS_TOP.u_ASYNC_FIFO.memory_core.mem[39]
          SYS_TOP.u_ASYNC_FIFO.memory_core.mem[40]
          SYS_TOP.u_ASYNC_FIFO.memory_core.mem[41]
          SYS_TOP.u_ASYNC_FIFO.memory_core.mem[42]
          SYS_TOP.u_ASYNC_FIFO.memory_core.mem[43]
          SYS_TOP.u_ASYNC_FIFO.memory_core.mem[44]
          SYS_TOP.u_ASYNC_FIFO.memory_core.mem[45]
          SYS_TOP.u_ASYNC_FIFO.memory_core.mem[46]
          SYS_TOP.u_ASYNC_FIFO.memory_core.mem[47]
          SYS_TOP.u_ASYNC_FIFO.memory_core.mem[48]
          SYS_TOP.u_ASYNC_FIFO.memory_core.mem[49]
          SYS_TOP.u_ASYNC_FIFO.memory_core.mem[50]
          SYS_TOP.u_ASYNC_FIFO.memory_core.mem[51]
          SYS_TOP.u_ASYNC_FIFO.memory_core.mem[52]
          SYS_TOP.u_ASYNC_FIFO.memory_core.mem[53]
          SYS_TOP.u_ASYNC_FIFO.memory_core.mem[54]
          SYS_TOP.u_ASYNC_FIFO.memory_core.mem[55]
          SYS_TOP.u_ASYNC_FIFO.memory_core.mem[56]
          SYS_TOP.u_ASYNC_FIFO.memory_core.mem[57]
          SYS_TOP.u_ASYNC_FIFO.memory_core.mem[58]
          SYS_TOP.u_ASYNC_FIFO.memory_core.mem[59]
          SYS_TOP.u_ASYNC_FIFO.memory_core.mem[60]
          SYS_TOP.u_ASYNC_FIFO.memory_core.mem[61]
          SYS_TOP.u_ASYNC_FIFO.memory_core.mem[62]
          SYS_TOP.u_ASYNC_FIFO.memory_core.mem[63]

  37.     SYS_TOP.u_ASYNC_FIFO.memory_core.mem[0]    SYS_TOP.tx_clk                  -                 -                 -                 SYSTEM.sgdc:35
          SYS_TOP.u_ASYNC_FIFO.memory_core.mem[1]
          SYS_TOP.u_ASYNC_FIFO.memory_core.mem[2]
          SYS_TOP.u_ASYNC_FIFO.memory_core.mem[3]
          SYS_TOP.u_ASYNC_FIFO.memory_core.mem[4]
          SYS_TOP.u_ASYNC_FIFO.memory_core.mem[5]
          SYS_TOP.u_ASYNC_FIFO.memory_core.mem[6]
          SYS_TOP.u_ASYNC_FIFO.memory_core.mem[7]
          SYS_TOP.u_ASYNC_FIFO.memory_core.mem[8]
          SYS_TOP.u_ASYNC_FIFO.memory_core.mem[9]
          SYS_TOP.u_ASYNC_FIFO.memory_core.mem[10]
          SYS_TOP.u_ASYNC_FIFO.memory_core.mem[11]
          SYS_TOP.u_ASYNC_FIFO.memory_core.mem[12]
          SYS_TOP.u_ASYNC_FIFO.memory_core.mem[13]
          SYS_TOP.u_ASYNC_FIFO.memory_core.mem[14]
          SYS_TOP.u_ASYNC_FIFO.memory_core.mem[15]
          SYS_TOP.u_ASYNC_FIFO.memory_core.mem[16]
          SYS_TOP.u_ASYNC_FIFO.memory_core.mem[17]
          SYS_TOP.u_ASYNC_FIFO.memory_core.mem[18]
          SYS_TOP.u_ASYNC_FIFO.memory_core.mem[19]
          SYS_TOP.u_ASYNC_FIFO.memory_core.mem[20]
          SYS_TOP.u_ASYNC_FIFO.memory_core.mem[21]
          SYS_TOP.u_ASYNC_FIFO.memory_core.mem[22]
          SYS_TOP.u_ASYNC_FIFO.memory_core.mem[23]
          SYS_TOP.u_ASYNC_FIFO.memory_core.mem[24]
          SYS_TOP.u_ASYNC_FIFO.memory_core.mem[25]
          SYS_TOP.u_ASYNC_FIFO.memory_core.mem[26]
          SYS_TOP.u_ASYNC_FIFO.memory_core.mem[27]
          SYS_TOP.u_ASYNC_FIFO.memory_core.mem[28]
          SYS_TOP.u_ASYNC_FIFO.memory_core.mem[29]
          SYS_TOP.u_ASYNC_FIFO.memory_core.mem[30]
          SYS_TOP.u_ASYNC_FIFO.memory_core.mem[31]
          SYS_TOP.u_ASYNC_FIFO.memory_core.mem[32]
          SYS_TOP.u_ASYNC_FIFO.memory_core.mem[33]
          SYS_TOP.u_ASYNC_FIFO.memory_core.mem[34]
          SYS_TOP.u_ASYNC_FIFO.memory_core.mem[35]
          SYS_TOP.u_ASYNC_FIFO.memory_core.mem[36]
          SYS_TOP.u_ASYNC_FIFO.memory_core.mem[37]
          SYS_TOP.u_ASYNC_FIFO.memory_core.mem[38]
          SYS_TOP.u_ASYNC_FIFO.memory_core.mem[39]
          SYS_TOP.u_ASYNC_FIFO.memory_core.mem[40]
          SYS_TOP.u_ASYNC_FIFO.memory_core.mem[41]
          SYS_TOP.u_ASYNC_FIFO.memory_core.mem[42]
          SYS_TOP.u_ASYNC_FIFO.memory_core.mem[43]
          SYS_TOP.u_ASYNC_FIFO.memory_core.mem[44]
          SYS_TOP.u_ASYNC_FIFO.memory_core.mem[45]
          SYS_TOP.u_ASYNC_FIFO.memory_core.mem[46]
          SYS_TOP.u_ASYNC_FIFO.memory_core.mem[47]
          SYS_TOP.u_ASYNC_FIFO.memory_core.mem[48]
          SYS_TOP.u_ASYNC_FIFO.memory_core.mem[49]
          SYS_TOP.u_ASYNC_FIFO.memory_core.mem[50]
          SYS_TOP.u_ASYNC_FIFO.memory_core.mem[51]
          SYS_TOP.u_ASYNC_FIFO.memory_core.mem[52]
          SYS_TOP.u_ASYNC_FIFO.memory_core.mem[53]
          SYS_TOP.u_ASYNC_FIFO.memory_core.mem[54]
          SYS_TOP.u_ASYNC_FIFO.memory_core.mem[55]
          SYS_TOP.u_ASYNC_FIFO.memory_core.mem[56]
          SYS_TOP.u_ASYNC_FIFO.memory_core.mem[57]
          SYS_TOP.u_ASYNC_FIFO.memory_core.mem[58]
          SYS_TOP.u_ASYNC_FIFO.memory_core.mem[59]
          SYS_TOP.u_ASYNC_FIFO.memory_core.mem[60]
          SYS_TOP.u_ASYNC_FIFO.memory_core.mem[61]
          SYS_TOP.u_ASYNC_FIFO.memory_core.mem[62]
          SYS_TOP.u_ASYNC_FIFO.memory_core.mem[63]

  38.     SYS_TOP.u_ASYNC_FIFO.memory_core.mem[0]    SYS_TOP.rx_clk                  -                 -                 -                 SYSTEM.sgdc:35
          SYS_TOP.u_ASYNC_FIFO.memory_core.mem[1]
          SYS_TOP.u_ASYNC_FIFO.memory_core.mem[2]
          SYS_TOP.u_ASYNC_FIFO.memory_core.mem[3]
          SYS_TOP.u_ASYNC_FIFO.memory_core.mem[4]
          SYS_TOP.u_ASYNC_FIFO.memory_core.mem[5]
          SYS_TOP.u_ASYNC_FIFO.memory_core.mem[6]
          SYS_TOP.u_ASYNC_FIFO.memory_core.mem[7]
          SYS_TOP.u_ASYNC_FIFO.memory_core.mem[8]
          SYS_TOP.u_ASYNC_FIFO.memory_core.mem[9]
          SYS_TOP.u_ASYNC_FIFO.memory_core.mem[10]
          SYS_TOP.u_ASYNC_FIFO.memory_core.mem[11]
          SYS_TOP.u_ASYNC_FIFO.memory_core.mem[12]
          SYS_TOP.u_ASYNC_FIFO.memory_core.mem[13]
          SYS_TOP.u_ASYNC_FIFO.memory_core.mem[14]
          SYS_TOP.u_ASYNC_FIFO.memory_core.mem[15]
          SYS_TOP.u_ASYNC_FIFO.memory_core.mem[16]
          SYS_TOP.u_ASYNC_FIFO.memory_core.mem[17]
          SYS_TOP.u_ASYNC_FIFO.memory_core.mem[18]
          SYS_TOP.u_ASYNC_FIFO.memory_core.mem[19]
          SYS_TOP.u_ASYNC_FIFO.memory_core.mem[20]
          SYS_TOP.u_ASYNC_FIFO.memory_core.mem[21]
          SYS_TOP.u_ASYNC_FIFO.memory_core.mem[22]
          SYS_TOP.u_ASYNC_FIFO.memory_core.mem[23]
          SYS_TOP.u_ASYNC_FIFO.memory_core.mem[24]
          SYS_TOP.u_ASYNC_FIFO.memory_core.mem[25]
          SYS_TOP.u_ASYNC_FIFO.memory_core.mem[26]
          SYS_TOP.u_ASYNC_FIFO.memory_core.mem[27]
          SYS_TOP.u_ASYNC_FIFO.memory_core.mem[28]
          SYS_TOP.u_ASYNC_FIFO.memory_core.mem[29]
          SYS_TOP.u_ASYNC_FIFO.memory_core.mem[30]
          SYS_TOP.u_ASYNC_FIFO.memory_core.mem[31]
          SYS_TOP.u_ASYNC_FIFO.memory_core.mem[32]
          SYS_TOP.u_ASYNC_FIFO.memory_core.mem[33]
          SYS_TOP.u_ASYNC_FIFO.memory_core.mem[34]
          SYS_TOP.u_ASYNC_FIFO.memory_core.mem[35]
          SYS_TOP.u_ASYNC_FIFO.memory_core.mem[36]
          SYS_TOP.u_ASYNC_FIFO.memory_core.mem[37]
          SYS_TOP.u_ASYNC_FIFO.memory_core.mem[38]
          SYS_TOP.u_ASYNC_FIFO.memory_core.mem[39]
          SYS_TOP.u_ASYNC_FIFO.memory_core.mem[40]
          SYS_TOP.u_ASYNC_FIFO.memory_core.mem[41]
          SYS_TOP.u_ASYNC_FIFO.memory_core.mem[42]
          SYS_TOP.u_ASYNC_FIFO.memory_core.mem[43]
          SYS_TOP.u_ASYNC_FIFO.memory_core.mem[44]
          SYS_TOP.u_ASYNC_FIFO.memory_core.mem[45]
          SYS_TOP.u_ASYNC_FIFO.memory_core.mem[46]
          SYS_TOP.u_ASYNC_FIFO.memory_core.mem[47]
          SYS_TOP.u_ASYNC_FIFO.memory_core.mem[48]
          SYS_TOP.u_ASYNC_FIFO.memory_core.mem[49]
          SYS_TOP.u_ASYNC_FIFO.memory_core.mem[50]
          SYS_TOP.u_ASYNC_FIFO.memory_core.mem[51]
          SYS_TOP.u_ASYNC_FIFO.memory_core.mem[52]
          SYS_TOP.u_ASYNC_FIFO.memory_core.mem[53]
          SYS_TOP.u_ASYNC_FIFO.memory_core.mem[54]
          SYS_TOP.u_ASYNC_FIFO.memory_core.mem[55]
          SYS_TOP.u_ASYNC_FIFO.memory_core.mem[56]
          SYS_TOP.u_ASYNC_FIFO.memory_core.mem[57]
          SYS_TOP.u_ASYNC_FIFO.memory_core.mem[58]
          SYS_TOP.u_ASYNC_FIFO.memory_core.mem[59]
          SYS_TOP.u_ASYNC_FIFO.memory_core.mem[60]
          SYS_TOP.u_ASYNC_FIFO.memory_core.mem[61]
          SYS_TOP.u_ASYNC_FIFO.memory_core.mem[62]
          SYS_TOP.u_ASYNC_FIFO.memory_core.mem[63]

  39.     SYS_TOP.u_ASYNC_FIFO.memory_core.mem[0]    SYS_TOP.address[0]              -                 -                 -                 SYSTEM.sgdc:35
          SYS_TOP.u_ASYNC_FIFO.memory_core.mem[1]    SYS_TOP.address[1]
          SYS_TOP.u_ASYNC_FIFO.memory_core.mem[2]    SYS_TOP.address[2]
          SYS_TOP.u_ASYNC_FIFO.memory_core.mem[3]    SYS_TOP.address[3]
          SYS_TOP.u_ASYNC_FIFO.memory_core.mem[4]
          SYS_TOP.u_ASYNC_FIFO.memory_core.mem[5]
          SYS_TOP.u_ASYNC_FIFO.memory_core.mem[6]
          SYS_TOP.u_ASYNC_FIFO.memory_core.mem[7]
          SYS_TOP.u_ASYNC_FIFO.memory_core.mem[8]
          SYS_TOP.u_ASYNC_FIFO.memory_core.mem[9]
          SYS_TOP.u_ASYNC_FIFO.memory_core.mem[10]
          SYS_TOP.u_ASYNC_FIFO.memory_core.mem[11]
          SYS_TOP.u_ASYNC_FIFO.memory_core.mem[12]
          SYS_TOP.u_ASYNC_FIFO.memory_core.mem[13]
          SYS_TOP.u_ASYNC_FIFO.memory_core.mem[14]
          SYS_TOP.u_ASYNC_FIFO.memory_core.mem[15]
          SYS_TOP.u_ASYNC_FIFO.memory_core.mem[16]
          SYS_TOP.u_ASYNC_FIFO.memory_core.mem[17]
          SYS_TOP.u_ASYNC_FIFO.memory_core.mem[18]
          SYS_TOP.u_ASYNC_FIFO.memory_core.mem[19]
          SYS_TOP.u_ASYNC_FIFO.memory_core.mem[20]
          SYS_TOP.u_ASYNC_FIFO.memory_core.mem[21]
          SYS_TOP.u_ASYNC_FIFO.memory_core.mem[22]
          SYS_TOP.u_ASYNC_FIFO.memory_core.mem[23]
          SYS_TOP.u_ASYNC_FIFO.memory_core.mem[24]
          SYS_TOP.u_ASYNC_FIFO.memory_core.mem[25]
          SYS_TOP.u_ASYNC_FIFO.memory_core.mem[26]
          SYS_TOP.u_ASYNC_FIFO.memory_core.mem[27]
          SYS_TOP.u_ASYNC_FIFO.memory_core.mem[28]
          SYS_TOP.u_ASYNC_FIFO.memory_core.mem[29]
          SYS_TOP.u_ASYNC_FIFO.memory_core.mem[30]
          SYS_TOP.u_ASYNC_FIFO.memory_core.mem[31]
          SYS_TOP.u_ASYNC_FIFO.memory_core.mem[32]
          SYS_TOP.u_ASYNC_FIFO.memory_core.mem[33]
          SYS_TOP.u_ASYNC_FIFO.memory_core.mem[34]
          SYS_TOP.u_ASYNC_FIFO.memory_core.mem[35]
          SYS_TOP.u_ASYNC_FIFO.memory_core.mem[36]
          SYS_TOP.u_ASYNC_FIFO.memory_core.mem[37]
          SYS_TOP.u_ASYNC_FIFO.memory_core.mem[38]
          SYS_TOP.u_ASYNC_FIFO.memory_core.mem[39]
          SYS_TOP.u_ASYNC_FIFO.memory_core.mem[40]
          SYS_TOP.u_ASYNC_FIFO.memory_core.mem[41]
          SYS_TOP.u_ASYNC_FIFO.memory_core.mem[42]
          SYS_TOP.u_ASYNC_FIFO.memory_core.mem[43]
          SYS_TOP.u_ASYNC_FIFO.memory_core.mem[44]
          SYS_TOP.u_ASYNC_FIFO.memory_core.mem[45]
          SYS_TOP.u_ASYNC_FIFO.memory_core.mem[46]
          SYS_TOP.u_ASYNC_FIFO.memory_core.mem[47]
          SYS_TOP.u_ASYNC_FIFO.memory_core.mem[48]
          SYS_TOP.u_ASYNC_FIFO.memory_core.mem[49]
          SYS_TOP.u_ASYNC_FIFO.memory_core.mem[50]
          SYS_TOP.u_ASYNC_FIFO.memory_core.mem[51]
          SYS_TOP.u_ASYNC_FIFO.memory_core.mem[52]
          SYS_TOP.u_ASYNC_FIFO.memory_core.mem[53]
          SYS_TOP.u_ASYNC_FIFO.memory_core.mem[54]
          SYS_TOP.u_ASYNC_FIFO.memory_core.mem[55]
          SYS_TOP.u_ASYNC_FIFO.memory_core.mem[56]
          SYS_TOP.u_ASYNC_FIFO.memory_core.mem[57]
          SYS_TOP.u_ASYNC_FIFO.memory_core.mem[58]
          SYS_TOP.u_ASYNC_FIFO.memory_core.mem[59]
          SYS_TOP.u_ASYNC_FIFO.memory_core.mem[60]
          SYS_TOP.u_ASYNC_FIFO.memory_core.mem[61]
          SYS_TOP.u_ASYNC_FIFO.memory_core.mem[62]
          SYS_TOP.u_ASYNC_FIFO.memory_core.mem[63]

  40.     SYS_TOP.u_ASYNC_FIFO.memory_core.mem[0]    SYS_TOP.wr_en                   -                 -                 -                 SYSTEM.sgdc:35
          SYS_TOP.u_ASYNC_FIFO.memory_core.mem[1]
          SYS_TOP.u_ASYNC_FIFO.memory_core.mem[2]
          SYS_TOP.u_ASYNC_FIFO.memory_core.mem[3]
          SYS_TOP.u_ASYNC_FIFO.memory_core.mem[4]
          SYS_TOP.u_ASYNC_FIFO.memory_core.mem[5]
          SYS_TOP.u_ASYNC_FIFO.memory_core.mem[6]
          SYS_TOP.u_ASYNC_FIFO.memory_core.mem[7]
          SYS_TOP.u_ASYNC_FIFO.memory_core.mem[8]
          SYS_TOP.u_ASYNC_FIFO.memory_core.mem[9]
          SYS_TOP.u_ASYNC_FIFO.memory_core.mem[10]
          SYS_TOP.u_ASYNC_FIFO.memory_core.mem[11]
          SYS_TOP.u_ASYNC_FIFO.memory_core.mem[12]
          SYS_TOP.u_ASYNC_FIFO.memory_core.mem[13]
          SYS_TOP.u_ASYNC_FIFO.memory_core.mem[14]
          SYS_TOP.u_ASYNC_FIFO.memory_core.mem[15]
          SYS_TOP.u_ASYNC_FIFO.memory_core.mem[16]
          SYS_TOP.u_ASYNC_FIFO.memory_core.mem[17]
          SYS_TOP.u_ASYNC_FIFO.memory_core.mem[18]
          SYS_TOP.u_ASYNC_FIFO.memory_core.mem[19]
          SYS_TOP.u_ASYNC_FIFO.memory_core.mem[20]
          SYS_TOP.u_ASYNC_FIFO.memory_core.mem[21]
          SYS_TOP.u_ASYNC_FIFO.memory_core.mem[22]
          SYS_TOP.u_ASYNC_FIFO.memory_core.mem[23]
          SYS_TOP.u_ASYNC_FIFO.memory_core.mem[24]
          SYS_TOP.u_ASYNC_FIFO.memory_core.mem[25]
          SYS_TOP.u_ASYNC_FIFO.memory_core.mem[26]
          SYS_TOP.u_ASYNC_FIFO.memory_core.mem[27]
          SYS_TOP.u_ASYNC_FIFO.memory_core.mem[28]
          SYS_TOP.u_ASYNC_FIFO.memory_core.mem[29]
          SYS_TOP.u_ASYNC_FIFO.memory_core.mem[30]
          SYS_TOP.u_ASYNC_FIFO.memory_core.mem[31]
          SYS_TOP.u_ASYNC_FIFO.memory_core.mem[32]
          SYS_TOP.u_ASYNC_FIFO.memory_core.mem[33]
          SYS_TOP.u_ASYNC_FIFO.memory_core.mem[34]
          SYS_TOP.u_ASYNC_FIFO.memory_core.mem[35]
          SYS_TOP.u_ASYNC_FIFO.memory_core.mem[36]
          SYS_TOP.u_ASYNC_FIFO.memory_core.mem[37]
          SYS_TOP.u_ASYNC_FIFO.memory_core.mem[38]
          SYS_TOP.u_ASYNC_FIFO.memory_core.mem[39]
          SYS_TOP.u_ASYNC_FIFO.memory_core.mem[40]
          SYS_TOP.u_ASYNC_FIFO.memory_core.mem[41]
          SYS_TOP.u_ASYNC_FIFO.memory_core.mem[42]
          SYS_TOP.u_ASYNC_FIFO.memory_core.mem[43]
          SYS_TOP.u_ASYNC_FIFO.memory_core.mem[44]
          SYS_TOP.u_ASYNC_FIFO.memory_core.mem[45]
          SYS_TOP.u_ASYNC_FIFO.memory_core.mem[46]
          SYS_TOP.u_ASYNC_FIFO.memory_core.mem[47]
          SYS_TOP.u_ASYNC_FIFO.memory_core.mem[48]
          SYS_TOP.u_ASYNC_FIFO.memory_core.mem[49]
          SYS_TOP.u_ASYNC_FIFO.memory_core.mem[50]
          SYS_TOP.u_ASYNC_FIFO.memory_core.mem[51]
          SYS_TOP.u_ASYNC_FIFO.memory_core.mem[52]
          SYS_TOP.u_ASYNC_FIFO.memory_core.mem[53]
          SYS_TOP.u_ASYNC_FIFO.memory_core.mem[54]
          SYS_TOP.u_ASYNC_FIFO.memory_core.mem[55]
          SYS_TOP.u_ASYNC_FIFO.memory_core.mem[56]
          SYS_TOP.u_ASYNC_FIFO.memory_core.mem[57]
          SYS_TOP.u_ASYNC_FIFO.memory_core.mem[58]
          SYS_TOP.u_ASYNC_FIFO.memory_core.mem[59]
          SYS_TOP.u_ASYNC_FIFO.memory_core.mem[60]
          SYS_TOP.u_ASYNC_FIFO.memory_core.mem[61]
          SYS_TOP.u_ASYNC_FIFO.memory_core.mem[62]
          SYS_TOP.u_ASYNC_FIFO.memory_core.mem[63]

  41.     SYS_TOP.u_ASYNC_FIFO.memory_core.mem[0]    SYS_TOP.rd_en                   -                 -                 -                 SYSTEM.sgdc:35
          SYS_TOP.u_ASYNC_FIFO.memory_core.mem[1]
          SYS_TOP.u_ASYNC_FIFO.memory_core.mem[2]
          SYS_TOP.u_ASYNC_FIFO.memory_core.mem[3]
          SYS_TOP.u_ASYNC_FIFO.memory_core.mem[4]
          SYS_TOP.u_ASYNC_FIFO.memory_core.mem[5]
          SYS_TOP.u_ASYNC_FIFO.memory_core.mem[6]
          SYS_TOP.u_ASYNC_FIFO.memory_core.mem[7]
          SYS_TOP.u_ASYNC_FIFO.memory_core.mem[8]
          SYS_TOP.u_ASYNC_FIFO.memory_core.mem[9]
          SYS_TOP.u_ASYNC_FIFO.memory_core.mem[10]
          SYS_TOP.u_ASYNC_FIFO.memory_core.mem[11]
          SYS_TOP.u_ASYNC_FIFO.memory_core.mem[12]
          SYS_TOP.u_ASYNC_FIFO.memory_core.mem[13]
          SYS_TOP.u_ASYNC_FIFO.memory_core.mem[14]
          SYS_TOP.u_ASYNC_FIFO.memory_core.mem[15]
          SYS_TOP.u_ASYNC_FIFO.memory_core.mem[16]
          SYS_TOP.u_ASYNC_FIFO.memory_core.mem[17]
          SYS_TOP.u_ASYNC_FIFO.memory_core.mem[18]
          SYS_TOP.u_ASYNC_FIFO.memory_core.mem[19]
          SYS_TOP.u_ASYNC_FIFO.memory_core.mem[20]
          SYS_TOP.u_ASYNC_FIFO.memory_core.mem[21]
          SYS_TOP.u_ASYNC_FIFO.memory_core.mem[22]
          SYS_TOP.u_ASYNC_FIFO.memory_core.mem[23]
          SYS_TOP.u_ASYNC_FIFO.memory_core.mem[24]
          SYS_TOP.u_ASYNC_FIFO.memory_core.mem[25]
          SYS_TOP.u_ASYNC_FIFO.memory_core.mem[26]
          SYS_TOP.u_ASYNC_FIFO.memory_core.mem[27]
          SYS_TOP.u_ASYNC_FIFO.memory_core.mem[28]
          SYS_TOP.u_ASYNC_FIFO.memory_core.mem[29]
          SYS_TOP.u_ASYNC_FIFO.memory_core.mem[30]
          SYS_TOP.u_ASYNC_FIFO.memory_core.mem[31]
          SYS_TOP.u_ASYNC_FIFO.memory_core.mem[32]
          SYS_TOP.u_ASYNC_FIFO.memory_core.mem[33]
          SYS_TOP.u_ASYNC_FIFO.memory_core.mem[34]
          SYS_TOP.u_ASYNC_FIFO.memory_core.mem[35]
          SYS_TOP.u_ASYNC_FIFO.memory_core.mem[36]
          SYS_TOP.u_ASYNC_FIFO.memory_core.mem[37]
          SYS_TOP.u_ASYNC_FIFO.memory_core.mem[38]
          SYS_TOP.u_ASYNC_FIFO.memory_core.mem[39]
          SYS_TOP.u_ASYNC_FIFO.memory_core.mem[40]
          SYS_TOP.u_ASYNC_FIFO.memory_core.mem[41]
          SYS_TOP.u_ASYNC_FIFO.memory_core.mem[42]
          SYS_TOP.u_ASYNC_FIFO.memory_core.mem[43]
          SYS_TOP.u_ASYNC_FIFO.memory_core.mem[44]
          SYS_TOP.u_ASYNC_FIFO.memory_core.mem[45]
          SYS_TOP.u_ASYNC_FIFO.memory_core.mem[46]
          SYS_TOP.u_ASYNC_FIFO.memory_core.mem[47]
          SYS_TOP.u_ASYNC_FIFO.memory_core.mem[48]
          SYS_TOP.u_ASYNC_FIFO.memory_core.mem[49]
          SYS_TOP.u_ASYNC_FIFO.memory_core.mem[50]
          SYS_TOP.u_ASYNC_FIFO.memory_core.mem[51]
          SYS_TOP.u_ASYNC_FIFO.memory_core.mem[52]
          SYS_TOP.u_ASYNC_FIFO.memory_core.mem[53]
          SYS_TOP.u_ASYNC_FIFO.memory_core.mem[54]
          SYS_TOP.u_ASYNC_FIFO.memory_core.mem[55]
          SYS_TOP.u_ASYNC_FIFO.memory_core.mem[56]
          SYS_TOP.u_ASYNC_FIFO.memory_core.mem[57]
          SYS_TOP.u_ASYNC_FIFO.memory_core.mem[58]
          SYS_TOP.u_ASYNC_FIFO.memory_core.mem[59]
          SYS_TOP.u_ASYNC_FIFO.memory_core.mem[60]
          SYS_TOP.u_ASYNC_FIFO.memory_core.mem[61]
          SYS_TOP.u_ASYNC_FIFO.memory_core.mem[62]
          SYS_TOP.u_ASYNC_FIFO.memory_core.mem[63]

  42.     SYS_TOP.u_ASYNC_FIFO.memory_core.mem[0]    SYS_TOP.wr_data[0]              -                 -                 -                 SYSTEM.sgdc:35
          SYS_TOP.u_ASYNC_FIFO.memory_core.mem[1]    SYS_TOP.wr_data[1]
          SYS_TOP.u_ASYNC_FIFO.memory_core.mem[2]    SYS_TOP.wr_data[2]
          SYS_TOP.u_ASYNC_FIFO.memory_core.mem[3]    SYS_TOP.wr_data[3]
          SYS_TOP.u_ASYNC_FIFO.memory_core.mem[4]    SYS_TOP.wr_data[4]
          SYS_TOP.u_ASYNC_FIFO.memory_core.mem[5]    SYS_TOP.wr_data[5]
          SYS_TOP.u_ASYNC_FIFO.memory_core.mem[6]    SYS_TOP.wr_data[6]
          SYS_TOP.u_ASYNC_FIFO.memory_core.mem[7]    SYS_TOP.wr_data[7]
          SYS_TOP.u_ASYNC_FIFO.memory_core.mem[8]
          SYS_TOP.u_ASYNC_FIFO.memory_core.mem[9]
          SYS_TOP.u_ASYNC_FIFO.memory_core.mem[10]
          SYS_TOP.u_ASYNC_FIFO.memory_core.mem[11]
          SYS_TOP.u_ASYNC_FIFO.memory_core.mem[12]
          SYS_TOP.u_ASYNC_FIFO.memory_core.mem[13]
          SYS_TOP.u_ASYNC_FIFO.memory_core.mem[14]
          SYS_TOP.u_ASYNC_FIFO.memory_core.mem[15]
          SYS_TOP.u_ASYNC_FIFO.memory_core.mem[16]
          SYS_TOP.u_ASYNC_FIFO.memory_core.mem[17]
          SYS_TOP.u_ASYNC_FIFO.memory_core.mem[18]
          SYS_TOP.u_ASYNC_FIFO.memory_core.mem[19]
          SYS_TOP.u_ASYNC_FIFO.memory_core.mem[20]
          SYS_TOP.u_ASYNC_FIFO.memory_core.mem[21]
          SYS_TOP.u_ASYNC_FIFO.memory_core.mem[22]
          SYS_TOP.u_ASYNC_FIFO.memory_core.mem[23]
          SYS_TOP.u_ASYNC_FIFO.memory_core.mem[24]
          SYS_TOP.u_ASYNC_FIFO.memory_core.mem[25]
          SYS_TOP.u_ASYNC_FIFO.memory_core.mem[26]
          SYS_TOP.u_ASYNC_FIFO.memory_core.mem[27]
          SYS_TOP.u_ASYNC_FIFO.memory_core.mem[28]
          SYS_TOP.u_ASYNC_FIFO.memory_core.mem[29]
          SYS_TOP.u_ASYNC_FIFO.memory_core.mem[30]
          SYS_TOP.u_ASYNC_FIFO.memory_core.mem[31]
          SYS_TOP.u_ASYNC_FIFO.memory_core.mem[32]
          SYS_TOP.u_ASYNC_FIFO.memory_core.mem[33]
          SYS_TOP.u_ASYNC_FIFO.memory_core.mem[34]
          SYS_TOP.u_ASYNC_FIFO.memory_core.mem[35]
          SYS_TOP.u_ASYNC_FIFO.memory_core.mem[36]
          SYS_TOP.u_ASYNC_FIFO.memory_core.mem[37]
          SYS_TOP.u_ASYNC_FIFO.memory_core.mem[38]
          SYS_TOP.u_ASYNC_FIFO.memory_core.mem[39]
          SYS_TOP.u_ASYNC_FIFO.memory_core.mem[40]
          SYS_TOP.u_ASYNC_FIFO.memory_core.mem[41]
          SYS_TOP.u_ASYNC_FIFO.memory_core.mem[42]
          SYS_TOP.u_ASYNC_FIFO.memory_core.mem[43]
          SYS_TOP.u_ASYNC_FIFO.memory_core.mem[44]
          SYS_TOP.u_ASYNC_FIFO.memory_core.mem[45]
          SYS_TOP.u_ASYNC_FIFO.memory_core.mem[46]
          SYS_TOP.u_ASYNC_FIFO.memory_core.mem[47]
          SYS_TOP.u_ASYNC_FIFO.memory_core.mem[48]
          SYS_TOP.u_ASYNC_FIFO.memory_core.mem[49]
          SYS_TOP.u_ASYNC_FIFO.memory_core.mem[50]
          SYS_TOP.u_ASYNC_FIFO.memory_core.mem[51]
          SYS_TOP.u_ASYNC_FIFO.memory_core.mem[52]
          SYS_TOP.u_ASYNC_FIFO.memory_core.mem[53]
          SYS_TOP.u_ASYNC_FIFO.memory_core.mem[54]
          SYS_TOP.u_ASYNC_FIFO.memory_core.mem[55]
          SYS_TOP.u_ASYNC_FIFO.memory_core.mem[56]
          SYS_TOP.u_ASYNC_FIFO.memory_core.mem[57]
          SYS_TOP.u_ASYNC_FIFO.memory_core.mem[58]
          SYS_TOP.u_ASYNC_FIFO.memory_core.mem[59]
          SYS_TOP.u_ASYNC_FIFO.memory_core.mem[60]
          SYS_TOP.u_ASYNC_FIFO.memory_core.mem[61]
          SYS_TOP.u_ASYNC_FIFO.memory_core.mem[62]
          SYS_TOP.u_ASYNC_FIFO.memory_core.mem[63]

  43.     SYS_TOP.u_ASYNC_FIFO.memory_core.mem[0]    SYS_TOP.rd_data_rf[0]           -                 -                 -                 SYSTEM.sgdc:35
          SYS_TOP.u_ASYNC_FIFO.memory_core.mem[1]    SYS_TOP.rd_data_rf[1]
          SYS_TOP.u_ASYNC_FIFO.memory_core.mem[2]    SYS_TOP.rd_data_rf[2]
          SYS_TOP.u_ASYNC_FIFO.memory_core.mem[3]    SYS_TOP.rd_data_rf[3]
          SYS_TOP.u_ASYNC_FIFO.memory_core.mem[4]    SYS_TOP.rd_data_rf[4]
          SYS_TOP.u_ASYNC_FIFO.memory_core.mem[5]    SYS_TOP.rd_data_rf[5]
          SYS_TOP.u_ASYNC_FIFO.memory_core.mem[6]    SYS_TOP.rd_data_rf[6]
          SYS_TOP.u_ASYNC_FIFO.memory_core.mem[7]    SYS_TOP.rd_data_rf[7]
          SYS_TOP.u_ASYNC_FIFO.memory_core.mem[8]
          SYS_TOP.u_ASYNC_FIFO.memory_core.mem[9]
          SYS_TOP.u_ASYNC_FIFO.memory_core.mem[10]
          SYS_TOP.u_ASYNC_FIFO.memory_core.mem[11]
          SYS_TOP.u_ASYNC_FIFO.memory_core.mem[12]
          SYS_TOP.u_ASYNC_FIFO.memory_core.mem[13]
          SYS_TOP.u_ASYNC_FIFO.memory_core.mem[14]
          SYS_TOP.u_ASYNC_FIFO.memory_core.mem[15]
          SYS_TOP.u_ASYNC_FIFO.memory_core.mem[16]
          SYS_TOP.u_ASYNC_FIFO.memory_core.mem[17]
          SYS_TOP.u_ASYNC_FIFO.memory_core.mem[18]
          SYS_TOP.u_ASYNC_FIFO.memory_core.mem[19]
          SYS_TOP.u_ASYNC_FIFO.memory_core.mem[20]
          SYS_TOP.u_ASYNC_FIFO.memory_core.mem[21]
          SYS_TOP.u_ASYNC_FIFO.memory_core.mem[22]
          SYS_TOP.u_ASYNC_FIFO.memory_core.mem[23]
          SYS_TOP.u_ASYNC_FIFO.memory_core.mem[24]
          SYS_TOP.u_ASYNC_FIFO.memory_core.mem[25]
          SYS_TOP.u_ASYNC_FIFO.memory_core.mem[26]
          SYS_TOP.u_ASYNC_FIFO.memory_core.mem[27]
          SYS_TOP.u_ASYNC_FIFO.memory_core.mem[28]
          SYS_TOP.u_ASYNC_FIFO.memory_core.mem[29]
          SYS_TOP.u_ASYNC_FIFO.memory_core.mem[30]
          SYS_TOP.u_ASYNC_FIFO.memory_core.mem[31]
          SYS_TOP.u_ASYNC_FIFO.memory_core.mem[32]
          SYS_TOP.u_ASYNC_FIFO.memory_core.mem[33]
          SYS_TOP.u_ASYNC_FIFO.memory_core.mem[34]
          SYS_TOP.u_ASYNC_FIFO.memory_core.mem[35]
          SYS_TOP.u_ASYNC_FIFO.memory_core.mem[36]
          SYS_TOP.u_ASYNC_FIFO.memory_core.mem[37]
          SYS_TOP.u_ASYNC_FIFO.memory_core.mem[38]
          SYS_TOP.u_ASYNC_FIFO.memory_core.mem[39]
          SYS_TOP.u_ASYNC_FIFO.memory_core.mem[40]
          SYS_TOP.u_ASYNC_FIFO.memory_core.mem[41]
          SYS_TOP.u_ASYNC_FIFO.memory_core.mem[42]
          SYS_TOP.u_ASYNC_FIFO.memory_core.mem[43]
          SYS_TOP.u_ASYNC_FIFO.memory_core.mem[44]
          SYS_TOP.u_ASYNC_FIFO.memory_core.mem[45]
          SYS_TOP.u_ASYNC_FIFO.memory_core.mem[46]
          SYS_TOP.u_ASYNC_FIFO.memory_core.mem[47]
          SYS_TOP.u_ASYNC_FIFO.memory_core.mem[48]
          SYS_TOP.u_ASYNC_FIFO.memory_core.mem[49]
          SYS_TOP.u_ASYNC_FIFO.memory_core.mem[50]
          SYS_TOP.u_ASYNC_FIFO.memory_core.mem[51]
          SYS_TOP.u_ASYNC_FIFO.memory_core.mem[52]
          SYS_TOP.u_ASYNC_FIFO.memory_core.mem[53]
          SYS_TOP.u_ASYNC_FIFO.memory_core.mem[54]
          SYS_TOP.u_ASYNC_FIFO.memory_core.mem[55]
          SYS_TOP.u_ASYNC_FIFO.memory_core.mem[56]
          SYS_TOP.u_ASYNC_FIFO.memory_core.mem[57]
          SYS_TOP.u_ASYNC_FIFO.memory_core.mem[58]
          SYS_TOP.u_ASYNC_FIFO.memory_core.mem[59]
          SYS_TOP.u_ASYNC_FIFO.memory_core.mem[60]
          SYS_TOP.u_ASYNC_FIFO.memory_core.mem[61]
          SYS_TOP.u_ASYNC_FIFO.memory_core.mem[62]
          SYS_TOP.u_ASYNC_FIFO.memory_core.mem[63]

  44.     SYS_TOP.u_ASYNC_FIFO.memory_core.mem[0]    SYS_TOP.rd_data_valid           -                 -                 -                 SYSTEM.sgdc:35
          SYS_TOP.u_ASYNC_FIFO.memory_core.mem[1]
          SYS_TOP.u_ASYNC_FIFO.memory_core.mem[2]
          SYS_TOP.u_ASYNC_FIFO.memory_core.mem[3]
          SYS_TOP.u_ASYNC_FIFO.memory_core.mem[4]
          SYS_TOP.u_ASYNC_FIFO.memory_core.mem[5]
          SYS_TOP.u_ASYNC_FIFO.memory_core.mem[6]
          SYS_TOP.u_ASYNC_FIFO.memory_core.mem[7]
          SYS_TOP.u_ASYNC_FIFO.memory_core.mem[8]
          SYS_TOP.u_ASYNC_FIFO.memory_core.mem[9]
          SYS_TOP.u_ASYNC_FIFO.memory_core.mem[10]
          SYS_TOP.u_ASYNC_FIFO.memory_core.mem[11]
          SYS_TOP.u_ASYNC_FIFO.memory_core.mem[12]
          SYS_TOP.u_ASYNC_FIFO.memory_core.mem[13]
          SYS_TOP.u_ASYNC_FIFO.memory_core.mem[14]
          SYS_TOP.u_ASYNC_FIFO.memory_core.mem[15]
          SYS_TOP.u_ASYNC_FIFO.memory_core.mem[16]
          SYS_TOP.u_ASYNC_FIFO.memory_core.mem[17]
          SYS_TOP.u_ASYNC_FIFO.memory_core.mem[18]
          SYS_TOP.u_ASYNC_FIFO.memory_core.mem[19]
          SYS_TOP.u_ASYNC_FIFO.memory_core.mem[20]
          SYS_TOP.u_ASYNC_FIFO.memory_core.mem[21]
          SYS_TOP.u_ASYNC_FIFO.memory_core.mem[22]
          SYS_TOP.u_ASYNC_FIFO.memory_core.mem[23]
          SYS_TOP.u_ASYNC_FIFO.memory_core.mem[24]
          SYS_TOP.u_ASYNC_FIFO.memory_core.mem[25]
          SYS_TOP.u_ASYNC_FIFO.memory_core.mem[26]
          SYS_TOP.u_ASYNC_FIFO.memory_core.mem[27]
          SYS_TOP.u_ASYNC_FIFO.memory_core.mem[28]
          SYS_TOP.u_ASYNC_FIFO.memory_core.mem[29]
          SYS_TOP.u_ASYNC_FIFO.memory_core.mem[30]
          SYS_TOP.u_ASYNC_FIFO.memory_core.mem[31]
          SYS_TOP.u_ASYNC_FIFO.memory_core.mem[32]
          SYS_TOP.u_ASYNC_FIFO.memory_core.mem[33]
          SYS_TOP.u_ASYNC_FIFO.memory_core.mem[34]
          SYS_TOP.u_ASYNC_FIFO.memory_core.mem[35]
          SYS_TOP.u_ASYNC_FIFO.memory_core.mem[36]
          SYS_TOP.u_ASYNC_FIFO.memory_core.mem[37]
          SYS_TOP.u_ASYNC_FIFO.memory_core.mem[38]
          SYS_TOP.u_ASYNC_FIFO.memory_core.mem[39]
          SYS_TOP.u_ASYNC_FIFO.memory_core.mem[40]
          SYS_TOP.u_ASYNC_FIFO.memory_core.mem[41]
          SYS_TOP.u_ASYNC_FIFO.memory_core.mem[42]
          SYS_TOP.u_ASYNC_FIFO.memory_core.mem[43]
          SYS_TOP.u_ASYNC_FIFO.memory_core.mem[44]
          SYS_TOP.u_ASYNC_FIFO.memory_core.mem[45]
          SYS_TOP.u_ASYNC_FIFO.memory_core.mem[46]
          SYS_TOP.u_ASYNC_FIFO.memory_core.mem[47]
          SYS_TOP.u_ASYNC_FIFO.memory_core.mem[48]
          SYS_TOP.u_ASYNC_FIFO.memory_core.mem[49]
          SYS_TOP.u_ASYNC_FIFO.memory_core.mem[50]
          SYS_TOP.u_ASYNC_FIFO.memory_core.mem[51]
          SYS_TOP.u_ASYNC_FIFO.memory_core.mem[52]
          SYS_TOP.u_ASYNC_FIFO.memory_core.mem[53]
          SYS_TOP.u_ASYNC_FIFO.memory_core.mem[54]
          SYS_TOP.u_ASYNC_FIFO.memory_core.mem[55]
          SYS_TOP.u_ASYNC_FIFO.memory_core.mem[56]
          SYS_TOP.u_ASYNC_FIFO.memory_core.mem[57]
          SYS_TOP.u_ASYNC_FIFO.memory_core.mem[58]
          SYS_TOP.u_ASYNC_FIFO.memory_core.mem[59]
          SYS_TOP.u_ASYNC_FIFO.memory_core.mem[60]
          SYS_TOP.u_ASYNC_FIFO.memory_core.mem[61]
          SYS_TOP.u_ASYNC_FIFO.memory_core.mem[62]
          SYS_TOP.u_ASYNC_FIFO.memory_core.mem[63]

  45.     SYS_TOP.u_ASYNC_FIFO.memory_core.mem[0]    SYS_TOP.alu_fun[0]              -                 -                 -                 SYSTEM.sgdc:35
          SYS_TOP.u_ASYNC_FIFO.memory_core.mem[1]    SYS_TOP.alu_fun[1]
          SYS_TOP.u_ASYNC_FIFO.memory_core.mem[2]    SYS_TOP.alu_fun[2]
          SYS_TOP.u_ASYNC_FIFO.memory_core.mem[3]    SYS_TOP.alu_fun[3]
          SYS_TOP.u_ASYNC_FIFO.memory_core.mem[4]
          SYS_TOP.u_ASYNC_FIFO.memory_core.mem[5]
          SYS_TOP.u_ASYNC_FIFO.memory_core.mem[6]
          SYS_TOP.u_ASYNC_FIFO.memory_core.mem[7]
          SYS_TOP.u_ASYNC_FIFO.memory_core.mem[8]
          SYS_TOP.u_ASYNC_FIFO.memory_core.mem[9]
          SYS_TOP.u_ASYNC_FIFO.memory_core.mem[10]
          SYS_TOP.u_ASYNC_FIFO.memory_core.mem[11]
          SYS_TOP.u_ASYNC_FIFO.memory_core.mem[12]
          SYS_TOP.u_ASYNC_FIFO.memory_core.mem[13]
          SYS_TOP.u_ASYNC_FIFO.memory_core.mem[14]
          SYS_TOP.u_ASYNC_FIFO.memory_core.mem[15]
          SYS_TOP.u_ASYNC_FIFO.memory_core.mem[16]
          SYS_TOP.u_ASYNC_FIFO.memory_core.mem[17]
          SYS_TOP.u_ASYNC_FIFO.memory_core.mem[18]
          SYS_TOP.u_ASYNC_FIFO.memory_core.mem[19]
          SYS_TOP.u_ASYNC_FIFO.memory_core.mem[20]
          SYS_TOP.u_ASYNC_FIFO.memory_core.mem[21]
          SYS_TOP.u_ASYNC_FIFO.memory_core.mem[22]
          SYS_TOP.u_ASYNC_FIFO.memory_core.mem[23]
          SYS_TOP.u_ASYNC_FIFO.memory_core.mem[24]
          SYS_TOP.u_ASYNC_FIFO.memory_core.mem[25]
          SYS_TOP.u_ASYNC_FIFO.memory_core.mem[26]
          SYS_TOP.u_ASYNC_FIFO.memory_core.mem[27]
          SYS_TOP.u_ASYNC_FIFO.memory_core.mem[28]
          SYS_TOP.u_ASYNC_FIFO.memory_core.mem[29]
          SYS_TOP.u_ASYNC_FIFO.memory_core.mem[30]
          SYS_TOP.u_ASYNC_FIFO.memory_core.mem[31]
          SYS_TOP.u_ASYNC_FIFO.memory_core.mem[32]
          SYS_TOP.u_ASYNC_FIFO.memory_core.mem[33]
          SYS_TOP.u_ASYNC_FIFO.memory_core.mem[34]
          SYS_TOP.u_ASYNC_FIFO.memory_core.mem[35]
          SYS_TOP.u_ASYNC_FIFO.memory_core.mem[36]
          SYS_TOP.u_ASYNC_FIFO.memory_core.mem[37]
          SYS_TOP.u_ASYNC_FIFO.memory_core.mem[38]
          SYS_TOP.u_ASYNC_FIFO.memory_core.mem[39]
          SYS_TOP.u_ASYNC_FIFO.memory_core.mem[40]
          SYS_TOP.u_ASYNC_FIFO.memory_core.mem[41]
          SYS_TOP.u_ASYNC_FIFO.memory_core.mem[42]
          SYS_TOP.u_ASYNC_FIFO.memory_core.mem[43]
          SYS_TOP.u_ASYNC_FIFO.memory_core.mem[44]
          SYS_TOP.u_ASYNC_FIFO.memory_core.mem[45]
          SYS_TOP.u_ASYNC_FIFO.memory_core.mem[46]
          SYS_TOP.u_ASYNC_FIFO.memory_core.mem[47]
          SYS_TOP.u_ASYNC_FIFO.memory_core.mem[48]
          SYS_TOP.u_ASYNC_FIFO.memory_core.mem[49]
          SYS_TOP.u_ASYNC_FIFO.memory_core.mem[50]
          SYS_TOP.u_ASYNC_FIFO.memory_core.mem[51]
          SYS_TOP.u_ASYNC_FIFO.memory_core.mem[52]
          SYS_TOP.u_ASYNC_FIFO.memory_core.mem[53]
          SYS_TOP.u_ASYNC_FIFO.memory_core.mem[54]
          SYS_TOP.u_ASYNC_FIFO.memory_core.mem[55]
          SYS_TOP.u_ASYNC_FIFO.memory_core.mem[56]
          SYS_TOP.u_ASYNC_FIFO.memory_core.mem[57]
          SYS_TOP.u_ASYNC_FIFO.memory_core.mem[58]
          SYS_TOP.u_ASYNC_FIFO.memory_core.mem[59]
          SYS_TOP.u_ASYNC_FIFO.memory_core.mem[60]
          SYS_TOP.u_ASYNC_FIFO.memory_core.mem[61]
          SYS_TOP.u_ASYNC_FIFO.memory_core.mem[62]
          SYS_TOP.u_ASYNC_FIFO.memory_core.mem[63]

  46.     SYS_TOP.u_ASYNC_FIFO.memory_core.mem[0]    SYS_TOP.alu_en                  -                 -                 -                 SYSTEM.sgdc:35
          SYS_TOP.u_ASYNC_FIFO.memory_core.mem[1]
          SYS_TOP.u_ASYNC_FIFO.memory_core.mem[2]
          SYS_TOP.u_ASYNC_FIFO.memory_core.mem[3]
          SYS_TOP.u_ASYNC_FIFO.memory_core.mem[4]
          SYS_TOP.u_ASYNC_FIFO.memory_core.mem[5]
          SYS_TOP.u_ASYNC_FIFO.memory_core.mem[6]
          SYS_TOP.u_ASYNC_FIFO.memory_core.mem[7]
          SYS_TOP.u_ASYNC_FIFO.memory_core.mem[8]
          SYS_TOP.u_ASYNC_FIFO.memory_core.mem[9]
          SYS_TOP.u_ASYNC_FIFO.memory_core.mem[10]
          SYS_TOP.u_ASYNC_FIFO.memory_core.mem[11]
          SYS_TOP.u_ASYNC_FIFO.memory_core.mem[12]
          SYS_TOP.u_ASYNC_FIFO.memory_core.mem[13]
          SYS_TOP.u_ASYNC_FIFO.memory_core.mem[14]
          SYS_TOP.u_ASYNC_FIFO.memory_core.mem[15]
          SYS_TOP.u_ASYNC_FIFO.memory_core.mem[16]
          SYS_TOP.u_ASYNC_FIFO.memory_core.mem[17]
          SYS_TOP.u_ASYNC_FIFO.memory_core.mem[18]
          SYS_TOP.u_ASYNC_FIFO.memory_core.mem[19]
          SYS_TOP.u_ASYNC_FIFO.memory_core.mem[20]
          SYS_TOP.u_ASYNC_FIFO.memory_core.mem[21]
          SYS_TOP.u_ASYNC_FIFO.memory_core.mem[22]
          SYS_TOP.u_ASYNC_FIFO.memory_core.mem[23]
          SYS_TOP.u_ASYNC_FIFO.memory_core.mem[24]
          SYS_TOP.u_ASYNC_FIFO.memory_core.mem[25]
          SYS_TOP.u_ASYNC_FIFO.memory_core.mem[26]
          SYS_TOP.u_ASYNC_FIFO.memory_core.mem[27]
          SYS_TOP.u_ASYNC_FIFO.memory_core.mem[28]
          SYS_TOP.u_ASYNC_FIFO.memory_core.mem[29]
          SYS_TOP.u_ASYNC_FIFO.memory_core.mem[30]
          SYS_TOP.u_ASYNC_FIFO.memory_core.mem[31]
          SYS_TOP.u_ASYNC_FIFO.memory_core.mem[32]
          SYS_TOP.u_ASYNC_FIFO.memory_core.mem[33]
          SYS_TOP.u_ASYNC_FIFO.memory_core.mem[34]
          SYS_TOP.u_ASYNC_FIFO.memory_core.mem[35]
          SYS_TOP.u_ASYNC_FIFO.memory_core.mem[36]
          SYS_TOP.u_ASYNC_FIFO.memory_core.mem[37]
          SYS_TOP.u_ASYNC_FIFO.memory_core.mem[38]
          SYS_TOP.u_ASYNC_FIFO.memory_core.mem[39]
          SYS_TOP.u_ASYNC_FIFO.memory_core.mem[40]
          SYS_TOP.u_ASYNC_FIFO.memory_core.mem[41]
          SYS_TOP.u_ASYNC_FIFO.memory_core.mem[42]
          SYS_TOP.u_ASYNC_FIFO.memory_core.mem[43]
          SYS_TOP.u_ASYNC_FIFO.memory_core.mem[44]
          SYS_TOP.u_ASYNC_FIFO.memory_core.mem[45]
          SYS_TOP.u_ASYNC_FIFO.memory_core.mem[46]
          SYS_TOP.u_ASYNC_FIFO.memory_core.mem[47]
          SYS_TOP.u_ASYNC_FIFO.memory_core.mem[48]
          SYS_TOP.u_ASYNC_FIFO.memory_core.mem[49]
          SYS_TOP.u_ASYNC_FIFO.memory_core.mem[50]
          SYS_TOP.u_ASYNC_FIFO.memory_core.mem[51]
          SYS_TOP.u_ASYNC_FIFO.memory_core.mem[52]
          SYS_TOP.u_ASYNC_FIFO.memory_core.mem[53]
          SYS_TOP.u_ASYNC_FIFO.memory_core.mem[54]
          SYS_TOP.u_ASYNC_FIFO.memory_core.mem[55]
          SYS_TOP.u_ASYNC_FIFO.memory_core.mem[56]
          SYS_TOP.u_ASYNC_FIFO.memory_core.mem[57]
          SYS_TOP.u_ASYNC_FIFO.memory_core.mem[58]
          SYS_TOP.u_ASYNC_FIFO.memory_core.mem[59]
          SYS_TOP.u_ASYNC_FIFO.memory_core.mem[60]
          SYS_TOP.u_ASYNC_FIFO.memory_core.mem[61]
          SYS_TOP.u_ASYNC_FIFO.memory_core.mem[62]
          SYS_TOP.u_ASYNC_FIFO.memory_core.mem[63]

  47.     SYS_TOP.u_ASYNC_FIFO.memory_core.mem[0]    SYS_TOP.gate_en                 -                 -                 -                 SYSTEM.sgdc:35
          SYS_TOP.u_ASYNC_FIFO.memory_core.mem[1]
          SYS_TOP.u_ASYNC_FIFO.memory_core.mem[2]
          SYS_TOP.u_ASYNC_FIFO.memory_core.mem[3]
          SYS_TOP.u_ASYNC_FIFO.memory_core.mem[4]
          SYS_TOP.u_ASYNC_FIFO.memory_core.mem[5]
          SYS_TOP.u_ASYNC_FIFO.memory_core.mem[6]
          SYS_TOP.u_ASYNC_FIFO.memory_core.mem[7]
          SYS_TOP.u_ASYNC_FIFO.memory_core.mem[8]
          SYS_TOP.u_ASYNC_FIFO.memory_core.mem[9]
          SYS_TOP.u_ASYNC_FIFO.memory_core.mem[10]
          SYS_TOP.u_ASYNC_FIFO.memory_core.mem[11]
          SYS_TOP.u_ASYNC_FIFO.memory_core.mem[12]
          SYS_TOP.u_ASYNC_FIFO.memory_core.mem[13]
          SYS_TOP.u_ASYNC_FIFO.memory_core.mem[14]
          SYS_TOP.u_ASYNC_FIFO.memory_core.mem[15]
          SYS_TOP.u_ASYNC_FIFO.memory_core.mem[16]
          SYS_TOP.u_ASYNC_FIFO.memory_core.mem[17]
          SYS_TOP.u_ASYNC_FIFO.memory_core.mem[18]
          SYS_TOP.u_ASYNC_FIFO.memory_core.mem[19]
          SYS_TOP.u_ASYNC_FIFO.memory_core.mem[20]
          SYS_TOP.u_ASYNC_FIFO.memory_core.mem[21]
          SYS_TOP.u_ASYNC_FIFO.memory_core.mem[22]
          SYS_TOP.u_ASYNC_FIFO.memory_core.mem[23]
          SYS_TOP.u_ASYNC_FIFO.memory_core.mem[24]
          SYS_TOP.u_ASYNC_FIFO.memory_core.mem[25]
          SYS_TOP.u_ASYNC_FIFO.memory_core.mem[26]
          SYS_TOP.u_ASYNC_FIFO.memory_core.mem[27]
          SYS_TOP.u_ASYNC_FIFO.memory_core.mem[28]
          SYS_TOP.u_ASYNC_FIFO.memory_core.mem[29]
          SYS_TOP.u_ASYNC_FIFO.memory_core.mem[30]
          SYS_TOP.u_ASYNC_FIFO.memory_core.mem[31]
          SYS_TOP.u_ASYNC_FIFO.memory_core.mem[32]
          SYS_TOP.u_ASYNC_FIFO.memory_core.mem[33]
          SYS_TOP.u_ASYNC_FIFO.memory_core.mem[34]
          SYS_TOP.u_ASYNC_FIFO.memory_core.mem[35]
          SYS_TOP.u_ASYNC_FIFO.memory_core.mem[36]
          SYS_TOP.u_ASYNC_FIFO.memory_core.mem[37]
          SYS_TOP.u_ASYNC_FIFO.memory_core.mem[38]
          SYS_TOP.u_ASYNC_FIFO.memory_core.mem[39]
          SYS_TOP.u_ASYNC_FIFO.memory_core.mem[40]
          SYS_TOP.u_ASYNC_FIFO.memory_core.mem[41]
          SYS_TOP.u_ASYNC_FIFO.memory_core.mem[42]
          SYS_TOP.u_ASYNC_FIFO.memory_core.mem[43]
          SYS_TOP.u_ASYNC_FIFO.memory_core.mem[44]
          SYS_TOP.u_ASYNC_FIFO.memory_core.mem[45]
          SYS_TOP.u_ASYNC_FIFO.memory_core.mem[46]
          SYS_TOP.u_ASYNC_FIFO.memory_core.mem[47]
          SYS_TOP.u_ASYNC_FIFO.memory_core.mem[48]
          SYS_TOP.u_ASYNC_FIFO.memory_core.mem[49]
          SYS_TOP.u_ASYNC_FIFO.memory_core.mem[50]
          SYS_TOP.u_ASYNC_FIFO.memory_core.mem[51]
          SYS_TOP.u_ASYNC_FIFO.memory_core.mem[52]
          SYS_TOP.u_ASYNC_FIFO.memory_core.mem[53]
          SYS_TOP.u_ASYNC_FIFO.memory_core.mem[54]
          SYS_TOP.u_ASYNC_FIFO.memory_core.mem[55]
          SYS_TOP.u_ASYNC_FIFO.memory_core.mem[56]
          SYS_TOP.u_ASYNC_FIFO.memory_core.mem[57]
          SYS_TOP.u_ASYNC_FIFO.memory_core.mem[58]
          SYS_TOP.u_ASYNC_FIFO.memory_core.mem[59]
          SYS_TOP.u_ASYNC_FIFO.memory_core.mem[60]
          SYS_TOP.u_ASYNC_FIFO.memory_core.mem[61]
          SYS_TOP.u_ASYNC_FIFO.memory_core.mem[62]
          SYS_TOP.u_ASYNC_FIFO.memory_core.mem[63]

  48.     SYS_TOP.u_ASYNC_FIFO.memory_core.mem[0]    SYS_TOP.alu_out[0]              -                 -                 -                 SYSTEM.sgdc:35
          SYS_TOP.u_ASYNC_FIFO.memory_core.mem[1]    SYS_TOP.alu_out[1]
          SYS_TOP.u_ASYNC_FIFO.memory_core.mem[2]    SYS_TOP.alu_out[2]
          SYS_TOP.u_ASYNC_FIFO.memory_core.mem[3]    SYS_TOP.alu_out[3]
          SYS_TOP.u_ASYNC_FIFO.memory_core.mem[4]    SYS_TOP.alu_out[4]
          SYS_TOP.u_ASYNC_FIFO.memory_core.mem[5]    SYS_TOP.alu_out[5]
          SYS_TOP.u_ASYNC_FIFO.memory_core.mem[6]    SYS_TOP.alu_out[6]
          SYS_TOP.u_ASYNC_FIFO.memory_core.mem[7]    SYS_TOP.alu_out[7]
          SYS_TOP.u_ASYNC_FIFO.memory_core.mem[8]    SYS_TOP.alu_out[8]
          SYS_TOP.u_ASYNC_FIFO.memory_core.mem[9]    SYS_TOP.alu_out[9]
          SYS_TOP.u_ASYNC_FIFO.memory_core.mem[10]   SYS_TOP.alu_out[10]
          SYS_TOP.u_ASYNC_FIFO.memory_core.mem[11]   SYS_TOP.alu_out[11]
          SYS_TOP.u_ASYNC_FIFO.memory_core.mem[12]   SYS_TOP.alu_out[12]
          SYS_TOP.u_ASYNC_FIFO.memory_core.mem[13]   SYS_TOP.alu_out[13]
          SYS_TOP.u_ASYNC_FIFO.memory_core.mem[14]   SYS_TOP.alu_out[14]
          SYS_TOP.u_ASYNC_FIFO.memory_core.mem[15]   SYS_TOP.alu_out[15]
          SYS_TOP.u_ASYNC_FIFO.memory_core.mem[16]
          SYS_TOP.u_ASYNC_FIFO.memory_core.mem[17]
          SYS_TOP.u_ASYNC_FIFO.memory_core.mem[18]
          SYS_TOP.u_ASYNC_FIFO.memory_core.mem[19]
          SYS_TOP.u_ASYNC_FIFO.memory_core.mem[20]
          SYS_TOP.u_ASYNC_FIFO.memory_core.mem[21]
          SYS_TOP.u_ASYNC_FIFO.memory_core.mem[22]
          SYS_TOP.u_ASYNC_FIFO.memory_core.mem[23]
          SYS_TOP.u_ASYNC_FIFO.memory_core.mem[24]
          SYS_TOP.u_ASYNC_FIFO.memory_core.mem[25]
          SYS_TOP.u_ASYNC_FIFO.memory_core.mem[26]
          SYS_TOP.u_ASYNC_FIFO.memory_core.mem[27]
          SYS_TOP.u_ASYNC_FIFO.memory_core.mem[28]
          SYS_TOP.u_ASYNC_FIFO.memory_core.mem[29]
          SYS_TOP.u_ASYNC_FIFO.memory_core.mem[30]
          SYS_TOP.u_ASYNC_FIFO.memory_core.mem[31]
          SYS_TOP.u_ASYNC_FIFO.memory_core.mem[32]
          SYS_TOP.u_ASYNC_FIFO.memory_core.mem[33]
          SYS_TOP.u_ASYNC_FIFO.memory_core.mem[34]
          SYS_TOP.u_ASYNC_FIFO.memory_core.mem[35]
          SYS_TOP.u_ASYNC_FIFO.memory_core.mem[36]
          SYS_TOP.u_ASYNC_FIFO.memory_core.mem[37]
          SYS_TOP.u_ASYNC_FIFO.memory_core.mem[38]
          SYS_TOP.u_ASYNC_FIFO.memory_core.mem[39]
          SYS_TOP.u_ASYNC_FIFO.memory_core.mem[40]
          SYS_TOP.u_ASYNC_FIFO.memory_core.mem[41]
          SYS_TOP.u_ASYNC_FIFO.memory_core.mem[42]
          SYS_TOP.u_ASYNC_FIFO.memory_core.mem[43]
          SYS_TOP.u_ASYNC_FIFO.memory_core.mem[44]
          SYS_TOP.u_ASYNC_FIFO.memory_core.mem[45]
          SYS_TOP.u_ASYNC_FIFO.memory_core.mem[46]
          SYS_TOP.u_ASYNC_FIFO.memory_core.mem[47]
          SYS_TOP.u_ASYNC_FIFO.memory_core.mem[48]
          SYS_TOP.u_ASYNC_FIFO.memory_core.mem[49]
          SYS_TOP.u_ASYNC_FIFO.memory_core.mem[50]
          SYS_TOP.u_ASYNC_FIFO.memory_core.mem[51]
          SYS_TOP.u_ASYNC_FIFO.memory_core.mem[52]
          SYS_TOP.u_ASYNC_FIFO.memory_core.mem[53]
          SYS_TOP.u_ASYNC_FIFO.memory_core.mem[54]
          SYS_TOP.u_ASYNC_FIFO.memory_core.mem[55]
          SYS_TOP.u_ASYNC_FIFO.memory_core.mem[56]
          SYS_TOP.u_ASYNC_FIFO.memory_core.mem[57]
          SYS_TOP.u_ASYNC_FIFO.memory_core.mem[58]
          SYS_TOP.u_ASYNC_FIFO.memory_core.mem[59]
          SYS_TOP.u_ASYNC_FIFO.memory_core.mem[60]
          SYS_TOP.u_ASYNC_FIFO.memory_core.mem[61]
          SYS_TOP.u_ASYNC_FIFO.memory_core.mem[62]
          SYS_TOP.u_ASYNC_FIFO.memory_core.mem[63]

  49.     SYS_TOP.u_ASYNC_FIFO.memory_core.mem[0]    SYS_TOP.alu_out_valid           -                 -                 -                 SYSTEM.sgdc:35
          SYS_TOP.u_ASYNC_FIFO.memory_core.mem[1]
          SYS_TOP.u_ASYNC_FIFO.memory_core.mem[2]
          SYS_TOP.u_ASYNC_FIFO.memory_core.mem[3]
          SYS_TOP.u_ASYNC_FIFO.memory_core.mem[4]
          SYS_TOP.u_ASYNC_FIFO.memory_core.mem[5]
          SYS_TOP.u_ASYNC_FIFO.memory_core.mem[6]
          SYS_TOP.u_ASYNC_FIFO.memory_core.mem[7]
          SYS_TOP.u_ASYNC_FIFO.memory_core.mem[8]
          SYS_TOP.u_ASYNC_FIFO.memory_core.mem[9]
          SYS_TOP.u_ASYNC_FIFO.memory_core.mem[10]
          SYS_TOP.u_ASYNC_FIFO.memory_core.mem[11]
          SYS_TOP.u_ASYNC_FIFO.memory_core.mem[12]
          SYS_TOP.u_ASYNC_FIFO.memory_core.mem[13]
          SYS_TOP.u_ASYNC_FIFO.memory_core.mem[14]
          SYS_TOP.u_ASYNC_FIFO.memory_core.mem[15]
          SYS_TOP.u_ASYNC_FIFO.memory_core.mem[16]
          SYS_TOP.u_ASYNC_FIFO.memory_core.mem[17]
          SYS_TOP.u_ASYNC_FIFO.memory_core.mem[18]
          SYS_TOP.u_ASYNC_FIFO.memory_core.mem[19]
          SYS_TOP.u_ASYNC_FIFO.memory_core.mem[20]
          SYS_TOP.u_ASYNC_FIFO.memory_core.mem[21]
          SYS_TOP.u_ASYNC_FIFO.memory_core.mem[22]
          SYS_TOP.u_ASYNC_FIFO.memory_core.mem[23]
          SYS_TOP.u_ASYNC_FIFO.memory_core.mem[24]
          SYS_TOP.u_ASYNC_FIFO.memory_core.mem[25]
          SYS_TOP.u_ASYNC_FIFO.memory_core.mem[26]
          SYS_TOP.u_ASYNC_FIFO.memory_core.mem[27]
          SYS_TOP.u_ASYNC_FIFO.memory_core.mem[28]
          SYS_TOP.u_ASYNC_FIFO.memory_core.mem[29]
          SYS_TOP.u_ASYNC_FIFO.memory_core.mem[30]
          SYS_TOP.u_ASYNC_FIFO.memory_core.mem[31]
          SYS_TOP.u_ASYNC_FIFO.memory_core.mem[32]
          SYS_TOP.u_ASYNC_FIFO.memory_core.mem[33]
          SYS_TOP.u_ASYNC_FIFO.memory_core.mem[34]
          SYS_TOP.u_ASYNC_FIFO.memory_core.mem[35]
          SYS_TOP.u_ASYNC_FIFO.memory_core.mem[36]
          SYS_TOP.u_ASYNC_FIFO.memory_core.mem[37]
          SYS_TOP.u_ASYNC_FIFO.memory_core.mem[38]
          SYS_TOP.u_ASYNC_FIFO.memory_core.mem[39]
          SYS_TOP.u_ASYNC_FIFO.memory_core.mem[40]
          SYS_TOP.u_ASYNC_FIFO.memory_core.mem[41]
          SYS_TOP.u_ASYNC_FIFO.memory_core.mem[42]
          SYS_TOP.u_ASYNC_FIFO.memory_core.mem[43]
          SYS_TOP.u_ASYNC_FIFO.memory_core.mem[44]
          SYS_TOP.u_ASYNC_FIFO.memory_core.mem[45]
          SYS_TOP.u_ASYNC_FIFO.memory_core.mem[46]
          SYS_TOP.u_ASYNC_FIFO.memory_core.mem[47]
          SYS_TOP.u_ASYNC_FIFO.memory_core.mem[48]
          SYS_TOP.u_ASYNC_FIFO.memory_core.mem[49]
          SYS_TOP.u_ASYNC_FIFO.memory_core.mem[50]
          SYS_TOP.u_ASYNC_FIFO.memory_core.mem[51]
          SYS_TOP.u_ASYNC_FIFO.memory_core.mem[52]
          SYS_TOP.u_ASYNC_FIFO.memory_core.mem[53]
          SYS_TOP.u_ASYNC_FIFO.memory_core.mem[54]
          SYS_TOP.u_ASYNC_FIFO.memory_core.mem[55]
          SYS_TOP.u_ASYNC_FIFO.memory_core.mem[56]
          SYS_TOP.u_ASYNC_FIFO.memory_core.mem[57]
          SYS_TOP.u_ASYNC_FIFO.memory_core.mem[58]
          SYS_TOP.u_ASYNC_FIFO.memory_core.mem[59]
          SYS_TOP.u_ASYNC_FIFO.memory_core.mem[60]
          SYS_TOP.u_ASYNC_FIFO.memory_core.mem[61]
          SYS_TOP.u_ASYNC_FIFO.memory_core.mem[62]
          SYS_TOP.u_ASYNC_FIFO.memory_core.mem[63]

  50.     SYS_TOP.u_ASYNC_FIFO.memory_core.mem[0]    SYS_TOP.op_a[0]                 -                 -                 -                 SYSTEM.sgdc:35
          SYS_TOP.u_ASYNC_FIFO.memory_core.mem[1]    SYS_TOP.op_a[1]
          SYS_TOP.u_ASYNC_FIFO.memory_core.mem[2]    SYS_TOP.op_a[2]
          SYS_TOP.u_ASYNC_FIFO.memory_core.mem[3]    SYS_TOP.op_a[3]
          SYS_TOP.u_ASYNC_FIFO.memory_core.mem[4]    SYS_TOP.op_a[4]
          SYS_TOP.u_ASYNC_FIFO.memory_core.mem[5]    SYS_TOP.op_a[5]
          SYS_TOP.u_ASYNC_FIFO.memory_core.mem[6]    SYS_TOP.op_a[6]
          SYS_TOP.u_ASYNC_FIFO.memory_core.mem[7]    SYS_TOP.op_a[7]
          SYS_TOP.u_ASYNC_FIFO.memory_core.mem[8]
          SYS_TOP.u_ASYNC_FIFO.memory_core.mem[9]
          SYS_TOP.u_ASYNC_FIFO.memory_core.mem[10]
          SYS_TOP.u_ASYNC_FIFO.memory_core.mem[11]
          SYS_TOP.u_ASYNC_FIFO.memory_core.mem[12]
          SYS_TOP.u_ASYNC_FIFO.memory_core.mem[13]
          SYS_TOP.u_ASYNC_FIFO.memory_core.mem[14]
          SYS_TOP.u_ASYNC_FIFO.memory_core.mem[15]
          SYS_TOP.u_ASYNC_FIFO.memory_core.mem[16]
          SYS_TOP.u_ASYNC_FIFO.memory_core.mem[17]
          SYS_TOP.u_ASYNC_FIFO.memory_core.mem[18]
          SYS_TOP.u_ASYNC_FIFO.memory_core.mem[19]
          SYS_TOP.u_ASYNC_FIFO.memory_core.mem[20]
          SYS_TOP.u_ASYNC_FIFO.memory_core.mem[21]
          SYS_TOP.u_ASYNC_FIFO.memory_core.mem[22]
          SYS_TOP.u_ASYNC_FIFO.memory_core.mem[23]
          SYS_TOP.u_ASYNC_FIFO.memory_core.mem[24]
          SYS_TOP.u_ASYNC_FIFO.memory_core.mem[25]
          SYS_TOP.u_ASYNC_FIFO.memory_core.mem[26]
          SYS_TOP.u_ASYNC_FIFO.memory_core.mem[27]
          SYS_TOP.u_ASYNC_FIFO.memory_core.mem[28]
          SYS_TOP.u_ASYNC_FIFO.memory_core.mem[29]
          SYS_TOP.u_ASYNC_FIFO.memory_core.mem[30]
          SYS_TOP.u_ASYNC_FIFO.memory_core.mem[31]
          SYS_TOP.u_ASYNC_FIFO.memory_core.mem[32]
          SYS_TOP.u_ASYNC_FIFO.memory_core.mem[33]
          SYS_TOP.u_ASYNC_FIFO.memory_core.mem[34]
          SYS_TOP.u_ASYNC_FIFO.memory_core.mem[35]
          SYS_TOP.u_ASYNC_FIFO.memory_core.mem[36]
          SYS_TOP.u_ASYNC_FIFO.memory_core.mem[37]
          SYS_TOP.u_ASYNC_FIFO.memory_core.mem[38]
          SYS_TOP.u_ASYNC_FIFO.memory_core.mem[39]
          SYS_TOP.u_ASYNC_FIFO.memory_core.mem[40]
          SYS_TOP.u_ASYNC_FIFO.memory_core.mem[41]
          SYS_TOP.u_ASYNC_FIFO.memory_core.mem[42]
          SYS_TOP.u_ASYNC_FIFO.memory_core.mem[43]
          SYS_TOP.u_ASYNC_FIFO.memory_core.mem[44]
          SYS_TOP.u_ASYNC_FIFO.memory_core.mem[45]
          SYS_TOP.u_ASYNC_FIFO.memory_core.mem[46]
          SYS_TOP.u_ASYNC_FIFO.memory_core.mem[47]
          SYS_TOP.u_ASYNC_FIFO.memory_core.mem[48]
          SYS_TOP.u_ASYNC_FIFO.memory_core.mem[49]
          SYS_TOP.u_ASYNC_FIFO.memory_core.mem[50]
          SYS_TOP.u_ASYNC_FIFO.memory_core.mem[51]
          SYS_TOP.u_ASYNC_FIFO.memory_core.mem[52]
          SYS_TOP.u_ASYNC_FIFO.memory_core.mem[53]
          SYS_TOP.u_ASYNC_FIFO.memory_core.mem[54]
          SYS_TOP.u_ASYNC_FIFO.memory_core.mem[55]
          SYS_TOP.u_ASYNC_FIFO.memory_core.mem[56]
          SYS_TOP.u_ASYNC_FIFO.memory_core.mem[57]
          SYS_TOP.u_ASYNC_FIFO.memory_core.mem[58]
          SYS_TOP.u_ASYNC_FIFO.memory_core.mem[59]
          SYS_TOP.u_ASYNC_FIFO.memory_core.mem[60]
          SYS_TOP.u_ASYNC_FIFO.memory_core.mem[61]
          SYS_TOP.u_ASYNC_FIFO.memory_core.mem[62]
          SYS_TOP.u_ASYNC_FIFO.memory_core.mem[63]

  51.     SYS_TOP.u_ASYNC_FIFO.memory_core.mem[0]    SYS_TOP.op_b[0]                 -                 -                 -                 SYSTEM.sgdc:35
          SYS_TOP.u_ASYNC_FIFO.memory_core.mem[1]    SYS_TOP.op_b[1]
          SYS_TOP.u_ASYNC_FIFO.memory_core.mem[2]    SYS_TOP.op_b[2]
          SYS_TOP.u_ASYNC_FIFO.memory_core.mem[3]    SYS_TOP.op_b[3]
          SYS_TOP.u_ASYNC_FIFO.memory_core.mem[4]    SYS_TOP.op_b[4]
          SYS_TOP.u_ASYNC_FIFO.memory_core.mem[5]    SYS_TOP.op_b[5]
          SYS_TOP.u_ASYNC_FIFO.memory_core.mem[6]    SYS_TOP.op_b[6]
          SYS_TOP.u_ASYNC_FIFO.memory_core.mem[7]    SYS_TOP.op_b[7]
          SYS_TOP.u_ASYNC_FIFO.memory_core.mem[8]
          SYS_TOP.u_ASYNC_FIFO.memory_core.mem[9]
          SYS_TOP.u_ASYNC_FIFO.memory_core.mem[10]
          SYS_TOP.u_ASYNC_FIFO.memory_core.mem[11]
          SYS_TOP.u_ASYNC_FIFO.memory_core.mem[12]
          SYS_TOP.u_ASYNC_FIFO.memory_core.mem[13]
          SYS_TOP.u_ASYNC_FIFO.memory_core.mem[14]
          SYS_TOP.u_ASYNC_FIFO.memory_core.mem[15]
          SYS_TOP.u_ASYNC_FIFO.memory_core.mem[16]
          SYS_TOP.u_ASYNC_FIFO.memory_core.mem[17]
          SYS_TOP.u_ASYNC_FIFO.memory_core.mem[18]
          SYS_TOP.u_ASYNC_FIFO.memory_core.mem[19]
          SYS_TOP.u_ASYNC_FIFO.memory_core.mem[20]
          SYS_TOP.u_ASYNC_FIFO.memory_core.mem[21]
          SYS_TOP.u_ASYNC_FIFO.memory_core.mem[22]
          SYS_TOP.u_ASYNC_FIFO.memory_core.mem[23]
          SYS_TOP.u_ASYNC_FIFO.memory_core.mem[24]
          SYS_TOP.u_ASYNC_FIFO.memory_core.mem[25]
          SYS_TOP.u_ASYNC_FIFO.memory_core.mem[26]
          SYS_TOP.u_ASYNC_FIFO.memory_core.mem[27]
          SYS_TOP.u_ASYNC_FIFO.memory_core.mem[28]
          SYS_TOP.u_ASYNC_FIFO.memory_core.mem[29]
          SYS_TOP.u_ASYNC_FIFO.memory_core.mem[30]
          SYS_TOP.u_ASYNC_FIFO.memory_core.mem[31]
          SYS_TOP.u_ASYNC_FIFO.memory_core.mem[32]
          SYS_TOP.u_ASYNC_FIFO.memory_core.mem[33]
          SYS_TOP.u_ASYNC_FIFO.memory_core.mem[34]
          SYS_TOP.u_ASYNC_FIFO.memory_core.mem[35]
          SYS_TOP.u_ASYNC_FIFO.memory_core.mem[36]
          SYS_TOP.u_ASYNC_FIFO.memory_core.mem[37]
          SYS_TOP.u_ASYNC_FIFO.memory_core.mem[38]
          SYS_TOP.u_ASYNC_FIFO.memory_core.mem[39]
          SYS_TOP.u_ASYNC_FIFO.memory_core.mem[40]
          SYS_TOP.u_ASYNC_FIFO.memory_core.mem[41]
          SYS_TOP.u_ASYNC_FIFO.memory_core.mem[42]
          SYS_TOP.u_ASYNC_FIFO.memory_core.mem[43]
          SYS_TOP.u_ASYNC_FIFO.memory_core.mem[44]
          SYS_TOP.u_ASYNC_FIFO.memory_core.mem[45]
          SYS_TOP.u_ASYNC_FIFO.memory_core.mem[46]
          SYS_TOP.u_ASYNC_FIFO.memory_core.mem[47]
          SYS_TOP.u_ASYNC_FIFO.memory_core.mem[48]
          SYS_TOP.u_ASYNC_FIFO.memory_core.mem[49]
          SYS_TOP.u_ASYNC_FIFO.memory_core.mem[50]
          SYS_TOP.u_ASYNC_FIFO.memory_core.mem[51]
          SYS_TOP.u_ASYNC_FIFO.memory_core.mem[52]
          SYS_TOP.u_ASYNC_FIFO.memory_core.mem[53]
          SYS_TOP.u_ASYNC_FIFO.memory_core.mem[54]
          SYS_TOP.u_ASYNC_FIFO.memory_core.mem[55]
          SYS_TOP.u_ASYNC_FIFO.memory_core.mem[56]
          SYS_TOP.u_ASYNC_FIFO.memory_core.mem[57]
          SYS_TOP.u_ASYNC_FIFO.memory_core.mem[58]
          SYS_TOP.u_ASYNC_FIFO.memory_core.mem[59]
          SYS_TOP.u_ASYNC_FIFO.memory_core.mem[60]
          SYS_TOP.u_ASYNC_FIFO.memory_core.mem[61]
          SYS_TOP.u_ASYNC_FIFO.memory_core.mem[62]
          SYS_TOP.u_ASYNC_FIFO.memory_core.mem[63]

  52.     SYS_TOP.u_ASYNC_FIFO.memory_core.mem[0]    SYS_TOP.uart_config[0]          -                 -                 -                 SYSTEM.sgdc:35
          SYS_TOP.u_ASYNC_FIFO.memory_core.mem[1]    SYS_TOP.uart_config[1]
          SYS_TOP.u_ASYNC_FIFO.memory_core.mem[2]    SYS_TOP.uart_config[2]
          SYS_TOP.u_ASYNC_FIFO.memory_core.mem[3]    SYS_TOP.uart_config[3]
          SYS_TOP.u_ASYNC_FIFO.memory_core.mem[4]    SYS_TOP.uart_config[4]
          SYS_TOP.u_ASYNC_FIFO.memory_core.mem[5]    SYS_TOP.uart_config[5]
          SYS_TOP.u_ASYNC_FIFO.memory_core.mem[6]    SYS_TOP.uart_config[6]
          SYS_TOP.u_ASYNC_FIFO.memory_core.mem[7]    SYS_TOP.uart_config[7]
          SYS_TOP.u_ASYNC_FIFO.memory_core.mem[8]
          SYS_TOP.u_ASYNC_FIFO.memory_core.mem[9]
          SYS_TOP.u_ASYNC_FIFO.memory_core.mem[10]
          SYS_TOP.u_ASYNC_FIFO.memory_core.mem[11]
          SYS_TOP.u_ASYNC_FIFO.memory_core.mem[12]
          SYS_TOP.u_ASYNC_FIFO.memory_core.mem[13]
          SYS_TOP.u_ASYNC_FIFO.memory_core.mem[14]
          SYS_TOP.u_ASYNC_FIFO.memory_core.mem[15]
          SYS_TOP.u_ASYNC_FIFO.memory_core.mem[16]
          SYS_TOP.u_ASYNC_FIFO.memory_core.mem[17]
          SYS_TOP.u_ASYNC_FIFO.memory_core.mem[18]
          SYS_TOP.u_ASYNC_FIFO.memory_core.mem[19]
          SYS_TOP.u_ASYNC_FIFO.memory_core.mem[20]
          SYS_TOP.u_ASYNC_FIFO.memory_core.mem[21]
          SYS_TOP.u_ASYNC_FIFO.memory_core.mem[22]
          SYS_TOP.u_ASYNC_FIFO.memory_core.mem[23]
          SYS_TOP.u_ASYNC_FIFO.memory_core.mem[24]
          SYS_TOP.u_ASYNC_FIFO.memory_core.mem[25]
          SYS_TOP.u_ASYNC_FIFO.memory_core.mem[26]
          SYS_TOP.u_ASYNC_FIFO.memory_core.mem[27]
          SYS_TOP.u_ASYNC_FIFO.memory_core.mem[28]
          SYS_TOP.u_ASYNC_FIFO.memory_core.mem[29]
          SYS_TOP.u_ASYNC_FIFO.memory_core.mem[30]
          SYS_TOP.u_ASYNC_FIFO.memory_core.mem[31]
          SYS_TOP.u_ASYNC_FIFO.memory_core.mem[32]
          SYS_TOP.u_ASYNC_FIFO.memory_core.mem[33]
          SYS_TOP.u_ASYNC_FIFO.memory_core.mem[34]
          SYS_TOP.u_ASYNC_FIFO.memory_core.mem[35]
          SYS_TOP.u_ASYNC_FIFO.memory_core.mem[36]
          SYS_TOP.u_ASYNC_FIFO.memory_core.mem[37]
          SYS_TOP.u_ASYNC_FIFO.memory_core.mem[38]
          SYS_TOP.u_ASYNC_FIFO.memory_core.mem[39]
          SYS_TOP.u_ASYNC_FIFO.memory_core.mem[40]
          SYS_TOP.u_ASYNC_FIFO.memory_core.mem[41]
          SYS_TOP.u_ASYNC_FIFO.memory_core.mem[42]
          SYS_TOP.u_ASYNC_FIFO.memory_core.mem[43]
          SYS_TOP.u_ASYNC_FIFO.memory_core.mem[44]
          SYS_TOP.u_ASYNC_FIFO.memory_core.mem[45]
          SYS_TOP.u_ASYNC_FIFO.memory_core.mem[46]
          SYS_TOP.u_ASYNC_FIFO.memory_core.mem[47]
          SYS_TOP.u_ASYNC_FIFO.memory_core.mem[48]
          SYS_TOP.u_ASYNC_FIFO.memory_core.mem[49]
          SYS_TOP.u_ASYNC_FIFO.memory_core.mem[50]
          SYS_TOP.u_ASYNC_FIFO.memory_core.mem[51]
          SYS_TOP.u_ASYNC_FIFO.memory_core.mem[52]
          SYS_TOP.u_ASYNC_FIFO.memory_core.mem[53]
          SYS_TOP.u_ASYNC_FIFO.memory_core.mem[54]
          SYS_TOP.u_ASYNC_FIFO.memory_core.mem[55]
          SYS_TOP.u_ASYNC_FIFO.memory_core.mem[56]
          SYS_TOP.u_ASYNC_FIFO.memory_core.mem[57]
          SYS_TOP.u_ASYNC_FIFO.memory_core.mem[58]
          SYS_TOP.u_ASYNC_FIFO.memory_core.mem[59]
          SYS_TOP.u_ASYNC_FIFO.memory_core.mem[60]
          SYS_TOP.u_ASYNC_FIFO.memory_core.mem[61]
          SYS_TOP.u_ASYNC_FIFO.memory_core.mem[62]
          SYS_TOP.u_ASYNC_FIFO.memory_core.mem[63]

  53.     SYS_TOP.u_ASYNC_FIFO.memory_core.mem[0]    SYS_TOP.div_ratio[0]            -                 -                 -                 SYSTEM.sgdc:35
          SYS_TOP.u_ASYNC_FIFO.memory_core.mem[1]    SYS_TOP.div_ratio[1]
          SYS_TOP.u_ASYNC_FIFO.memory_core.mem[2]    SYS_TOP.div_ratio[2]
          SYS_TOP.u_ASYNC_FIFO.memory_core.mem[3]    SYS_TOP.div_ratio[3]
          SYS_TOP.u_ASYNC_FIFO.memory_core.mem[4]    SYS_TOP.div_ratio[4]
          SYS_TOP.u_ASYNC_FIFO.memory_core.mem[5]    SYS_TOP.div_ratio[5]
          SYS_TOP.u_ASYNC_FIFO.memory_core.mem[6]    SYS_TOP.div_ratio[6]
          SYS_TOP.u_ASYNC_FIFO.memory_core.mem[7]    SYS_TOP.div_ratio[7]
          SYS_TOP.u_ASYNC_FIFO.memory_core.mem[8]
          SYS_TOP.u_ASYNC_FIFO.memory_core.mem[9]
          SYS_TOP.u_ASYNC_FIFO.memory_core.mem[10]
          SYS_TOP.u_ASYNC_FIFO.memory_core.mem[11]
          SYS_TOP.u_ASYNC_FIFO.memory_core.mem[12]
          SYS_TOP.u_ASYNC_FIFO.memory_core.mem[13]
          SYS_TOP.u_ASYNC_FIFO.memory_core.mem[14]
          SYS_TOP.u_ASYNC_FIFO.memory_core.mem[15]
          SYS_TOP.u_ASYNC_FIFO.memory_core.mem[16]
          SYS_TOP.u_ASYNC_FIFO.memory_core.mem[17]
          SYS_TOP.u_ASYNC_FIFO.memory_core.mem[18]
          SYS_TOP.u_ASYNC_FIFO.memory_core.mem[19]
          SYS_TOP.u_ASYNC_FIFO.memory_core.mem[20]
          SYS_TOP.u_ASYNC_FIFO.memory_core.mem[21]
          SYS_TOP.u_ASYNC_FIFO.memory_core.mem[22]
          SYS_TOP.u_ASYNC_FIFO.memory_core.mem[23]
          SYS_TOP.u_ASYNC_FIFO.memory_core.mem[24]
          SYS_TOP.u_ASYNC_FIFO.memory_core.mem[25]
          SYS_TOP.u_ASYNC_FIFO.memory_core.mem[26]
          SYS_TOP.u_ASYNC_FIFO.memory_core.mem[27]
          SYS_TOP.u_ASYNC_FIFO.memory_core.mem[28]
          SYS_TOP.u_ASYNC_FIFO.memory_core.mem[29]
          SYS_TOP.u_ASYNC_FIFO.memory_core.mem[30]
          SYS_TOP.u_ASYNC_FIFO.memory_core.mem[31]
          SYS_TOP.u_ASYNC_FIFO.memory_core.mem[32]
          SYS_TOP.u_ASYNC_FIFO.memory_core.mem[33]
          SYS_TOP.u_ASYNC_FIFO.memory_core.mem[34]
          SYS_TOP.u_ASYNC_FIFO.memory_core.mem[35]
          SYS_TOP.u_ASYNC_FIFO.memory_core.mem[36]
          SYS_TOP.u_ASYNC_FIFO.memory_core.mem[37]
          SYS_TOP.u_ASYNC_FIFO.memory_core.mem[38]
          SYS_TOP.u_ASYNC_FIFO.memory_core.mem[39]
          SYS_TOP.u_ASYNC_FIFO.memory_core.mem[40]
          SYS_TOP.u_ASYNC_FIFO.memory_core.mem[41]
          SYS_TOP.u_ASYNC_FIFO.memory_core.mem[42]
          SYS_TOP.u_ASYNC_FIFO.memory_core.mem[43]
          SYS_TOP.u_ASYNC_FIFO.memory_core.mem[44]
          SYS_TOP.u_ASYNC_FIFO.memory_core.mem[45]
          SYS_TOP.u_ASYNC_FIFO.memory_core.mem[46]
          SYS_TOP.u_ASYNC_FIFO.memory_core.mem[47]
          SYS_TOP.u_ASYNC_FIFO.memory_core.mem[48]
          SYS_TOP.u_ASYNC_FIFO.memory_core.mem[49]
          SYS_TOP.u_ASYNC_FIFO.memory_core.mem[50]
          SYS_TOP.u_ASYNC_FIFO.memory_core.mem[51]
          SYS_TOP.u_ASYNC_FIFO.memory_core.mem[52]
          SYS_TOP.u_ASYNC_FIFO.memory_core.mem[53]
          SYS_TOP.u_ASYNC_FIFO.memory_core.mem[54]
          SYS_TOP.u_ASYNC_FIFO.memory_core.mem[55]
          SYS_TOP.u_ASYNC_FIFO.memory_core.mem[56]
          SYS_TOP.u_ASYNC_FIFO.memory_core.mem[57]
          SYS_TOP.u_ASYNC_FIFO.memory_core.mem[58]
          SYS_TOP.u_ASYNC_FIFO.memory_core.mem[59]
          SYS_TOP.u_ASYNC_FIFO.memory_core.mem[60]
          SYS_TOP.u_ASYNC_FIFO.memory_core.mem[61]
          SYS_TOP.u_ASYNC_FIFO.memory_core.mem[62]
          SYS_TOP.u_ASYNC_FIFO.memory_core.mem[63]

  54.     SYS_TOP.u_ASYNC_FIFO.memory_core.mem[0]    SYS_TOP.par_en                  -                 -                 -                 SYSTEM.sgdc:35
          SYS_TOP.u_ASYNC_FIFO.memory_core.mem[1]
          SYS_TOP.u_ASYNC_FIFO.memory_core.mem[2]
          SYS_TOP.u_ASYNC_FIFO.memory_core.mem[3]
          SYS_TOP.u_ASYNC_FIFO.memory_core.mem[4]
          SYS_TOP.u_ASYNC_FIFO.memory_core.mem[5]
          SYS_TOP.u_ASYNC_FIFO.memory_core.mem[6]
          SYS_TOP.u_ASYNC_FIFO.memory_core.mem[7]
          SYS_TOP.u_ASYNC_FIFO.memory_core.mem[8]
          SYS_TOP.u_ASYNC_FIFO.memory_core.mem[9]
          SYS_TOP.u_ASYNC_FIFO.memory_core.mem[10]
          SYS_TOP.u_ASYNC_FIFO.memory_core.mem[11]
          SYS_TOP.u_ASYNC_FIFO.memory_core.mem[12]
          SYS_TOP.u_ASYNC_FIFO.memory_core.mem[13]
          SYS_TOP.u_ASYNC_FIFO.memory_core.mem[14]
          SYS_TOP.u_ASYNC_FIFO.memory_core.mem[15]
          SYS_TOP.u_ASYNC_FIFO.memory_core.mem[16]
          SYS_TOP.u_ASYNC_FIFO.memory_core.mem[17]
          SYS_TOP.u_ASYNC_FIFO.memory_core.mem[18]
          SYS_TOP.u_ASYNC_FIFO.memory_core.mem[19]
          SYS_TOP.u_ASYNC_FIFO.memory_core.mem[20]
          SYS_TOP.u_ASYNC_FIFO.memory_core.mem[21]
          SYS_TOP.u_ASYNC_FIFO.memory_core.mem[22]
          SYS_TOP.u_ASYNC_FIFO.memory_core.mem[23]
          SYS_TOP.u_ASYNC_FIFO.memory_core.mem[24]
          SYS_TOP.u_ASYNC_FIFO.memory_core.mem[25]
          SYS_TOP.u_ASYNC_FIFO.memory_core.mem[26]
          SYS_TOP.u_ASYNC_FIFO.memory_core.mem[27]
          SYS_TOP.u_ASYNC_FIFO.memory_core.mem[28]
          SYS_TOP.u_ASYNC_FIFO.memory_core.mem[29]
          SYS_TOP.u_ASYNC_FIFO.memory_core.mem[30]
          SYS_TOP.u_ASYNC_FIFO.memory_core.mem[31]
          SYS_TOP.u_ASYNC_FIFO.memory_core.mem[32]
          SYS_TOP.u_ASYNC_FIFO.memory_core.mem[33]
          SYS_TOP.u_ASYNC_FIFO.memory_core.mem[34]
          SYS_TOP.u_ASYNC_FIFO.memory_core.mem[35]
          SYS_TOP.u_ASYNC_FIFO.memory_core.mem[36]
          SYS_TOP.u_ASYNC_FIFO.memory_core.mem[37]
          SYS_TOP.u_ASYNC_FIFO.memory_core.mem[38]
          SYS_TOP.u_ASYNC_FIFO.memory_core.mem[39]
          SYS_TOP.u_ASYNC_FIFO.memory_core.mem[40]
          SYS_TOP.u_ASYNC_FIFO.memory_core.mem[41]
          SYS_TOP.u_ASYNC_FIFO.memory_core.mem[42]
          SYS_TOP.u_ASYNC_FIFO.memory_core.mem[43]
          SYS_TOP.u_ASYNC_FIFO.memory_core.mem[44]
          SYS_TOP.u_ASYNC_FIFO.memory_core.mem[45]
          SYS_TOP.u_ASYNC_FIFO.memory_core.mem[46]
          SYS_TOP.u_ASYNC_FIFO.memory_core.mem[47]
          SYS_TOP.u_ASYNC_FIFO.memory_core.mem[48]
          SYS_TOP.u_ASYNC_FIFO.memory_core.mem[49]
          SYS_TOP.u_ASYNC_FIFO.memory_core.mem[50]
          SYS_TOP.u_ASYNC_FIFO.memory_core.mem[51]
          SYS_TOP.u_ASYNC_FIFO.memory_core.mem[52]
          SYS_TOP.u_ASYNC_FIFO.memory_core.mem[53]
          SYS_TOP.u_ASYNC_FIFO.memory_core.mem[54]
          SYS_TOP.u_ASYNC_FIFO.memory_core.mem[55]
          SYS_TOP.u_ASYNC_FIFO.memory_core.mem[56]
          SYS_TOP.u_ASYNC_FIFO.memory_core.mem[57]
          SYS_TOP.u_ASYNC_FIFO.memory_core.mem[58]
          SYS_TOP.u_ASYNC_FIFO.memory_core.mem[59]
          SYS_TOP.u_ASYNC_FIFO.memory_core.mem[60]
          SYS_TOP.u_ASYNC_FIFO.memory_core.mem[61]
          SYS_TOP.u_ASYNC_FIFO.memory_core.mem[62]
          SYS_TOP.u_ASYNC_FIFO.memory_core.mem[63]

  55.     SYS_TOP.u_ASYNC_FIFO.memory_core.mem[0]    SYS_TOP.par_typ                 -                 -                 -                 SYSTEM.sgdc:35
          SYS_TOP.u_ASYNC_FIFO.memory_core.mem[1]
          SYS_TOP.u_ASYNC_FIFO.memory_core.mem[2]
          SYS_TOP.u_ASYNC_FIFO.memory_core.mem[3]
          SYS_TOP.u_ASYNC_FIFO.memory_core.mem[4]
          SYS_TOP.u_ASYNC_FIFO.memory_core.mem[5]
          SYS_TOP.u_ASYNC_FIFO.memory_core.mem[6]
          SYS_TOP.u_ASYNC_FIFO.memory_core.mem[7]
          SYS_TOP.u_ASYNC_FIFO.memory_core.mem[8]
          SYS_TOP.u_ASYNC_FIFO.memory_core.mem[9]
          SYS_TOP.u_ASYNC_FIFO.memory_core.mem[10]
          SYS_TOP.u_ASYNC_FIFO.memory_core.mem[11]
          SYS_TOP.u_ASYNC_FIFO.memory_core.mem[12]
          SYS_TOP.u_ASYNC_FIFO.memory_core.mem[13]
          SYS_TOP.u_ASYNC_FIFO.memory_core.mem[14]
          SYS_TOP.u_ASYNC_FIFO.memory_core.mem[15]
          SYS_TOP.u_ASYNC_FIFO.memory_core.mem[16]
          SYS_TOP.u_ASYNC_FIFO.memory_core.mem[17]
          SYS_TOP.u_ASYNC_FIFO.memory_core.mem[18]
          SYS_TOP.u_ASYNC_FIFO.memory_core.mem[19]
          SYS_TOP.u_ASYNC_FIFO.memory_core.mem[20]
          SYS_TOP.u_ASYNC_FIFO.memory_core.mem[21]
          SYS_TOP.u_ASYNC_FIFO.memory_core.mem[22]
          SYS_TOP.u_ASYNC_FIFO.memory_core.mem[23]
          SYS_TOP.u_ASYNC_FIFO.memory_core.mem[24]
          SYS_TOP.u_ASYNC_FIFO.memory_core.mem[25]
          SYS_TOP.u_ASYNC_FIFO.memory_core.mem[26]
          SYS_TOP.u_ASYNC_FIFO.memory_core.mem[27]
          SYS_TOP.u_ASYNC_FIFO.memory_core.mem[28]
          SYS_TOP.u_ASYNC_FIFO.memory_core.mem[29]
          SYS_TOP.u_ASYNC_FIFO.memory_core.mem[30]
          SYS_TOP.u_ASYNC_FIFO.memory_core.mem[31]
          SYS_TOP.u_ASYNC_FIFO.memory_core.mem[32]
          SYS_TOP.u_ASYNC_FIFO.memory_core.mem[33]
          SYS_TOP.u_ASYNC_FIFO.memory_core.mem[34]
          SYS_TOP.u_ASYNC_FIFO.memory_core.mem[35]
          SYS_TOP.u_ASYNC_FIFO.memory_core.mem[36]
          SYS_TOP.u_ASYNC_FIFO.memory_core.mem[37]
          SYS_TOP.u_ASYNC_FIFO.memory_core.mem[38]
          SYS_TOP.u_ASYNC_FIFO.memory_core.mem[39]
          SYS_TOP.u_ASYNC_FIFO.memory_core.mem[40]
          SYS_TOP.u_ASYNC_FIFO.memory_core.mem[41]
          SYS_TOP.u_ASYNC_FIFO.memory_core.mem[42]
          SYS_TOP.u_ASYNC_FIFO.memory_core.mem[43]
          SYS_TOP.u_ASYNC_FIFO.memory_core.mem[44]
          SYS_TOP.u_ASYNC_FIFO.memory_core.mem[45]
          SYS_TOP.u_ASYNC_FIFO.memory_core.mem[46]
          SYS_TOP.u_ASYNC_FIFO.memory_core.mem[47]
          SYS_TOP.u_ASYNC_FIFO.memory_core.mem[48]
          SYS_TOP.u_ASYNC_FIFO.memory_core.mem[49]
          SYS_TOP.u_ASYNC_FIFO.memory_core.mem[50]
          SYS_TOP.u_ASYNC_FIFO.memory_core.mem[51]
          SYS_TOP.u_ASYNC_FIFO.memory_core.mem[52]
          SYS_TOP.u_ASYNC_FIFO.memory_core.mem[53]
          SYS_TOP.u_ASYNC_FIFO.memory_core.mem[54]
          SYS_TOP.u_ASYNC_FIFO.memory_core.mem[55]
          SYS_TOP.u_ASYNC_FIFO.memory_core.mem[56]
          SYS_TOP.u_ASYNC_FIFO.memory_core.mem[57]
          SYS_TOP.u_ASYNC_FIFO.memory_core.mem[58]
          SYS_TOP.u_ASYNC_FIFO.memory_core.mem[59]
          SYS_TOP.u_ASYNC_FIFO.memory_core.mem[60]
          SYS_TOP.u_ASYNC_FIFO.memory_core.mem[61]
          SYS_TOP.u_ASYNC_FIFO.memory_core.mem[62]
          SYS_TOP.u_ASYNC_FIFO.memory_core.mem[63]

  56.     SYS_TOP.u_ASYNC_FIFO.memory_core.mem[0]    SYS_TOP.prescale[0]             -                 -                 -                 SYSTEM.sgdc:35
          SYS_TOP.u_ASYNC_FIFO.memory_core.mem[1]    SYS_TOP.prescale[1]
          SYS_TOP.u_ASYNC_FIFO.memory_core.mem[2]    SYS_TOP.prescale[2]
          SYS_TOP.u_ASYNC_FIFO.memory_core.mem[3]    SYS_TOP.prescale[3]
          SYS_TOP.u_ASYNC_FIFO.memory_core.mem[4]    SYS_TOP.prescale[4]
          SYS_TOP.u_ASYNC_FIFO.memory_core.mem[5]    SYS_TOP.prescale[5]
          SYS_TOP.u_ASYNC_FIFO.memory_core.mem[6]
          SYS_TOP.u_ASYNC_FIFO.memory_core.mem[7]
          SYS_TOP.u_ASYNC_FIFO.memory_core.mem[8]
          SYS_TOP.u_ASYNC_FIFO.memory_core.mem[9]
          SYS_TOP.u_ASYNC_FIFO.memory_core.mem[10]
          SYS_TOP.u_ASYNC_FIFO.memory_core.mem[11]
          SYS_TOP.u_ASYNC_FIFO.memory_core.mem[12]
          SYS_TOP.u_ASYNC_FIFO.memory_core.mem[13]
          SYS_TOP.u_ASYNC_FIFO.memory_core.mem[14]
          SYS_TOP.u_ASYNC_FIFO.memory_core.mem[15]
          SYS_TOP.u_ASYNC_FIFO.memory_core.mem[16]
          SYS_TOP.u_ASYNC_FIFO.memory_core.mem[17]
          SYS_TOP.u_ASYNC_FIFO.memory_core.mem[18]
          SYS_TOP.u_ASYNC_FIFO.memory_core.mem[19]
          SYS_TOP.u_ASYNC_FIFO.memory_core.mem[20]
          SYS_TOP.u_ASYNC_FIFO.memory_core.mem[21]
          SYS_TOP.u_ASYNC_FIFO.memory_core.mem[22]
          SYS_TOP.u_ASYNC_FIFO.memory_core.mem[23]
          SYS_TOP.u_ASYNC_FIFO.memory_core.mem[24]
          SYS_TOP.u_ASYNC_FIFO.memory_core.mem[25]
          SYS_TOP.u_ASYNC_FIFO.memory_core.mem[26]
          SYS_TOP.u_ASYNC_FIFO.memory_core.mem[27]
          SYS_TOP.u_ASYNC_FIFO.memory_core.mem[28]
          SYS_TOP.u_ASYNC_FIFO.memory_core.mem[29]
          SYS_TOP.u_ASYNC_FIFO.memory_core.mem[30]
          SYS_TOP.u_ASYNC_FIFO.memory_core.mem[31]
          SYS_TOP.u_ASYNC_FIFO.memory_core.mem[32]
          SYS_TOP.u_ASYNC_FIFO.memory_core.mem[33]
          SYS_TOP.u_ASYNC_FIFO.memory_core.mem[34]
          SYS_TOP.u_ASYNC_FIFO.memory_core.mem[35]
          SYS_TOP.u_ASYNC_FIFO.memory_core.mem[36]
          SYS_TOP.u_ASYNC_FIFO.memory_core.mem[37]
          SYS_TOP.u_ASYNC_FIFO.memory_core.mem[38]
          SYS_TOP.u_ASYNC_FIFO.memory_core.mem[39]
          SYS_TOP.u_ASYNC_FIFO.memory_core.mem[40]
          SYS_TOP.u_ASYNC_FIFO.memory_core.mem[41]
          SYS_TOP.u_ASYNC_FIFO.memory_core.mem[42]
          SYS_TOP.u_ASYNC_FIFO.memory_core.mem[43]
          SYS_TOP.u_ASYNC_FIFO.memory_core.mem[44]
          SYS_TOP.u_ASYNC_FIFO.memory_core.mem[45]
          SYS_TOP.u_ASYNC_FIFO.memory_core.mem[46]
          SYS_TOP.u_ASYNC_FIFO.memory_core.mem[47]
          SYS_TOP.u_ASYNC_FIFO.memory_core.mem[48]
          SYS_TOP.u_ASYNC_FIFO.memory_core.mem[49]
          SYS_TOP.u_ASYNC_FIFO.memory_core.mem[50]
          SYS_TOP.u_ASYNC_FIFO.memory_core.mem[51]
          SYS_TOP.u_ASYNC_FIFO.memory_core.mem[52]
          SYS_TOP.u_ASYNC_FIFO.memory_core.mem[53]
          SYS_TOP.u_ASYNC_FIFO.memory_core.mem[54]
          SYS_TOP.u_ASYNC_FIFO.memory_core.mem[55]
          SYS_TOP.u_ASYNC_FIFO.memory_core.mem[56]
          SYS_TOP.u_ASYNC_FIFO.memory_core.mem[57]
          SYS_TOP.u_ASYNC_FIFO.memory_core.mem[58]
          SYS_TOP.u_ASYNC_FIFO.memory_core.mem[59]
          SYS_TOP.u_ASYNC_FIFO.memory_core.mem[60]
          SYS_TOP.u_ASYNC_FIFO.memory_core.mem[61]
          SYS_TOP.u_ASYNC_FIFO.memory_core.mem[62]
          SYS_TOP.u_ASYNC_FIFO.memory_core.mem[63]

  57.     SYS_TOP.u_ASYNC_FIFO.memory_core.mem[0]    SYS_TOP.tx_d_vld                -                 -                 -                 SYSTEM.sgdc:35
          SYS_TOP.u_ASYNC_FIFO.memory_core.mem[1]
          SYS_TOP.u_ASYNC_FIFO.memory_core.mem[2]
          SYS_TOP.u_ASYNC_FIFO.memory_core.mem[3]
          SYS_TOP.u_ASYNC_FIFO.memory_core.mem[4]
          SYS_TOP.u_ASYNC_FIFO.memory_core.mem[5]
          SYS_TOP.u_ASYNC_FIFO.memory_core.mem[6]
          SYS_TOP.u_ASYNC_FIFO.memory_core.mem[7]
          SYS_TOP.u_ASYNC_FIFO.memory_core.mem[8]
          SYS_TOP.u_ASYNC_FIFO.memory_core.mem[9]
          SYS_TOP.u_ASYNC_FIFO.memory_core.mem[10]
          SYS_TOP.u_ASYNC_FIFO.memory_core.mem[11]
          SYS_TOP.u_ASYNC_FIFO.memory_core.mem[12]
          SYS_TOP.u_ASYNC_FIFO.memory_core.mem[13]
          SYS_TOP.u_ASYNC_FIFO.memory_core.mem[14]
          SYS_TOP.u_ASYNC_FIFO.memory_core.mem[15]
          SYS_TOP.u_ASYNC_FIFO.memory_core.mem[16]
          SYS_TOP.u_ASYNC_FIFO.memory_core.mem[17]
          SYS_TOP.u_ASYNC_FIFO.memory_core.mem[18]
          SYS_TOP.u_ASYNC_FIFO.memory_core.mem[19]
          SYS_TOP.u_ASYNC_FIFO.memory_core.mem[20]
          SYS_TOP.u_ASYNC_FIFO.memory_core.mem[21]
          SYS_TOP.u_ASYNC_FIFO.memory_core.mem[22]
          SYS_TOP.u_ASYNC_FIFO.memory_core.mem[23]
          SYS_TOP.u_ASYNC_FIFO.memory_core.mem[24]
          SYS_TOP.u_ASYNC_FIFO.memory_core.mem[25]
          SYS_TOP.u_ASYNC_FIFO.memory_core.mem[26]
          SYS_TOP.u_ASYNC_FIFO.memory_core.mem[27]
          SYS_TOP.u_ASYNC_FIFO.memory_core.mem[28]
          SYS_TOP.u_ASYNC_FIFO.memory_core.mem[29]
          SYS_TOP.u_ASYNC_FIFO.memory_core.mem[30]
          SYS_TOP.u_ASYNC_FIFO.memory_core.mem[31]
          SYS_TOP.u_ASYNC_FIFO.memory_core.mem[32]
          SYS_TOP.u_ASYNC_FIFO.memory_core.mem[33]
          SYS_TOP.u_ASYNC_FIFO.memory_core.mem[34]
          SYS_TOP.u_ASYNC_FIFO.memory_core.mem[35]
          SYS_TOP.u_ASYNC_FIFO.memory_core.mem[36]
          SYS_TOP.u_ASYNC_FIFO.memory_core.mem[37]
          SYS_TOP.u_ASYNC_FIFO.memory_core.mem[38]
          SYS_TOP.u_ASYNC_FIFO.memory_core.mem[39]
          SYS_TOP.u_ASYNC_FIFO.memory_core.mem[40]
          SYS_TOP.u_ASYNC_FIFO.memory_core.mem[41]
          SYS_TOP.u_ASYNC_FIFO.memory_core.mem[42]
          SYS_TOP.u_ASYNC_FIFO.memory_core.mem[43]
          SYS_TOP.u_ASYNC_FIFO.memory_core.mem[44]
          SYS_TOP.u_ASYNC_FIFO.memory_core.mem[45]
          SYS_TOP.u_ASYNC_FIFO.memory_core.mem[46]
          SYS_TOP.u_ASYNC_FIFO.memory_core.mem[47]
          SYS_TOP.u_ASYNC_FIFO.memory_core.mem[48]
          SYS_TOP.u_ASYNC_FIFO.memory_core.mem[49]
          SYS_TOP.u_ASYNC_FIFO.memory_core.mem[50]
          SYS_TOP.u_ASYNC_FIFO.memory_core.mem[51]
          SYS_TOP.u_ASYNC_FIFO.memory_core.mem[52]
          SYS_TOP.u_ASYNC_FIFO.memory_core.mem[53]
          SYS_TOP.u_ASYNC_FIFO.memory_core.mem[54]
          SYS_TOP.u_ASYNC_FIFO.memory_core.mem[55]
          SYS_TOP.u_ASYNC_FIFO.memory_core.mem[56]
          SYS_TOP.u_ASYNC_FIFO.memory_core.mem[57]
          SYS_TOP.u_ASYNC_FIFO.memory_core.mem[58]
          SYS_TOP.u_ASYNC_FIFO.memory_core.mem[59]
          SYS_TOP.u_ASYNC_FIFO.memory_core.mem[60]
          SYS_TOP.u_ASYNC_FIFO.memory_core.mem[61]
          SYS_TOP.u_ASYNC_FIFO.memory_core.mem[62]
          SYS_TOP.u_ASYNC_FIFO.memory_core.mem[63]

  58.     SYS_TOP.u_ASYNC_FIFO.memory_core.mem[0]    SYS_TOP.tx_p_data[0]            -                 -                 -                 SYSTEM.sgdc:35
          SYS_TOP.u_ASYNC_FIFO.memory_core.mem[1]    SYS_TOP.tx_p_data[1]
          SYS_TOP.u_ASYNC_FIFO.memory_core.mem[2]    SYS_TOP.tx_p_data[2]
          SYS_TOP.u_ASYNC_FIFO.memory_core.mem[3]    SYS_TOP.tx_p_data[3]
          SYS_TOP.u_ASYNC_FIFO.memory_core.mem[4]    SYS_TOP.tx_p_data[4]
          SYS_TOP.u_ASYNC_FIFO.memory_core.mem[5]    SYS_TOP.tx_p_data[5]
          SYS_TOP.u_ASYNC_FIFO.memory_core.mem[6]    SYS_TOP.tx_p_data[6]
          SYS_TOP.u_ASYNC_FIFO.memory_core.mem[7]    SYS_TOP.tx_p_data[7]
          SYS_TOP.u_ASYNC_FIFO.memory_core.mem[8]
          SYS_TOP.u_ASYNC_FIFO.memory_core.mem[9]
          SYS_TOP.u_ASYNC_FIFO.memory_core.mem[10]
          SYS_TOP.u_ASYNC_FIFO.memory_core.mem[11]
          SYS_TOP.u_ASYNC_FIFO.memory_core.mem[12]
          SYS_TOP.u_ASYNC_FIFO.memory_core.mem[13]
          SYS_TOP.u_ASYNC_FIFO.memory_core.mem[14]
          SYS_TOP.u_ASYNC_FIFO.memory_core.mem[15]
          SYS_TOP.u_ASYNC_FIFO.memory_core.mem[16]
          SYS_TOP.u_ASYNC_FIFO.memory_core.mem[17]
          SYS_TOP.u_ASYNC_FIFO.memory_core.mem[18]
          SYS_TOP.u_ASYNC_FIFO.memory_core.mem[19]
          SYS_TOP.u_ASYNC_FIFO.memory_core.mem[20]
          SYS_TOP.u_ASYNC_FIFO.memory_core.mem[21]
          SYS_TOP.u_ASYNC_FIFO.memory_core.mem[22]
          SYS_TOP.u_ASYNC_FIFO.memory_core.mem[23]
          SYS_TOP.u_ASYNC_FIFO.memory_core.mem[24]
          SYS_TOP.u_ASYNC_FIFO.memory_core.mem[25]
          SYS_TOP.u_ASYNC_FIFO.memory_core.mem[26]
          SYS_TOP.u_ASYNC_FIFO.memory_core.mem[27]
          SYS_TOP.u_ASYNC_FIFO.memory_core.mem[28]
          SYS_TOP.u_ASYNC_FIFO.memory_core.mem[29]
          SYS_TOP.u_ASYNC_FIFO.memory_core.mem[30]
          SYS_TOP.u_ASYNC_FIFO.memory_core.mem[31]
          SYS_TOP.u_ASYNC_FIFO.memory_core.mem[32]
          SYS_TOP.u_ASYNC_FIFO.memory_core.mem[33]
          SYS_TOP.u_ASYNC_FIFO.memory_core.mem[34]
          SYS_TOP.u_ASYNC_FIFO.memory_core.mem[35]
          SYS_TOP.u_ASYNC_FIFO.memory_core.mem[36]
          SYS_TOP.u_ASYNC_FIFO.memory_core.mem[37]
          SYS_TOP.u_ASYNC_FIFO.memory_core.mem[38]
          SYS_TOP.u_ASYNC_FIFO.memory_core.mem[39]
          SYS_TOP.u_ASYNC_FIFO.memory_core.mem[40]
          SYS_TOP.u_ASYNC_FIFO.memory_core.mem[41]
          SYS_TOP.u_ASYNC_FIFO.memory_core.mem[42]
          SYS_TOP.u_ASYNC_FIFO.memory_core.mem[43]
          SYS_TOP.u_ASYNC_FIFO.memory_core.mem[44]
          SYS_TOP.u_ASYNC_FIFO.memory_core.mem[45]
          SYS_TOP.u_ASYNC_FIFO.memory_core.mem[46]
          SYS_TOP.u_ASYNC_FIFO.memory_core.mem[47]
          SYS_TOP.u_ASYNC_FIFO.memory_core.mem[48]
          SYS_TOP.u_ASYNC_FIFO.memory_core.mem[49]
          SYS_TOP.u_ASYNC_FIFO.memory_core.mem[50]
          SYS_TOP.u_ASYNC_FIFO.memory_core.mem[51]
          SYS_TOP.u_ASYNC_FIFO.memory_core.mem[52]
          SYS_TOP.u_ASYNC_FIFO.memory_core.mem[53]
          SYS_TOP.u_ASYNC_FIFO.memory_core.mem[54]
          SYS_TOP.u_ASYNC_FIFO.memory_core.mem[55]
          SYS_TOP.u_ASYNC_FIFO.memory_core.mem[56]
          SYS_TOP.u_ASYNC_FIFO.memory_core.mem[57]
          SYS_TOP.u_ASYNC_FIFO.memory_core.mem[58]
          SYS_TOP.u_ASYNC_FIFO.memory_core.mem[59]
          SYS_TOP.u_ASYNC_FIFO.memory_core.mem[60]
          SYS_TOP.u_ASYNC_FIFO.memory_core.mem[61]
          SYS_TOP.u_ASYNC_FIFO.memory_core.mem[62]
          SYS_TOP.u_ASYNC_FIFO.memory_core.mem[63]

  59.     SYS_TOP.u_ASYNC_FIFO.memory_core.mem[0]    SYS_TOP.fifo_full               -                 -                 -                 SYSTEM.sgdc:35
          SYS_TOP.u_ASYNC_FIFO.memory_core.mem[1]
          SYS_TOP.u_ASYNC_FIFO.memory_core.mem[2]
          SYS_TOP.u_ASYNC_FIFO.memory_core.mem[3]
          SYS_TOP.u_ASYNC_FIFO.memory_core.mem[4]
          SYS_TOP.u_ASYNC_FIFO.memory_core.mem[5]
          SYS_TOP.u_ASYNC_FIFO.memory_core.mem[6]
          SYS_TOP.u_ASYNC_FIFO.memory_core.mem[7]
          SYS_TOP.u_ASYNC_FIFO.memory_core.mem[8]
          SYS_TOP.u_ASYNC_FIFO.memory_core.mem[9]
          SYS_TOP.u_ASYNC_FIFO.memory_core.mem[10]
          SYS_TOP.u_ASYNC_FIFO.memory_core.mem[11]
          SYS_TOP.u_ASYNC_FIFO.memory_core.mem[12]
          SYS_TOP.u_ASYNC_FIFO.memory_core.mem[13]
          SYS_TOP.u_ASYNC_FIFO.memory_core.mem[14]
          SYS_TOP.u_ASYNC_FIFO.memory_core.mem[15]
          SYS_TOP.u_ASYNC_FIFO.memory_core.mem[16]
          SYS_TOP.u_ASYNC_FIFO.memory_core.mem[17]
          SYS_TOP.u_ASYNC_FIFO.memory_core.mem[18]
          SYS_TOP.u_ASYNC_FIFO.memory_core.mem[19]
          SYS_TOP.u_ASYNC_FIFO.memory_core.mem[20]
          SYS_TOP.u_ASYNC_FIFO.memory_core.mem[21]
          SYS_TOP.u_ASYNC_FIFO.memory_core.mem[22]
          SYS_TOP.u_ASYNC_FIFO.memory_core.mem[23]
          SYS_TOP.u_ASYNC_FIFO.memory_core.mem[24]
          SYS_TOP.u_ASYNC_FIFO.memory_core.mem[25]
          SYS_TOP.u_ASYNC_FIFO.memory_core.mem[26]
          SYS_TOP.u_ASYNC_FIFO.memory_core.mem[27]
          SYS_TOP.u_ASYNC_FIFO.memory_core.mem[28]
          SYS_TOP.u_ASYNC_FIFO.memory_core.mem[29]
          SYS_TOP.u_ASYNC_FIFO.memory_core.mem[30]
          SYS_TOP.u_ASYNC_FIFO.memory_core.mem[31]
          SYS_TOP.u_ASYNC_FIFO.memory_core.mem[32]
          SYS_TOP.u_ASYNC_FIFO.memory_core.mem[33]
          SYS_TOP.u_ASYNC_FIFO.memory_core.mem[34]
          SYS_TOP.u_ASYNC_FIFO.memory_core.mem[35]
          SYS_TOP.u_ASYNC_FIFO.memory_core.mem[36]
          SYS_TOP.u_ASYNC_FIFO.memory_core.mem[37]
          SYS_TOP.u_ASYNC_FIFO.memory_core.mem[38]
          SYS_TOP.u_ASYNC_FIFO.memory_core.mem[39]
          SYS_TOP.u_ASYNC_FIFO.memory_core.mem[40]
          SYS_TOP.u_ASYNC_FIFO.memory_core.mem[41]
          SYS_TOP.u_ASYNC_FIFO.memory_core.mem[42]
          SYS_TOP.u_ASYNC_FIFO.memory_core.mem[43]
          SYS_TOP.u_ASYNC_FIFO.memory_core.mem[44]
          SYS_TOP.u_ASYNC_FIFO.memory_core.mem[45]
          SYS_TOP.u_ASYNC_FIFO.memory_core.mem[46]
          SYS_TOP.u_ASYNC_FIFO.memory_core.mem[47]
          SYS_TOP.u_ASYNC_FIFO.memory_core.mem[48]
          SYS_TOP.u_ASYNC_FIFO.memory_core.mem[49]
          SYS_TOP.u_ASYNC_FIFO.memory_core.mem[50]
          SYS_TOP.u_ASYNC_FIFO.memory_core.mem[51]
          SYS_TOP.u_ASYNC_FIFO.memory_core.mem[52]
          SYS_TOP.u_ASYNC_FIFO.memory_core.mem[53]
          SYS_TOP.u_ASYNC_FIFO.memory_core.mem[54]
          SYS_TOP.u_ASYNC_FIFO.memory_core.mem[55]
          SYS_TOP.u_ASYNC_FIFO.memory_core.mem[56]
          SYS_TOP.u_ASYNC_FIFO.memory_core.mem[57]
          SYS_TOP.u_ASYNC_FIFO.memory_core.mem[58]
          SYS_TOP.u_ASYNC_FIFO.memory_core.mem[59]
          SYS_TOP.u_ASYNC_FIFO.memory_core.mem[60]
          SYS_TOP.u_ASYNC_FIFO.memory_core.mem[61]
          SYS_TOP.u_ASYNC_FIFO.memory_core.mem[62]
          SYS_TOP.u_ASYNC_FIFO.memory_core.mem[63]

  60.     SYS_TOP.u_ASYNC_FIFO.memory_core.mem[0]    SYS_TOP.uart_rx_p_data[0]       -                 -                 -                 SYSTEM.sgdc:35
          SYS_TOP.u_ASYNC_FIFO.memory_core.mem[1]    SYS_TOP.uart_rx_p_data[1]
          SYS_TOP.u_ASYNC_FIFO.memory_core.mem[2]    SYS_TOP.uart_rx_p_data[2]
          SYS_TOP.u_ASYNC_FIFO.memory_core.mem[3]    SYS_TOP.uart_rx_p_data[3]
          SYS_TOP.u_ASYNC_FIFO.memory_core.mem[4]    SYS_TOP.uart_rx_p_data[4]
          SYS_TOP.u_ASYNC_FIFO.memory_core.mem[5]    SYS_TOP.uart_rx_p_data[5]
          SYS_TOP.u_ASYNC_FIFO.memory_core.mem[6]    SYS_TOP.uart_rx_p_data[6]
          SYS_TOP.u_ASYNC_FIFO.memory_core.mem[7]    SYS_TOP.uart_rx_p_data[7]
          SYS_TOP.u_ASYNC_FIFO.memory_core.mem[8]
          SYS_TOP.u_ASYNC_FIFO.memory_core.mem[9]
          SYS_TOP.u_ASYNC_FIFO.memory_core.mem[10]
          SYS_TOP.u_ASYNC_FIFO.memory_core.mem[11]
          SYS_TOP.u_ASYNC_FIFO.memory_core.mem[12]
          SYS_TOP.u_ASYNC_FIFO.memory_core.mem[13]
          SYS_TOP.u_ASYNC_FIFO.memory_core.mem[14]
          SYS_TOP.u_ASYNC_FIFO.memory_core.mem[15]
          SYS_TOP.u_ASYNC_FIFO.memory_core.mem[16]
          SYS_TOP.u_ASYNC_FIFO.memory_core.mem[17]
          SYS_TOP.u_ASYNC_FIFO.memory_core.mem[18]
          SYS_TOP.u_ASYNC_FIFO.memory_core.mem[19]
          SYS_TOP.u_ASYNC_FIFO.memory_core.mem[20]
          SYS_TOP.u_ASYNC_FIFO.memory_core.mem[21]
          SYS_TOP.u_ASYNC_FIFO.memory_core.mem[22]
          SYS_TOP.u_ASYNC_FIFO.memory_core.mem[23]
          SYS_TOP.u_ASYNC_FIFO.memory_core.mem[24]
          SYS_TOP.u_ASYNC_FIFO.memory_core.mem[25]
          SYS_TOP.u_ASYNC_FIFO.memory_core.mem[26]
          SYS_TOP.u_ASYNC_FIFO.memory_core.mem[27]
          SYS_TOP.u_ASYNC_FIFO.memory_core.mem[28]
          SYS_TOP.u_ASYNC_FIFO.memory_core.mem[29]
          SYS_TOP.u_ASYNC_FIFO.memory_core.mem[30]
          SYS_TOP.u_ASYNC_FIFO.memory_core.mem[31]
          SYS_TOP.u_ASYNC_FIFO.memory_core.mem[32]
          SYS_TOP.u_ASYNC_FIFO.memory_core.mem[33]
          SYS_TOP.u_ASYNC_FIFO.memory_core.mem[34]
          SYS_TOP.u_ASYNC_FIFO.memory_core.mem[35]
          SYS_TOP.u_ASYNC_FIFO.memory_core.mem[36]
          SYS_TOP.u_ASYNC_FIFO.memory_core.mem[37]
          SYS_TOP.u_ASYNC_FIFO.memory_core.mem[38]
          SYS_TOP.u_ASYNC_FIFO.memory_core.mem[39]
          SYS_TOP.u_ASYNC_FIFO.memory_core.mem[40]
          SYS_TOP.u_ASYNC_FIFO.memory_core.mem[41]
          SYS_TOP.u_ASYNC_FIFO.memory_core.mem[42]
          SYS_TOP.u_ASYNC_FIFO.memory_core.mem[43]
          SYS_TOP.u_ASYNC_FIFO.memory_core.mem[44]
          SYS_TOP.u_ASYNC_FIFO.memory_core.mem[45]
          SYS_TOP.u_ASYNC_FIFO.memory_core.mem[46]
          SYS_TOP.u_ASYNC_FIFO.memory_core.mem[47]
          SYS_TOP.u_ASYNC_FIFO.memory_core.mem[48]
          SYS_TOP.u_ASYNC_FIFO.memory_core.mem[49]
          SYS_TOP.u_ASYNC_FIFO.memory_core.mem[50]
          SYS_TOP.u_ASYNC_FIFO.memory_core.mem[51]
          SYS_TOP.u_ASYNC_FIFO.memory_core.mem[52]
          SYS_TOP.u_ASYNC_FIFO.memory_core.mem[53]
          SYS_TOP.u_ASYNC_FIFO.memory_core.mem[54]
          SYS_TOP.u_ASYNC_FIFO.memory_core.mem[55]
          SYS_TOP.u_ASYNC_FIFO.memory_core.mem[56]
          SYS_TOP.u_ASYNC_FIFO.memory_core.mem[57]
          SYS_TOP.u_ASYNC_FIFO.memory_core.mem[58]
          SYS_TOP.u_ASYNC_FIFO.memory_core.mem[59]
          SYS_TOP.u_ASYNC_FIFO.memory_core.mem[60]
          SYS_TOP.u_ASYNC_FIFO.memory_core.mem[61]
          SYS_TOP.u_ASYNC_FIFO.memory_core.mem[62]
          SYS_TOP.u_ASYNC_FIFO.memory_core.mem[63]

  61.     SYS_TOP.u_ASYNC_FIFO.memory_core.mem[0]    SYS_TOP.uart_rx_valid           -                 -                 -                 SYSTEM.sgdc:35
          SYS_TOP.u_ASYNC_FIFO.memory_core.mem[1]
          SYS_TOP.u_ASYNC_FIFO.memory_core.mem[2]
          SYS_TOP.u_ASYNC_FIFO.memory_core.mem[3]
          SYS_TOP.u_ASYNC_FIFO.memory_core.mem[4]
          SYS_TOP.u_ASYNC_FIFO.memory_core.mem[5]
          SYS_TOP.u_ASYNC_FIFO.memory_core.mem[6]
          SYS_TOP.u_ASYNC_FIFO.memory_core.mem[7]
          SYS_TOP.u_ASYNC_FIFO.memory_core.mem[8]
          SYS_TOP.u_ASYNC_FIFO.memory_core.mem[9]
          SYS_TOP.u_ASYNC_FIFO.memory_core.mem[10]
          SYS_TOP.u_ASYNC_FIFO.memory_core.mem[11]
          SYS_TOP.u_ASYNC_FIFO.memory_core.mem[12]
          SYS_TOP.u_ASYNC_FIFO.memory_core.mem[13]
          SYS_TOP.u_ASYNC_FIFO.memory_core.mem[14]
          SYS_TOP.u_ASYNC_FIFO.memory_core.mem[15]
          SYS_TOP.u_ASYNC_FIFO.memory_core.mem[16]
          SYS_TOP.u_ASYNC_FIFO.memory_core.mem[17]
          SYS_TOP.u_ASYNC_FIFO.memory_core.mem[18]
          SYS_TOP.u_ASYNC_FIFO.memory_core.mem[19]
          SYS_TOP.u_ASYNC_FIFO.memory_core.mem[20]
          SYS_TOP.u_ASYNC_FIFO.memory_core.mem[21]
          SYS_TOP.u_ASYNC_FIFO.memory_core.mem[22]
          SYS_TOP.u_ASYNC_FIFO.memory_core.mem[23]
          SYS_TOP.u_ASYNC_FIFO.memory_core.mem[24]
          SYS_TOP.u_ASYNC_FIFO.memory_core.mem[25]
          SYS_TOP.u_ASYNC_FIFO.memory_core.mem[26]
          SYS_TOP.u_ASYNC_FIFO.memory_core.mem[27]
          SYS_TOP.u_ASYNC_FIFO.memory_core.mem[28]
          SYS_TOP.u_ASYNC_FIFO.memory_core.mem[29]
          SYS_TOP.u_ASYNC_FIFO.memory_core.mem[30]
          SYS_TOP.u_ASYNC_FIFO.memory_core.mem[31]
          SYS_TOP.u_ASYNC_FIFO.memory_core.mem[32]
          SYS_TOP.u_ASYNC_FIFO.memory_core.mem[33]
          SYS_TOP.u_ASYNC_FIFO.memory_core.mem[34]
          SYS_TOP.u_ASYNC_FIFO.memory_core.mem[35]
          SYS_TOP.u_ASYNC_FIFO.memory_core.mem[36]
          SYS_TOP.u_ASYNC_FIFO.memory_core.mem[37]
          SYS_TOP.u_ASYNC_FIFO.memory_core.mem[38]
          SYS_TOP.u_ASYNC_FIFO.memory_core.mem[39]
          SYS_TOP.u_ASYNC_FIFO.memory_core.mem[40]
          SYS_TOP.u_ASYNC_FIFO.memory_core.mem[41]
          SYS_TOP.u_ASYNC_FIFO.memory_core.mem[42]
          SYS_TOP.u_ASYNC_FIFO.memory_core.mem[43]
          SYS_TOP.u_ASYNC_FIFO.memory_core.mem[44]
          SYS_TOP.u_ASYNC_FIFO.memory_core.mem[45]
          SYS_TOP.u_ASYNC_FIFO.memory_core.mem[46]
          SYS_TOP.u_ASYNC_FIFO.memory_core.mem[47]
          SYS_TOP.u_ASYNC_FIFO.memory_core.mem[48]
          SYS_TOP.u_ASYNC_FIFO.memory_core.mem[49]
          SYS_TOP.u_ASYNC_FIFO.memory_core.mem[50]
          SYS_TOP.u_ASYNC_FIFO.memory_core.mem[51]
          SYS_TOP.u_ASYNC_FIFO.memory_core.mem[52]
          SYS_TOP.u_ASYNC_FIFO.memory_core.mem[53]
          SYS_TOP.u_ASYNC_FIFO.memory_core.mem[54]
          SYS_TOP.u_ASYNC_FIFO.memory_core.mem[55]
          SYS_TOP.u_ASYNC_FIFO.memory_core.mem[56]
          SYS_TOP.u_ASYNC_FIFO.memory_core.mem[57]
          SYS_TOP.u_ASYNC_FIFO.memory_core.mem[58]
          SYS_TOP.u_ASYNC_FIFO.memory_core.mem[59]
          SYS_TOP.u_ASYNC_FIFO.memory_core.mem[60]
          SYS_TOP.u_ASYNC_FIFO.memory_core.mem[61]
          SYS_TOP.u_ASYNC_FIFO.memory_core.mem[62]
          SYS_TOP.u_ASYNC_FIFO.memory_core.mem[63]

  62.     SYS_TOP.u_ASYNC_FIFO.memory_core.mem[0]    SYS_TOP.sync_rx_p_data[0]       -                 -                 -                 SYSTEM.sgdc:35
          SYS_TOP.u_ASYNC_FIFO.memory_core.mem[1]    SYS_TOP.sync_rx_p_data[1]
          SYS_TOP.u_ASYNC_FIFO.memory_core.mem[2]    SYS_TOP.sync_rx_p_data[2]
          SYS_TOP.u_ASYNC_FIFO.memory_core.mem[3]    SYS_TOP.sync_rx_p_data[3]
          SYS_TOP.u_ASYNC_FIFO.memory_core.mem[4]    SYS_TOP.sync_rx_p_data[4]
          SYS_TOP.u_ASYNC_FIFO.memory_core.mem[5]    SYS_TOP.sync_rx_p_data[5]
          SYS_TOP.u_ASYNC_FIFO.memory_core.mem[6]    SYS_TOP.sync_rx_p_data[6]
          SYS_TOP.u_ASYNC_FIFO.memory_core.mem[7]    SYS_TOP.sync_rx_p_data[7]
          SYS_TOP.u_ASYNC_FIFO.memory_core.mem[8]
          SYS_TOP.u_ASYNC_FIFO.memory_core.mem[9]
          SYS_TOP.u_ASYNC_FIFO.memory_core.mem[10]
          SYS_TOP.u_ASYNC_FIFO.memory_core.mem[11]
          SYS_TOP.u_ASYNC_FIFO.memory_core.mem[12]
          SYS_TOP.u_ASYNC_FIFO.memory_core.mem[13]
          SYS_TOP.u_ASYNC_FIFO.memory_core.mem[14]
          SYS_TOP.u_ASYNC_FIFO.memory_core.mem[15]
          SYS_TOP.u_ASYNC_FIFO.memory_core.mem[16]
          SYS_TOP.u_ASYNC_FIFO.memory_core.mem[17]
          SYS_TOP.u_ASYNC_FIFO.memory_core.mem[18]
          SYS_TOP.u_ASYNC_FIFO.memory_core.mem[19]
          SYS_TOP.u_ASYNC_FIFO.memory_core.mem[20]
          SYS_TOP.u_ASYNC_FIFO.memory_core.mem[21]
          SYS_TOP.u_ASYNC_FIFO.memory_core.mem[22]
          SYS_TOP.u_ASYNC_FIFO.memory_core.mem[23]
          SYS_TOP.u_ASYNC_FIFO.memory_core.mem[24]
          SYS_TOP.u_ASYNC_FIFO.memory_core.mem[25]
          SYS_TOP.u_ASYNC_FIFO.memory_core.mem[26]
          SYS_TOP.u_ASYNC_FIFO.memory_core.mem[27]
          SYS_TOP.u_ASYNC_FIFO.memory_core.mem[28]
          SYS_TOP.u_ASYNC_FIFO.memory_core.mem[29]
          SYS_TOP.u_ASYNC_FIFO.memory_core.mem[30]
          SYS_TOP.u_ASYNC_FIFO.memory_core.mem[31]
          SYS_TOP.u_ASYNC_FIFO.memory_core.mem[32]
          SYS_TOP.u_ASYNC_FIFO.memory_core.mem[33]
          SYS_TOP.u_ASYNC_FIFO.memory_core.mem[34]
          SYS_TOP.u_ASYNC_FIFO.memory_core.mem[35]
          SYS_TOP.u_ASYNC_FIFO.memory_core.mem[36]
          SYS_TOP.u_ASYNC_FIFO.memory_core.mem[37]
          SYS_TOP.u_ASYNC_FIFO.memory_core.mem[38]
          SYS_TOP.u_ASYNC_FIFO.memory_core.mem[39]
          SYS_TOP.u_ASYNC_FIFO.memory_core.mem[40]
          SYS_TOP.u_ASYNC_FIFO.memory_core.mem[41]
          SYS_TOP.u_ASYNC_FIFO.memory_core.mem[42]
          SYS_TOP.u_ASYNC_FIFO.memory_core.mem[43]
          SYS_TOP.u_ASYNC_FIFO.memory_core.mem[44]
          SYS_TOP.u_ASYNC_FIFO.memory_core.mem[45]
          SYS_TOP.u_ASYNC_FIFO.memory_core.mem[46]
          SYS_TOP.u_ASYNC_FIFO.memory_core.mem[47]
          SYS_TOP.u_ASYNC_FIFO.memory_core.mem[48]
          SYS_TOP.u_ASYNC_FIFO.memory_core.mem[49]
          SYS_TOP.u_ASYNC_FIFO.memory_core.mem[50]
          SYS_TOP.u_ASYNC_FIFO.memory_core.mem[51]
          SYS_TOP.u_ASYNC_FIFO.memory_core.mem[52]
          SYS_TOP.u_ASYNC_FIFO.memory_core.mem[53]
          SYS_TOP.u_ASYNC_FIFO.memory_core.mem[54]
          SYS_TOP.u_ASYNC_FIFO.memory_core.mem[55]
          SYS_TOP.u_ASYNC_FIFO.memory_core.mem[56]
          SYS_TOP.u_ASYNC_FIFO.memory_core.mem[57]
          SYS_TOP.u_ASYNC_FIFO.memory_core.mem[58]
          SYS_TOP.u_ASYNC_FIFO.memory_core.mem[59]
          SYS_TOP.u_ASYNC_FIFO.memory_core.mem[60]
          SYS_TOP.u_ASYNC_FIFO.memory_core.mem[61]
          SYS_TOP.u_ASYNC_FIFO.memory_core.mem[62]
          SYS_TOP.u_ASYNC_FIFO.memory_core.mem[63]

  63.     SYS_TOP.u_ASYNC_FIFO.memory_core.mem[0]    SYS_TOP.sync_rx_d_vld           -                 -                 -                 SYSTEM.sgdc:35
          SYS_TOP.u_ASYNC_FIFO.memory_core.mem[1]
          SYS_TOP.u_ASYNC_FIFO.memory_core.mem[2]
          SYS_TOP.u_ASYNC_FIFO.memory_core.mem[3]
          SYS_TOP.u_ASYNC_FIFO.memory_core.mem[4]
          SYS_TOP.u_ASYNC_FIFO.memory_core.mem[5]
          SYS_TOP.u_ASYNC_FIFO.memory_core.mem[6]
          SYS_TOP.u_ASYNC_FIFO.memory_core.mem[7]
          SYS_TOP.u_ASYNC_FIFO.memory_core.mem[8]
          SYS_TOP.u_ASYNC_FIFO.memory_core.mem[9]
          SYS_TOP.u_ASYNC_FIFO.memory_core.mem[10]
          SYS_TOP.u_ASYNC_FIFO.memory_core.mem[11]
          SYS_TOP.u_ASYNC_FIFO.memory_core.mem[12]
          SYS_TOP.u_ASYNC_FIFO.memory_core.mem[13]
          SYS_TOP.u_ASYNC_FIFO.memory_core.mem[14]
          SYS_TOP.u_ASYNC_FIFO.memory_core.mem[15]
          SYS_TOP.u_ASYNC_FIFO.memory_core.mem[16]
          SYS_TOP.u_ASYNC_FIFO.memory_core.mem[17]
          SYS_TOP.u_ASYNC_FIFO.memory_core.mem[18]
          SYS_TOP.u_ASYNC_FIFO.memory_core.mem[19]
          SYS_TOP.u_ASYNC_FIFO.memory_core.mem[20]
          SYS_TOP.u_ASYNC_FIFO.memory_core.mem[21]
          SYS_TOP.u_ASYNC_FIFO.memory_core.mem[22]
          SYS_TOP.u_ASYNC_FIFO.memory_core.mem[23]
          SYS_TOP.u_ASYNC_FIFO.memory_core.mem[24]
          SYS_TOP.u_ASYNC_FIFO.memory_core.mem[25]
          SYS_TOP.u_ASYNC_FIFO.memory_core.mem[26]
          SYS_TOP.u_ASYNC_FIFO.memory_core.mem[27]
          SYS_TOP.u_ASYNC_FIFO.memory_core.mem[28]
          SYS_TOP.u_ASYNC_FIFO.memory_core.mem[29]
          SYS_TOP.u_ASYNC_FIFO.memory_core.mem[30]
          SYS_TOP.u_ASYNC_FIFO.memory_core.mem[31]
          SYS_TOP.u_ASYNC_FIFO.memory_core.mem[32]
          SYS_TOP.u_ASYNC_FIFO.memory_core.mem[33]
          SYS_TOP.u_ASYNC_FIFO.memory_core.mem[34]
          SYS_TOP.u_ASYNC_FIFO.memory_core.mem[35]
          SYS_TOP.u_ASYNC_FIFO.memory_core.mem[36]
          SYS_TOP.u_ASYNC_FIFO.memory_core.mem[37]
          SYS_TOP.u_ASYNC_FIFO.memory_core.mem[38]
          SYS_TOP.u_ASYNC_FIFO.memory_core.mem[39]
          SYS_TOP.u_ASYNC_FIFO.memory_core.mem[40]
          SYS_TOP.u_ASYNC_FIFO.memory_core.mem[41]
          SYS_TOP.u_ASYNC_FIFO.memory_core.mem[42]
          SYS_TOP.u_ASYNC_FIFO.memory_core.mem[43]
          SYS_TOP.u_ASYNC_FIFO.memory_core.mem[44]
          SYS_TOP.u_ASYNC_FIFO.memory_core.mem[45]
          SYS_TOP.u_ASYNC_FIFO.memory_core.mem[46]
          SYS_TOP.u_ASYNC_FIFO.memory_core.mem[47]
          SYS_TOP.u_ASYNC_FIFO.memory_core.mem[48]
          SYS_TOP.u_ASYNC_FIFO.memory_core.mem[49]
          SYS_TOP.u_ASYNC_FIFO.memory_core.mem[50]
          SYS_TOP.u_ASYNC_FIFO.memory_core.mem[51]
          SYS_TOP.u_ASYNC_FIFO.memory_core.mem[52]
          SYS_TOP.u_ASYNC_FIFO.memory_core.mem[53]
          SYS_TOP.u_ASYNC_FIFO.memory_core.mem[54]
          SYS_TOP.u_ASYNC_FIFO.memory_core.mem[55]
          SYS_TOP.u_ASYNC_FIFO.memory_core.mem[56]
          SYS_TOP.u_ASYNC_FIFO.memory_core.mem[57]
          SYS_TOP.u_ASYNC_FIFO.memory_core.mem[58]
          SYS_TOP.u_ASYNC_FIFO.memory_core.mem[59]
          SYS_TOP.u_ASYNC_FIFO.memory_core.mem[60]
          SYS_TOP.u_ASYNC_FIFO.memory_core.mem[61]
          SYS_TOP.u_ASYNC_FIFO.memory_core.mem[62]
          SYS_TOP.u_ASYNC_FIFO.memory_core.mem[63]

  64.     SYS_TOP.u_ASYNC_FIFO.memory_core.mem[0]    SYS_TOP.rd_data_fifo[0]         -                 -                 -                 SYSTEM.sgdc:35
          SYS_TOP.u_ASYNC_FIFO.memory_core.mem[1]    SYS_TOP.rd_data_fifo[1]
          SYS_TOP.u_ASYNC_FIFO.memory_core.mem[2]    SYS_TOP.rd_data_fifo[2]
          SYS_TOP.u_ASYNC_FIFO.memory_core.mem[3]    SYS_TOP.rd_data_fifo[3]
          SYS_TOP.u_ASYNC_FIFO.memory_core.mem[4]    SYS_TOP.rd_data_fifo[4]
          SYS_TOP.u_ASYNC_FIFO.memory_core.mem[5]    SYS_TOP.rd_data_fifo[5]
          SYS_TOP.u_ASYNC_FIFO.memory_core.mem[6]    SYS_TOP.rd_data_fifo[6]
          SYS_TOP.u_ASYNC_FIFO.memory_core.mem[7]    SYS_TOP.rd_data_fifo[7]
          SYS_TOP.u_ASYNC_FIFO.memory_core.mem[8]
          SYS_TOP.u_ASYNC_FIFO.memory_core.mem[9]
          SYS_TOP.u_ASYNC_FIFO.memory_core.mem[10]
          SYS_TOP.u_ASYNC_FIFO.memory_core.mem[11]
          SYS_TOP.u_ASYNC_FIFO.memory_core.mem[12]
          SYS_TOP.u_ASYNC_FIFO.memory_core.mem[13]
          SYS_TOP.u_ASYNC_FIFO.memory_core.mem[14]
          SYS_TOP.u_ASYNC_FIFO.memory_core.mem[15]
          SYS_TOP.u_ASYNC_FIFO.memory_core.mem[16]
          SYS_TOP.u_ASYNC_FIFO.memory_core.mem[17]
          SYS_TOP.u_ASYNC_FIFO.memory_core.mem[18]
          SYS_TOP.u_ASYNC_FIFO.memory_core.mem[19]
          SYS_TOP.u_ASYNC_FIFO.memory_core.mem[20]
          SYS_TOP.u_ASYNC_FIFO.memory_core.mem[21]
          SYS_TOP.u_ASYNC_FIFO.memory_core.mem[22]
          SYS_TOP.u_ASYNC_FIFO.memory_core.mem[23]
          SYS_TOP.u_ASYNC_FIFO.memory_core.mem[24]
          SYS_TOP.u_ASYNC_FIFO.memory_core.mem[25]
          SYS_TOP.u_ASYNC_FIFO.memory_core.mem[26]
          SYS_TOP.u_ASYNC_FIFO.memory_core.mem[27]
          SYS_TOP.u_ASYNC_FIFO.memory_core.mem[28]
          SYS_TOP.u_ASYNC_FIFO.memory_core.mem[29]
          SYS_TOP.u_ASYNC_FIFO.memory_core.mem[30]
          SYS_TOP.u_ASYNC_FIFO.memory_core.mem[31]
          SYS_TOP.u_ASYNC_FIFO.memory_core.mem[32]
          SYS_TOP.u_ASYNC_FIFO.memory_core.mem[33]
          SYS_TOP.u_ASYNC_FIFO.memory_core.mem[34]
          SYS_TOP.u_ASYNC_FIFO.memory_core.mem[35]
          SYS_TOP.u_ASYNC_FIFO.memory_core.mem[36]
          SYS_TOP.u_ASYNC_FIFO.memory_core.mem[37]
          SYS_TOP.u_ASYNC_FIFO.memory_core.mem[38]
          SYS_TOP.u_ASYNC_FIFO.memory_core.mem[39]
          SYS_TOP.u_ASYNC_FIFO.memory_core.mem[40]
          SYS_TOP.u_ASYNC_FIFO.memory_core.mem[41]
          SYS_TOP.u_ASYNC_FIFO.memory_core.mem[42]
          SYS_TOP.u_ASYNC_FIFO.memory_core.mem[43]
          SYS_TOP.u_ASYNC_FIFO.memory_core.mem[44]
          SYS_TOP.u_ASYNC_FIFO.memory_core.mem[45]
          SYS_TOP.u_ASYNC_FIFO.memory_core.mem[46]
          SYS_TOP.u_ASYNC_FIFO.memory_core.mem[47]
          SYS_TOP.u_ASYNC_FIFO.memory_core.mem[48]
          SYS_TOP.u_ASYNC_FIFO.memory_core.mem[49]
          SYS_TOP.u_ASYNC_FIFO.memory_core.mem[50]
          SYS_TOP.u_ASYNC_FIFO.memory_core.mem[51]
          SYS_TOP.u_ASYNC_FIFO.memory_core.mem[52]
          SYS_TOP.u_ASYNC_FIFO.memory_core.mem[53]
          SYS_TOP.u_ASYNC_FIFO.memory_core.mem[54]
          SYS_TOP.u_ASYNC_FIFO.memory_core.mem[55]
          SYS_TOP.u_ASYNC_FIFO.memory_core.mem[56]
          SYS_TOP.u_ASYNC_FIFO.memory_core.mem[57]
          SYS_TOP.u_ASYNC_FIFO.memory_core.mem[58]
          SYS_TOP.u_ASYNC_FIFO.memory_core.mem[59]
          SYS_TOP.u_ASYNC_FIFO.memory_core.mem[60]
          SYS_TOP.u_ASYNC_FIFO.memory_core.mem[61]
          SYS_TOP.u_ASYNC_FIFO.memory_core.mem[62]
          SYS_TOP.u_ASYNC_FIFO.memory_core.mem[63]

  65.     SYS_TOP.u_ASYNC_FIFO.memory_core.mem[0]    SYS_TOP.f_empty                 -                 -                 -                 SYSTEM.sgdc:35
          SYS_TOP.u_ASYNC_FIFO.memory_core.mem[1]
          SYS_TOP.u_ASYNC_FIFO.memory_core.mem[2]
          SYS_TOP.u_ASYNC_FIFO.memory_core.mem[3]
          SYS_TOP.u_ASYNC_FIFO.memory_core.mem[4]
          SYS_TOP.u_ASYNC_FIFO.memory_core.mem[5]
          SYS_TOP.u_ASYNC_FIFO.memory_core.mem[6]
          SYS_TOP.u_ASYNC_FIFO.memory_core.mem[7]
          SYS_TOP.u_ASYNC_FIFO.memory_core.mem[8]
          SYS_TOP.u_ASYNC_FIFO.memory_core.mem[9]
          SYS_TOP.u_ASYNC_FIFO.memory_core.mem[10]
          SYS_TOP.u_ASYNC_FIFO.memory_core.mem[11]
          SYS_TOP.u_ASYNC_FIFO.memory_core.mem[12]
          SYS_TOP.u_ASYNC_FIFO.memory_core.mem[13]
          SYS_TOP.u_ASYNC_FIFO.memory_core.mem[14]
          SYS_TOP.u_ASYNC_FIFO.memory_core.mem[15]
          SYS_TOP.u_ASYNC_FIFO.memory_core.mem[16]
          SYS_TOP.u_ASYNC_FIFO.memory_core.mem[17]
          SYS_TOP.u_ASYNC_FIFO.memory_core.mem[18]
          SYS_TOP.u_ASYNC_FIFO.memory_core.mem[19]
          SYS_TOP.u_ASYNC_FIFO.memory_core.mem[20]
          SYS_TOP.u_ASYNC_FIFO.memory_core.mem[21]
          SYS_TOP.u_ASYNC_FIFO.memory_core.mem[22]
          SYS_TOP.u_ASYNC_FIFO.memory_core.mem[23]
          SYS_TOP.u_ASYNC_FIFO.memory_core.mem[24]
          SYS_TOP.u_ASYNC_FIFO.memory_core.mem[25]
          SYS_TOP.u_ASYNC_FIFO.memory_core.mem[26]
          SYS_TOP.u_ASYNC_FIFO.memory_core.mem[27]
          SYS_TOP.u_ASYNC_FIFO.memory_core.mem[28]
          SYS_TOP.u_ASYNC_FIFO.memory_core.mem[29]
          SYS_TOP.u_ASYNC_FIFO.memory_core.mem[30]
          SYS_TOP.u_ASYNC_FIFO.memory_core.mem[31]
          SYS_TOP.u_ASYNC_FIFO.memory_core.mem[32]
          SYS_TOP.u_ASYNC_FIFO.memory_core.mem[33]
          SYS_TOP.u_ASYNC_FIFO.memory_core.mem[34]
          SYS_TOP.u_ASYNC_FIFO.memory_core.mem[35]
          SYS_TOP.u_ASYNC_FIFO.memory_core.mem[36]
          SYS_TOP.u_ASYNC_FIFO.memory_core.mem[37]
          SYS_TOP.u_ASYNC_FIFO.memory_core.mem[38]
          SYS_TOP.u_ASYNC_FIFO.memory_core.mem[39]
          SYS_TOP.u_ASYNC_FIFO.memory_core.mem[40]
          SYS_TOP.u_ASYNC_FIFO.memory_core.mem[41]
          SYS_TOP.u_ASYNC_FIFO.memory_core.mem[42]
          SYS_TOP.u_ASYNC_FIFO.memory_core.mem[43]
          SYS_TOP.u_ASYNC_FIFO.memory_core.mem[44]
          SYS_TOP.u_ASYNC_FIFO.memory_core.mem[45]
          SYS_TOP.u_ASYNC_FIFO.memory_core.mem[46]
          SYS_TOP.u_ASYNC_FIFO.memory_core.mem[47]
          SYS_TOP.u_ASYNC_FIFO.memory_core.mem[48]
          SYS_TOP.u_ASYNC_FIFO.memory_core.mem[49]
          SYS_TOP.u_ASYNC_FIFO.memory_core.mem[50]
          SYS_TOP.u_ASYNC_FIFO.memory_core.mem[51]
          SYS_TOP.u_ASYNC_FIFO.memory_core.mem[52]
          SYS_TOP.u_ASYNC_FIFO.memory_core.mem[53]
          SYS_TOP.u_ASYNC_FIFO.memory_core.mem[54]
          SYS_TOP.u_ASYNC_FIFO.memory_core.mem[55]
          SYS_TOP.u_ASYNC_FIFO.memory_core.mem[56]
          SYS_TOP.u_ASYNC_FIFO.memory_core.mem[57]
          SYS_TOP.u_ASYNC_FIFO.memory_core.mem[58]
          SYS_TOP.u_ASYNC_FIFO.memory_core.mem[59]
          SYS_TOP.u_ASYNC_FIFO.memory_core.mem[60]
          SYS_TOP.u_ASYNC_FIFO.memory_core.mem[61]
          SYS_TOP.u_ASYNC_FIFO.memory_core.mem[62]
          SYS_TOP.u_ASYNC_FIFO.memory_core.mem[63]

  66.     SYS_TOP.u_ASYNC_FIFO.memory_core.mem[0]    SYS_TOP.tx_busy                 -                 -                 -                 SYSTEM.sgdc:35
          SYS_TOP.u_ASYNC_FIFO.memory_core.mem[1]
          SYS_TOP.u_ASYNC_FIFO.memory_core.mem[2]
          SYS_TOP.u_ASYNC_FIFO.memory_core.mem[3]
          SYS_TOP.u_ASYNC_FIFO.memory_core.mem[4]
          SYS_TOP.u_ASYNC_FIFO.memory_core.mem[5]
          SYS_TOP.u_ASYNC_FIFO.memory_core.mem[6]
          SYS_TOP.u_ASYNC_FIFO.memory_core.mem[7]
          SYS_TOP.u_ASYNC_FIFO.memory_core.mem[8]
          SYS_TOP.u_ASYNC_FIFO.memory_core.mem[9]
          SYS_TOP.u_ASYNC_FIFO.memory_core.mem[10]
          SYS_TOP.u_ASYNC_FIFO.memory_core.mem[11]
          SYS_TOP.u_ASYNC_FIFO.memory_core.mem[12]
          SYS_TOP.u_ASYNC_FIFO.memory_core.mem[13]
          SYS_TOP.u_ASYNC_FIFO.memory_core.mem[14]
          SYS_TOP.u_ASYNC_FIFO.memory_core.mem[15]
          SYS_TOP.u_ASYNC_FIFO.memory_core.mem[16]
          SYS_TOP.u_ASYNC_FIFO.memory_core.mem[17]
          SYS_TOP.u_ASYNC_FIFO.memory_core.mem[18]
          SYS_TOP.u_ASYNC_FIFO.memory_core.mem[19]
          SYS_TOP.u_ASYNC_FIFO.memory_core.mem[20]
          SYS_TOP.u_ASYNC_FIFO.memory_core.mem[21]
          SYS_TOP.u_ASYNC_FIFO.memory_core.mem[22]
          SYS_TOP.u_ASYNC_FIFO.memory_core.mem[23]
          SYS_TOP.u_ASYNC_FIFO.memory_core.mem[24]
          SYS_TOP.u_ASYNC_FIFO.memory_core.mem[25]
          SYS_TOP.u_ASYNC_FIFO.memory_core.mem[26]
          SYS_TOP.u_ASYNC_FIFO.memory_core.mem[27]
          SYS_TOP.u_ASYNC_FIFO.memory_core.mem[28]
          SYS_TOP.u_ASYNC_FIFO.memory_core.mem[29]
          SYS_TOP.u_ASYNC_FIFO.memory_core.mem[30]
          SYS_TOP.u_ASYNC_FIFO.memory_core.mem[31]
          SYS_TOP.u_ASYNC_FIFO.memory_core.mem[32]
          SYS_TOP.u_ASYNC_FIFO.memory_core.mem[33]
          SYS_TOP.u_ASYNC_FIFO.memory_core.mem[34]
          SYS_TOP.u_ASYNC_FIFO.memory_core.mem[35]
          SYS_TOP.u_ASYNC_FIFO.memory_core.mem[36]
          SYS_TOP.u_ASYNC_FIFO.memory_core.mem[37]
          SYS_TOP.u_ASYNC_FIFO.memory_core.mem[38]
          SYS_TOP.u_ASYNC_FIFO.memory_core.mem[39]
          SYS_TOP.u_ASYNC_FIFO.memory_core.mem[40]
          SYS_TOP.u_ASYNC_FIFO.memory_core.mem[41]
          SYS_TOP.u_ASYNC_FIFO.memory_core.mem[42]
          SYS_TOP.u_ASYNC_FIFO.memory_core.mem[43]
          SYS_TOP.u_ASYNC_FIFO.memory_core.mem[44]
          SYS_TOP.u_ASYNC_FIFO.memory_core.mem[45]
          SYS_TOP.u_ASYNC_FIFO.memory_core.mem[46]
          SYS_TOP.u_ASYNC_FIFO.memory_core.mem[47]
          SYS_TOP.u_ASYNC_FIFO.memory_core.mem[48]
          SYS_TOP.u_ASYNC_FIFO.memory_core.mem[49]
          SYS_TOP.u_ASYNC_FIFO.memory_core.mem[50]
          SYS_TOP.u_ASYNC_FIFO.memory_core.mem[51]
          SYS_TOP.u_ASYNC_FIFO.memory_core.mem[52]
          SYS_TOP.u_ASYNC_FIFO.memory_core.mem[53]
          SYS_TOP.u_ASYNC_FIFO.memory_core.mem[54]
          SYS_TOP.u_ASYNC_FIFO.memory_core.mem[55]
          SYS_TOP.u_ASYNC_FIFO.memory_core.mem[56]
          SYS_TOP.u_ASYNC_FIFO.memory_core.mem[57]
          SYS_TOP.u_ASYNC_FIFO.memory_core.mem[58]
          SYS_TOP.u_ASYNC_FIFO.memory_core.mem[59]
          SYS_TOP.u_ASYNC_FIFO.memory_core.mem[60]
          SYS_TOP.u_ASYNC_FIFO.memory_core.mem[61]
          SYS_TOP.u_ASYNC_FIFO.memory_core.mem[62]
          SYS_TOP.u_ASYNC_FIFO.memory_core.mem[63]

  67.     SYS_TOP.u_ASYNC_FIFO.memory_core.mem[0]    SYS_TOP.rd_inc                  -                 -                 -                 SYSTEM.sgdc:35
          SYS_TOP.u_ASYNC_FIFO.memory_core.mem[1]
          SYS_TOP.u_ASYNC_FIFO.memory_core.mem[2]
          SYS_TOP.u_ASYNC_FIFO.memory_core.mem[3]
          SYS_TOP.u_ASYNC_FIFO.memory_core.mem[4]
          SYS_TOP.u_ASYNC_FIFO.memory_core.mem[5]
          SYS_TOP.u_ASYNC_FIFO.memory_core.mem[6]
          SYS_TOP.u_ASYNC_FIFO.memory_core.mem[7]
          SYS_TOP.u_ASYNC_FIFO.memory_core.mem[8]
          SYS_TOP.u_ASYNC_FIFO.memory_core.mem[9]
          SYS_TOP.u_ASYNC_FIFO.memory_core.mem[10]
          SYS_TOP.u_ASYNC_FIFO.memory_core.mem[11]
          SYS_TOP.u_ASYNC_FIFO.memory_core.mem[12]
          SYS_TOP.u_ASYNC_FIFO.memory_core.mem[13]
          SYS_TOP.u_ASYNC_FIFO.memory_core.mem[14]
          SYS_TOP.u_ASYNC_FIFO.memory_core.mem[15]
          SYS_TOP.u_ASYNC_FIFO.memory_core.mem[16]
          SYS_TOP.u_ASYNC_FIFO.memory_core.mem[17]
          SYS_TOP.u_ASYNC_FIFO.memory_core.mem[18]
          SYS_TOP.u_ASYNC_FIFO.memory_core.mem[19]
          SYS_TOP.u_ASYNC_FIFO.memory_core.mem[20]
          SYS_TOP.u_ASYNC_FIFO.memory_core.mem[21]
          SYS_TOP.u_ASYNC_FIFO.memory_core.mem[22]
          SYS_TOP.u_ASYNC_FIFO.memory_core.mem[23]
          SYS_TOP.u_ASYNC_FIFO.memory_core.mem[24]
          SYS_TOP.u_ASYNC_FIFO.memory_core.mem[25]
          SYS_TOP.u_ASYNC_FIFO.memory_core.mem[26]
          SYS_TOP.u_ASYNC_FIFO.memory_core.mem[27]
          SYS_TOP.u_ASYNC_FIFO.memory_core.mem[28]
          SYS_TOP.u_ASYNC_FIFO.memory_core.mem[29]
          SYS_TOP.u_ASYNC_FIFO.memory_core.mem[30]
          SYS_TOP.u_ASYNC_FIFO.memory_core.mem[31]
          SYS_TOP.u_ASYNC_FIFO.memory_core.mem[32]
          SYS_TOP.u_ASYNC_FIFO.memory_core.mem[33]
          SYS_TOP.u_ASYNC_FIFO.memory_core.mem[34]
          SYS_TOP.u_ASYNC_FIFO.memory_core.mem[35]
          SYS_TOP.u_ASYNC_FIFO.memory_core.mem[36]
          SYS_TOP.u_ASYNC_FIFO.memory_core.mem[37]
          SYS_TOP.u_ASYNC_FIFO.memory_core.mem[38]
          SYS_TOP.u_ASYNC_FIFO.memory_core.mem[39]
          SYS_TOP.u_ASYNC_FIFO.memory_core.mem[40]
          SYS_TOP.u_ASYNC_FIFO.memory_core.mem[41]
          SYS_TOP.u_ASYNC_FIFO.memory_core.mem[42]
          SYS_TOP.u_ASYNC_FIFO.memory_core.mem[43]
          SYS_TOP.u_ASYNC_FIFO.memory_core.mem[44]
          SYS_TOP.u_ASYNC_FIFO.memory_core.mem[45]
          SYS_TOP.u_ASYNC_FIFO.memory_core.mem[46]
          SYS_TOP.u_ASYNC_FIFO.memory_core.mem[47]
          SYS_TOP.u_ASYNC_FIFO.memory_core.mem[48]
          SYS_TOP.u_ASYNC_FIFO.memory_core.mem[49]
          SYS_TOP.u_ASYNC_FIFO.memory_core.mem[50]
          SYS_TOP.u_ASYNC_FIFO.memory_core.mem[51]
          SYS_TOP.u_ASYNC_FIFO.memory_core.mem[52]
          SYS_TOP.u_ASYNC_FIFO.memory_core.mem[53]
          SYS_TOP.u_ASYNC_FIFO.memory_core.mem[54]
          SYS_TOP.u_ASYNC_FIFO.memory_core.mem[55]
          SYS_TOP.u_ASYNC_FIFO.memory_core.mem[56]
          SYS_TOP.u_ASYNC_FIFO.memory_core.mem[57]
          SYS_TOP.u_ASYNC_FIFO.memory_core.mem[58]
          SYS_TOP.u_ASYNC_FIFO.memory_core.mem[59]
          SYS_TOP.u_ASYNC_FIFO.memory_core.mem[60]
          SYS_TOP.u_ASYNC_FIFO.memory_core.mem[61]
          SYS_TOP.u_ASYNC_FIFO.memory_core.mem[62]
          SYS_TOP.u_ASYNC_FIFO.memory_core.mem[63]

  68.     SYS_TOP.u_ASYNC_FIFO.memory_core.mem[0]    SYS_TOP.clk_div_en              -                 -                 -                 SYSTEM.sgdc:35
          SYS_TOP.u_ASYNC_FIFO.memory_core.mem[1]
          SYS_TOP.u_ASYNC_FIFO.memory_core.mem[2]
          SYS_TOP.u_ASYNC_FIFO.memory_core.mem[3]
          SYS_TOP.u_ASYNC_FIFO.memory_core.mem[4]
          SYS_TOP.u_ASYNC_FIFO.memory_core.mem[5]
          SYS_TOP.u_ASYNC_FIFO.memory_core.mem[6]
          SYS_TOP.u_ASYNC_FIFO.memory_core.mem[7]
          SYS_TOP.u_ASYNC_FIFO.memory_core.mem[8]
          SYS_TOP.u_ASYNC_FIFO.memory_core.mem[9]
          SYS_TOP.u_ASYNC_FIFO.memory_core.mem[10]
          SYS_TOP.u_ASYNC_FIFO.memory_core.mem[11]
          SYS_TOP.u_ASYNC_FIFO.memory_core.mem[12]
          SYS_TOP.u_ASYNC_FIFO.memory_core.mem[13]
          SYS_TOP.u_ASYNC_FIFO.memory_core.mem[14]
          SYS_TOP.u_ASYNC_FIFO.memory_core.mem[15]
          SYS_TOP.u_ASYNC_FIFO.memory_core.mem[16]
          SYS_TOP.u_ASYNC_FIFO.memory_core.mem[17]
          SYS_TOP.u_ASYNC_FIFO.memory_core.mem[18]
          SYS_TOP.u_ASYNC_FIFO.memory_core.mem[19]
          SYS_TOP.u_ASYNC_FIFO.memory_core.mem[20]
          SYS_TOP.u_ASYNC_FIFO.memory_core.mem[21]
          SYS_TOP.u_ASYNC_FIFO.memory_core.mem[22]
          SYS_TOP.u_ASYNC_FIFO.memory_core.mem[23]
          SYS_TOP.u_ASYNC_FIFO.memory_core.mem[24]
          SYS_TOP.u_ASYNC_FIFO.memory_core.mem[25]
          SYS_TOP.u_ASYNC_FIFO.memory_core.mem[26]
          SYS_TOP.u_ASYNC_FIFO.memory_core.mem[27]
          SYS_TOP.u_ASYNC_FIFO.memory_core.mem[28]
          SYS_TOP.u_ASYNC_FIFO.memory_core.mem[29]
          SYS_TOP.u_ASYNC_FIFO.memory_core.mem[30]
          SYS_TOP.u_ASYNC_FIFO.memory_core.mem[31]
          SYS_TOP.u_ASYNC_FIFO.memory_core.mem[32]
          SYS_TOP.u_ASYNC_FIFO.memory_core.mem[33]
          SYS_TOP.u_ASYNC_FIFO.memory_core.mem[34]
          SYS_TOP.u_ASYNC_FIFO.memory_core.mem[35]
          SYS_TOP.u_ASYNC_FIFO.memory_core.mem[36]
          SYS_TOP.u_ASYNC_FIFO.memory_core.mem[37]
          SYS_TOP.u_ASYNC_FIFO.memory_core.mem[38]
          SYS_TOP.u_ASYNC_FIFO.memory_core.mem[39]
          SYS_TOP.u_ASYNC_FIFO.memory_core.mem[40]
          SYS_TOP.u_ASYNC_FIFO.memory_core.mem[41]
          SYS_TOP.u_ASYNC_FIFO.memory_core.mem[42]
          SYS_TOP.u_ASYNC_FIFO.memory_core.mem[43]
          SYS_TOP.u_ASYNC_FIFO.memory_core.mem[44]
          SYS_TOP.u_ASYNC_FIFO.memory_core.mem[45]
          SYS_TOP.u_ASYNC_FIFO.memory_core.mem[46]
          SYS_TOP.u_ASYNC_FIFO.memory_core.mem[47]
          SYS_TOP.u_ASYNC_FIFO.memory_core.mem[48]
          SYS_TOP.u_ASYNC_FIFO.memory_core.mem[49]
          SYS_TOP.u_ASYNC_FIFO.memory_core.mem[50]
          SYS_TOP.u_ASYNC_FIFO.memory_core.mem[51]
          SYS_TOP.u_ASYNC_FIFO.memory_core.mem[52]
          SYS_TOP.u_ASYNC_FIFO.memory_core.mem[53]
          SYS_TOP.u_ASYNC_FIFO.memory_core.mem[54]
          SYS_TOP.u_ASYNC_FIFO.memory_core.mem[55]
          SYS_TOP.u_ASYNC_FIFO.memory_core.mem[56]
          SYS_TOP.u_ASYNC_FIFO.memory_core.mem[57]
          SYS_TOP.u_ASYNC_FIFO.memory_core.mem[58]
          SYS_TOP.u_ASYNC_FIFO.memory_core.mem[59]
          SYS_TOP.u_ASYNC_FIFO.memory_core.mem[60]
          SYS_TOP.u_ASYNC_FIFO.memory_core.mem[61]
          SYS_TOP.u_ASYNC_FIFO.memory_core.mem[62]
          SYS_TOP.u_ASYNC_FIFO.memory_core.mem[63]

  69.     SYS_TOP.u_ASYNC_FIFO.memory_core.mem[0]    SYS_TOP.sync_clk_div_en_ff1     -                 -                 -                 SYSTEM.sgdc:35
          SYS_TOP.u_ASYNC_FIFO.memory_core.mem[1]
          SYS_TOP.u_ASYNC_FIFO.memory_core.mem[2]
          SYS_TOP.u_ASYNC_FIFO.memory_core.mem[3]
          SYS_TOP.u_ASYNC_FIFO.memory_core.mem[4]
          SYS_TOP.u_ASYNC_FIFO.memory_core.mem[5]
          SYS_TOP.u_ASYNC_FIFO.memory_core.mem[6]
          SYS_TOP.u_ASYNC_FIFO.memory_core.mem[7]
          SYS_TOP.u_ASYNC_FIFO.memory_core.mem[8]
          SYS_TOP.u_ASYNC_FIFO.memory_core.mem[9]
          SYS_TOP.u_ASYNC_FIFO.memory_core.mem[10]
          SYS_TOP.u_ASYNC_FIFO.memory_core.mem[11]
          SYS_TOP.u_ASYNC_FIFO.memory_core.mem[12]
          SYS_TOP.u_ASYNC_FIFO.memory_core.mem[13]
          SYS_TOP.u_ASYNC_FIFO.memory_core.mem[14]
          SYS_TOP.u_ASYNC_FIFO.memory_core.mem[15]
          SYS_TOP.u_ASYNC_FIFO.memory_core.mem[16]
          SYS_TOP.u_ASYNC_FIFO.memory_core.mem[17]
          SYS_TOP.u_ASYNC_FIFO.memory_core.mem[18]
          SYS_TOP.u_ASYNC_FIFO.memory_core.mem[19]
          SYS_TOP.u_ASYNC_FIFO.memory_core.mem[20]
          SYS_TOP.u_ASYNC_FIFO.memory_core.mem[21]
          SYS_TOP.u_ASYNC_FIFO.memory_core.mem[22]
          SYS_TOP.u_ASYNC_FIFO.memory_core.mem[23]
          SYS_TOP.u_ASYNC_FIFO.memory_core.mem[24]
          SYS_TOP.u_ASYNC_FIFO.memory_core.mem[25]
          SYS_TOP.u_ASYNC_FIFO.memory_core.mem[26]
          SYS_TOP.u_ASYNC_FIFO.memory_core.mem[27]
          SYS_TOP.u_ASYNC_FIFO.memory_core.mem[28]
          SYS_TOP.u_ASYNC_FIFO.memory_core.mem[29]
          SYS_TOP.u_ASYNC_FIFO.memory_core.mem[30]
          SYS_TOP.u_ASYNC_FIFO.memory_core.mem[31]
          SYS_TOP.u_ASYNC_FIFO.memory_core.mem[32]
          SYS_TOP.u_ASYNC_FIFO.memory_core.mem[33]
          SYS_TOP.u_ASYNC_FIFO.memory_core.mem[34]
          SYS_TOP.u_ASYNC_FIFO.memory_core.mem[35]
          SYS_TOP.u_ASYNC_FIFO.memory_core.mem[36]
          SYS_TOP.u_ASYNC_FIFO.memory_core.mem[37]
          SYS_TOP.u_ASYNC_FIFO.memory_core.mem[38]
          SYS_TOP.u_ASYNC_FIFO.memory_core.mem[39]
          SYS_TOP.u_ASYNC_FIFO.memory_core.mem[40]
          SYS_TOP.u_ASYNC_FIFO.memory_core.mem[41]
          SYS_TOP.u_ASYNC_FIFO.memory_core.mem[42]
          SYS_TOP.u_ASYNC_FIFO.memory_core.mem[43]
          SYS_TOP.u_ASYNC_FIFO.memory_core.mem[44]
          SYS_TOP.u_ASYNC_FIFO.memory_core.mem[45]
          SYS_TOP.u_ASYNC_FIFO.memory_core.mem[46]
          SYS_TOP.u_ASYNC_FIFO.memory_core.mem[47]
          SYS_TOP.u_ASYNC_FIFO.memory_core.mem[48]
          SYS_TOP.u_ASYNC_FIFO.memory_core.mem[49]
          SYS_TOP.u_ASYNC_FIFO.memory_core.mem[50]
          SYS_TOP.u_ASYNC_FIFO.memory_core.mem[51]
          SYS_TOP.u_ASYNC_FIFO.memory_core.mem[52]
          SYS_TOP.u_ASYNC_FIFO.memory_core.mem[53]
          SYS_TOP.u_ASYNC_FIFO.memory_core.mem[54]
          SYS_TOP.u_ASYNC_FIFO.memory_core.mem[55]
          SYS_TOP.u_ASYNC_FIFO.memory_core.mem[56]
          SYS_TOP.u_ASYNC_FIFO.memory_core.mem[57]
          SYS_TOP.u_ASYNC_FIFO.memory_core.mem[58]
          SYS_TOP.u_ASYNC_FIFO.memory_core.mem[59]
          SYS_TOP.u_ASYNC_FIFO.memory_core.mem[60]
          SYS_TOP.u_ASYNC_FIFO.memory_core.mem[61]
          SYS_TOP.u_ASYNC_FIFO.memory_core.mem[62]
          SYS_TOP.u_ASYNC_FIFO.memory_core.mem[63]

  70.     SYS_TOP.u_ASYNC_FIFO.memory_core.mem[0]    SYS_TOP.sync_clk_div_en_ff2     -                 -                 -                 SYSTEM.sgdc:35
          SYS_TOP.u_ASYNC_FIFO.memory_core.mem[1]
          SYS_TOP.u_ASYNC_FIFO.memory_core.mem[2]
          SYS_TOP.u_ASYNC_FIFO.memory_core.mem[3]
          SYS_TOP.u_ASYNC_FIFO.memory_core.mem[4]
          SYS_TOP.u_ASYNC_FIFO.memory_core.mem[5]
          SYS_TOP.u_ASYNC_FIFO.memory_core.mem[6]
          SYS_TOP.u_ASYNC_FIFO.memory_core.mem[7]
          SYS_TOP.u_ASYNC_FIFO.memory_core.mem[8]
          SYS_TOP.u_ASYNC_FIFO.memory_core.mem[9]
          SYS_TOP.u_ASYNC_FIFO.memory_core.mem[10]
          SYS_TOP.u_ASYNC_FIFO.memory_core.mem[11]
          SYS_TOP.u_ASYNC_FIFO.memory_core.mem[12]
          SYS_TOP.u_ASYNC_FIFO.memory_core.mem[13]
          SYS_TOP.u_ASYNC_FIFO.memory_core.mem[14]
          SYS_TOP.u_ASYNC_FIFO.memory_core.mem[15]
          SYS_TOP.u_ASYNC_FIFO.memory_core.mem[16]
          SYS_TOP.u_ASYNC_FIFO.memory_core.mem[17]
          SYS_TOP.u_ASYNC_FIFO.memory_core.mem[18]
          SYS_TOP.u_ASYNC_FIFO.memory_core.mem[19]
          SYS_TOP.u_ASYNC_FIFO.memory_core.mem[20]
          SYS_TOP.u_ASYNC_FIFO.memory_core.mem[21]
          SYS_TOP.u_ASYNC_FIFO.memory_core.mem[22]
          SYS_TOP.u_ASYNC_FIFO.memory_core.mem[23]
          SYS_TOP.u_ASYNC_FIFO.memory_core.mem[24]
          SYS_TOP.u_ASYNC_FIFO.memory_core.mem[25]
          SYS_TOP.u_ASYNC_FIFO.memory_core.mem[26]
          SYS_TOP.u_ASYNC_FIFO.memory_core.mem[27]
          SYS_TOP.u_ASYNC_FIFO.memory_core.mem[28]
          SYS_TOP.u_ASYNC_FIFO.memory_core.mem[29]
          SYS_TOP.u_ASYNC_FIFO.memory_core.mem[30]
          SYS_TOP.u_ASYNC_FIFO.memory_core.mem[31]
          SYS_TOP.u_ASYNC_FIFO.memory_core.mem[32]
          SYS_TOP.u_ASYNC_FIFO.memory_core.mem[33]
          SYS_TOP.u_ASYNC_FIFO.memory_core.mem[34]
          SYS_TOP.u_ASYNC_FIFO.memory_core.mem[35]
          SYS_TOP.u_ASYNC_FIFO.memory_core.mem[36]
          SYS_TOP.u_ASYNC_FIFO.memory_core.mem[37]
          SYS_TOP.u_ASYNC_FIFO.memory_core.mem[38]
          SYS_TOP.u_ASYNC_FIFO.memory_core.mem[39]
          SYS_TOP.u_ASYNC_FIFO.memory_core.mem[40]
          SYS_TOP.u_ASYNC_FIFO.memory_core.mem[41]
          SYS_TOP.u_ASYNC_FIFO.memory_core.mem[42]
          SYS_TOP.u_ASYNC_FIFO.memory_core.mem[43]
          SYS_TOP.u_ASYNC_FIFO.memory_core.mem[44]
          SYS_TOP.u_ASYNC_FIFO.memory_core.mem[45]
          SYS_TOP.u_ASYNC_FIFO.memory_core.mem[46]
          SYS_TOP.u_ASYNC_FIFO.memory_core.mem[47]
          SYS_TOP.u_ASYNC_FIFO.memory_core.mem[48]
          SYS_TOP.u_ASYNC_FIFO.memory_core.mem[49]
          SYS_TOP.u_ASYNC_FIFO.memory_core.mem[50]
          SYS_TOP.u_ASYNC_FIFO.memory_core.mem[51]
          SYS_TOP.u_ASYNC_FIFO.memory_core.mem[52]
          SYS_TOP.u_ASYNC_FIFO.memory_core.mem[53]
          SYS_TOP.u_ASYNC_FIFO.memory_core.mem[54]
          SYS_TOP.u_ASYNC_FIFO.memory_core.mem[55]
          SYS_TOP.u_ASYNC_FIFO.memory_core.mem[56]
          SYS_TOP.u_ASYNC_FIFO.memory_core.mem[57]
          SYS_TOP.u_ASYNC_FIFO.memory_core.mem[58]
          SYS_TOP.u_ASYNC_FIFO.memory_core.mem[59]
          SYS_TOP.u_ASYNC_FIFO.memory_core.mem[60]
          SYS_TOP.u_ASYNC_FIFO.memory_core.mem[61]
          SYS_TOP.u_ASYNC_FIFO.memory_core.mem[62]
          SYS_TOP.u_ASYNC_FIFO.memory_core.mem[63]

  71.     SYS_TOP.u_ASYNC_FIFO.memory_core.mem[0]    SYS_TOP.sync_clk_div_en         -                 -                 -                 SYSTEM.sgdc:35
          SYS_TOP.u_ASYNC_FIFO.memory_core.mem[1]
          SYS_TOP.u_ASYNC_FIFO.memory_core.mem[2]
          SYS_TOP.u_ASYNC_FIFO.memory_core.mem[3]
          SYS_TOP.u_ASYNC_FIFO.memory_core.mem[4]
          SYS_TOP.u_ASYNC_FIFO.memory_core.mem[5]
          SYS_TOP.u_ASYNC_FIFO.memory_core.mem[6]
          SYS_TOP.u_ASYNC_FIFO.memory_core.mem[7]
          SYS_TOP.u_ASYNC_FIFO.memory_core.mem[8]
          SYS_TOP.u_ASYNC_FIFO.memory_core.mem[9]
          SYS_TOP.u_ASYNC_FIFO.memory_core.mem[10]
          SYS_TOP.u_ASYNC_FIFO.memory_core.mem[11]
          SYS_TOP.u_ASYNC_FIFO.memory_core.mem[12]
          SYS_TOP.u_ASYNC_FIFO.memory_core.mem[13]
          SYS_TOP.u_ASYNC_FIFO.memory_core.mem[14]
          SYS_TOP.u_ASYNC_FIFO.memory_core.mem[15]
          SYS_TOP.u_ASYNC_FIFO.memory_core.mem[16]
          SYS_TOP.u_ASYNC_FIFO.memory_core.mem[17]
          SYS_TOP.u_ASYNC_FIFO.memory_core.mem[18]
          SYS_TOP.u_ASYNC_FIFO.memory_core.mem[19]
          SYS_TOP.u_ASYNC_FIFO.memory_core.mem[20]
          SYS_TOP.u_ASYNC_FIFO.memory_core.mem[21]
          SYS_TOP.u_ASYNC_FIFO.memory_core.mem[22]
          SYS_TOP.u_ASYNC_FIFO.memory_core.mem[23]
          SYS_TOP.u_ASYNC_FIFO.memory_core.mem[24]
          SYS_TOP.u_ASYNC_FIFO.memory_core.mem[25]
          SYS_TOP.u_ASYNC_FIFO.memory_core.mem[26]
          SYS_TOP.u_ASYNC_FIFO.memory_core.mem[27]
          SYS_TOP.u_ASYNC_FIFO.memory_core.mem[28]
          SYS_TOP.u_ASYNC_FIFO.memory_core.mem[29]
          SYS_TOP.u_ASYNC_FIFO.memory_core.mem[30]
          SYS_TOP.u_ASYNC_FIFO.memory_core.mem[31]
          SYS_TOP.u_ASYNC_FIFO.memory_core.mem[32]
          SYS_TOP.u_ASYNC_FIFO.memory_core.mem[33]
          SYS_TOP.u_ASYNC_FIFO.memory_core.mem[34]
          SYS_TOP.u_ASYNC_FIFO.memory_core.mem[35]
          SYS_TOP.u_ASYNC_FIFO.memory_core.mem[36]
          SYS_TOP.u_ASYNC_FIFO.memory_core.mem[37]
          SYS_TOP.u_ASYNC_FIFO.memory_core.mem[38]
          SYS_TOP.u_ASYNC_FIFO.memory_core.mem[39]
          SYS_TOP.u_ASYNC_FIFO.memory_core.mem[40]
          SYS_TOP.u_ASYNC_FIFO.memory_core.mem[41]
          SYS_TOP.u_ASYNC_FIFO.memory_core.mem[42]
          SYS_TOP.u_ASYNC_FIFO.memory_core.mem[43]
          SYS_TOP.u_ASYNC_FIFO.memory_core.mem[44]
          SYS_TOP.u_ASYNC_FIFO.memory_core.mem[45]
          SYS_TOP.u_ASYNC_FIFO.memory_core.mem[46]
          SYS_TOP.u_ASYNC_FIFO.memory_core.mem[47]
          SYS_TOP.u_ASYNC_FIFO.memory_core.mem[48]
          SYS_TOP.u_ASYNC_FIFO.memory_core.mem[49]
          SYS_TOP.u_ASYNC_FIFO.memory_core.mem[50]
          SYS_TOP.u_ASYNC_FIFO.memory_core.mem[51]
          SYS_TOP.u_ASYNC_FIFO.memory_core.mem[52]
          SYS_TOP.u_ASYNC_FIFO.memory_core.mem[53]
          SYS_TOP.u_ASYNC_FIFO.memory_core.mem[54]
          SYS_TOP.u_ASYNC_FIFO.memory_core.mem[55]
          SYS_TOP.u_ASYNC_FIFO.memory_core.mem[56]
          SYS_TOP.u_ASYNC_FIFO.memory_core.mem[57]
          SYS_TOP.u_ASYNC_FIFO.memory_core.mem[58]
          SYS_TOP.u_ASYNC_FIFO.memory_core.mem[59]
          SYS_TOP.u_ASYNC_FIFO.memory_core.mem[60]
          SYS_TOP.u_ASYNC_FIFO.memory_core.mem[61]
          SYS_TOP.u_ASYNC_FIFO.memory_core.mem[62]
          SYS_TOP.u_ASYNC_FIFO.memory_core.mem[63]

  72.     SYS_TOP.u_ASYNC_FIFO.memory_core.mem[0]    SYS_TOP.uart_rx_p_data_reg[0]   -                 -                 -                 SYSTEM.sgdc:35
          SYS_TOP.u_ASYNC_FIFO.memory_core.mem[1]    SYS_TOP.uart_rx_p_data_reg[1]
          SYS_TOP.u_ASYNC_FIFO.memory_core.mem[2]    SYS_TOP.uart_rx_p_data_reg[2]
          SYS_TOP.u_ASYNC_FIFO.memory_core.mem[3]    SYS_TOP.uart_rx_p_data_reg[3]
          SYS_TOP.u_ASYNC_FIFO.memory_core.mem[4]    SYS_TOP.uart_rx_p_data_reg[4]
          SYS_TOP.u_ASYNC_FIFO.memory_core.mem[5]    SYS_TOP.uart_rx_p_data_reg[5]
          SYS_TOP.u_ASYNC_FIFO.memory_core.mem[6]    SYS_TOP.uart_rx_p_data_reg[6]
          SYS_TOP.u_ASYNC_FIFO.memory_core.mem[7]    SYS_TOP.uart_rx_p_data_reg[7]
          SYS_TOP.u_ASYNC_FIFO.memory_core.mem[8]
          SYS_TOP.u_ASYNC_FIFO.memory_core.mem[9]
          SYS_TOP.u_ASYNC_FIFO.memory_core.mem[10]
          SYS_TOP.u_ASYNC_FIFO.memory_core.mem[11]
          SYS_TOP.u_ASYNC_FIFO.memory_core.mem[12]
          SYS_TOP.u_ASYNC_FIFO.memory_core.mem[13]
          SYS_TOP.u_ASYNC_FIFO.memory_core.mem[14]
          SYS_TOP.u_ASYNC_FIFO.memory_core.mem[15]
          SYS_TOP.u_ASYNC_FIFO.memory_core.mem[16]
          SYS_TOP.u_ASYNC_FIFO.memory_core.mem[17]
          SYS_TOP.u_ASYNC_FIFO.memory_core.mem[18]
          SYS_TOP.u_ASYNC_FIFO.memory_core.mem[19]
          SYS_TOP.u_ASYNC_FIFO.memory_core.mem[20]
          SYS_TOP.u_ASYNC_FIFO.memory_core.mem[21]
          SYS_TOP.u_ASYNC_FIFO.memory_core.mem[22]
          SYS_TOP.u_ASYNC_FIFO.memory_core.mem[23]
          SYS_TOP.u_ASYNC_FIFO.memory_core.mem[24]
          SYS_TOP.u_ASYNC_FIFO.memory_core.mem[25]
          SYS_TOP.u_ASYNC_FIFO.memory_core.mem[26]
          SYS_TOP.u_ASYNC_FIFO.memory_core.mem[27]
          SYS_TOP.u_ASYNC_FIFO.memory_core.mem[28]
          SYS_TOP.u_ASYNC_FIFO.memory_core.mem[29]
          SYS_TOP.u_ASYNC_FIFO.memory_core.mem[30]
          SYS_TOP.u_ASYNC_FIFO.memory_core.mem[31]
          SYS_TOP.u_ASYNC_FIFO.memory_core.mem[32]
          SYS_TOP.u_ASYNC_FIFO.memory_core.mem[33]
          SYS_TOP.u_ASYNC_FIFO.memory_core.mem[34]
          SYS_TOP.u_ASYNC_FIFO.memory_core.mem[35]
          SYS_TOP.u_ASYNC_FIFO.memory_core.mem[36]
          SYS_TOP.u_ASYNC_FIFO.memory_core.mem[37]
          SYS_TOP.u_ASYNC_FIFO.memory_core.mem[38]
          SYS_TOP.u_ASYNC_FIFO.memory_core.mem[39]
          SYS_TOP.u_ASYNC_FIFO.memory_core.mem[40]
          SYS_TOP.u_ASYNC_FIFO.memory_core.mem[41]
          SYS_TOP.u_ASYNC_FIFO.memory_core.mem[42]
          SYS_TOP.u_ASYNC_FIFO.memory_core.mem[43]
          SYS_TOP.u_ASYNC_FIFO.memory_core.mem[44]
          SYS_TOP.u_ASYNC_FIFO.memory_core.mem[45]
          SYS_TOP.u_ASYNC_FIFO.memory_core.mem[46]
          SYS_TOP.u_ASYNC_FIFO.memory_core.mem[47]
          SYS_TOP.u_ASYNC_FIFO.memory_core.mem[48]
          SYS_TOP.u_ASYNC_FIFO.memory_core.mem[49]
          SYS_TOP.u_ASYNC_FIFO.memory_core.mem[50]
          SYS_TOP.u_ASYNC_FIFO.memory_core.mem[51]
          SYS_TOP.u_ASYNC_FIFO.memory_core.mem[52]
          SYS_TOP.u_ASYNC_FIFO.memory_core.mem[53]
          SYS_TOP.u_ASYNC_FIFO.memory_core.mem[54]
          SYS_TOP.u_ASYNC_FIFO.memory_core.mem[55]
          SYS_TOP.u_ASYNC_FIFO.memory_core.mem[56]
          SYS_TOP.u_ASYNC_FIFO.memory_core.mem[57]
          SYS_TOP.u_ASYNC_FIFO.memory_core.mem[58]
          SYS_TOP.u_ASYNC_FIFO.memory_core.mem[59]
          SYS_TOP.u_ASYNC_FIFO.memory_core.mem[60]
          SYS_TOP.u_ASYNC_FIFO.memory_core.mem[61]
          SYS_TOP.u_ASYNC_FIFO.memory_core.mem[62]
          SYS_TOP.u_ASYNC_FIFO.memory_core.mem[63]

  73.     SYS_TOP.u_ASYNC_FIFO.memory_core.mem[0]    SYS_TOP.uart_rx_valid_reg       -                 -                 -                 SYSTEM.sgdc:35
          SYS_TOP.u_ASYNC_FIFO.memory_core.mem[1]
          SYS_TOP.u_ASYNC_FIFO.memory_core.mem[2]
          SYS_TOP.u_ASYNC_FIFO.memory_core.mem[3]
          SYS_TOP.u_ASYNC_FIFO.memory_core.mem[4]
          SYS_TOP.u_ASYNC_FIFO.memory_core.mem[5]
          SYS_TOP.u_ASYNC_FIFO.memory_core.mem[6]
          SYS_TOP.u_ASYNC_FIFO.memory_core.mem[7]
          SYS_TOP.u_ASYNC_FIFO.memory_core.mem[8]
          SYS_TOP.u_ASYNC_FIFO.memory_core.mem[9]
          SYS_TOP.u_ASYNC_FIFO.memory_core.mem[10]
          SYS_TOP.u_ASYNC_FIFO.memory_core.mem[11]
          SYS_TOP.u_ASYNC_FIFO.memory_core.mem[12]
          SYS_TOP.u_ASYNC_FIFO.memory_core.mem[13]
          SYS_TOP.u_ASYNC_FIFO.memory_core.mem[14]
          SYS_TOP.u_ASYNC_FIFO.memory_core.mem[15]
          SYS_TOP.u_ASYNC_FIFO.memory_core.mem[16]
          SYS_TOP.u_ASYNC_FIFO.memory_core.mem[17]
          SYS_TOP.u_ASYNC_FIFO.memory_core.mem[18]
          SYS_TOP.u_ASYNC_FIFO.memory_core.mem[19]
          SYS_TOP.u_ASYNC_FIFO.memory_core.mem[20]
          SYS_TOP.u_ASYNC_FIFO.memory_core.mem[21]
          SYS_TOP.u_ASYNC_FIFO.memory_core.mem[22]
          SYS_TOP.u_ASYNC_FIFO.memory_core.mem[23]
          SYS_TOP.u_ASYNC_FIFO.memory_core.mem[24]
          SYS_TOP.u_ASYNC_FIFO.memory_core.mem[25]
          SYS_TOP.u_ASYNC_FIFO.memory_core.mem[26]
          SYS_TOP.u_ASYNC_FIFO.memory_core.mem[27]
          SYS_TOP.u_ASYNC_FIFO.memory_core.mem[28]
          SYS_TOP.u_ASYNC_FIFO.memory_core.mem[29]
          SYS_TOP.u_ASYNC_FIFO.memory_core.mem[30]
          SYS_TOP.u_ASYNC_FIFO.memory_core.mem[31]
          SYS_TOP.u_ASYNC_FIFO.memory_core.mem[32]
          SYS_TOP.u_ASYNC_FIFO.memory_core.mem[33]
          SYS_TOP.u_ASYNC_FIFO.memory_core.mem[34]
          SYS_TOP.u_ASYNC_FIFO.memory_core.mem[35]
          SYS_TOP.u_ASYNC_FIFO.memory_core.mem[36]
          SYS_TOP.u_ASYNC_FIFO.memory_core.mem[37]
          SYS_TOP.u_ASYNC_FIFO.memory_core.mem[38]
          SYS_TOP.u_ASYNC_FIFO.memory_core.mem[39]
          SYS_TOP.u_ASYNC_FIFO.memory_core.mem[40]
          SYS_TOP.u_ASYNC_FIFO.memory_core.mem[41]
          SYS_TOP.u_ASYNC_FIFO.memory_core.mem[42]
          SYS_TOP.u_ASYNC_FIFO.memory_core.mem[43]
          SYS_TOP.u_ASYNC_FIFO.memory_core.mem[44]
          SYS_TOP.u_ASYNC_FIFO.memory_core.mem[45]
          SYS_TOP.u_ASYNC_FIFO.memory_core.mem[46]
          SYS_TOP.u_ASYNC_FIFO.memory_core.mem[47]
          SYS_TOP.u_ASYNC_FIFO.memory_core.mem[48]
          SYS_TOP.u_ASYNC_FIFO.memory_core.mem[49]
          SYS_TOP.u_ASYNC_FIFO.memory_core.mem[50]
          SYS_TOP.u_ASYNC_FIFO.memory_core.mem[51]
          SYS_TOP.u_ASYNC_FIFO.memory_core.mem[52]
          SYS_TOP.u_ASYNC_FIFO.memory_core.mem[53]
          SYS_TOP.u_ASYNC_FIFO.memory_core.mem[54]
          SYS_TOP.u_ASYNC_FIFO.memory_core.mem[55]
          SYS_TOP.u_ASYNC_FIFO.memory_core.mem[56]
          SYS_TOP.u_ASYNC_FIFO.memory_core.mem[57]
          SYS_TOP.u_ASYNC_FIFO.memory_core.mem[58]
          SYS_TOP.u_ASYNC_FIFO.memory_core.mem[59]
          SYS_TOP.u_ASYNC_FIFO.memory_core.mem[60]
          SYS_TOP.u_ASYNC_FIFO.memory_core.mem[61]
          SYS_TOP.u_ASYNC_FIFO.memory_core.mem[62]
          SYS_TOP.u_ASYNC_FIFO.memory_core.mem[63]

--------------------------------------------------------------------------------------------------------------------------------------------------------------------



  N. Names of top-level ports specified using 'abstract_port' constraint 
******************************************************************************************************************************************
******************************************************************************************************************************************
------------------------------------------------------------------------------------------------------------------------------------------
    S.No     Port Name       Clock    Reset    Comb   Path Logic  Comb_Ifn  Sync    From     To     Seq    SGDC File:Line   Ignored
------------------------------------------------------------------------------------------------------------------------------------------
  1.      SYS_TOP.RX_IN   UART_CLK   -       -       -            -       -       -       -       -       SYSTEM.sgdc:21   -


------------------------------------------------------------------------------------------------------------------------------------------



  O. Names of top-level input ports specified using 'input' constraint 
  This section is empty. This is because
  'input' constraint has not been specified.


  P. Names of output ports specified using 'output' constraint 
  This section is empty. This is because
  'output' constraint has not been specified.


  Q. Names of top-level ports not specified using any of 'input', 'output', 'clock', 'reset'(asynchronous reset), 'set_case_analysis', 'quasi_static' or 'abstract_port' constraints.
  This section is empty. This is because
  some constraints have been specified for ports.


  R. Black-box data-ports specified using 'abstract_port' constraint.
  This section is empty. This is because
  no information is specified using 'abstract_port' constraint for Black-boxes data-ports.


  S. Black-box ports specified using 'assume_path' constraint. 
  This section is empty. This is because
  no information is specified using 'assume_path' constraint for Black-boxes.


  T. Black-box ports specified using 'signal_in_domain' constraint.
  This section is empty. This is because
  no information is specified using 'signal_in_domain' constraint for Black-boxes.


  U. Black-box data-ports not specified using any of 'assume_path', 'signal_in_domain','clock', 'reset', 'set_case_analysis', 'quasi_static' or 'abstract_port' constraints.
  This section is empty. This is because
  either some constraint has been specified for all data-ports of black boxes or there are no blackboxes in the design.


  V. Synchronizer module/cell information specified using 'sync_cell' constraint 
  This section is empty. This is because
  no information is specified using 'sync_cell' constraint.


  W. Reset synchronizers specified using 'reset_synchronizer' constraint  
  This section is empty. This is because
  no information is specified using 'reset_synchronizer' constraint.


  X. Isolation enables specified using UPF format of 'power_data' constraint  
  This section is empty. This is because
  no information is specified using UPF format of 'power_data' constraint.


  Y. Valid signals specified using 'gray_signals' constraint  
  This section is empty. This is because
  no information is specified using valid 'gray_signals' constraint.


  Z. Valid stop points for clock specified using 'clock_sense' constraint  
  This section is empty. This is because
  no information is specified using valid 'clock_sense' constraint.


  AA. Signals specified using 'cdc_filter_coherency' constraint  
  This section is empty. This is because
  no information is specified using valid 'cdc_filter_coherency' constraint.


  BB. Signals specified using 'generated_clock' constraint  
  This section is empty. This is because
  'generated_clock' constraint has not been specified.


  CC. Modules specified using 'meta_module' constraint 
  This section is empty. This is because
  no information is specified using 'meta_module' constraint
 or Ac_meta01 rule is not run.


  DD. Hierarchical instances specified using 'meta_inst' constraint 
  This section is empty. This is because
  no information is specified using 'meta_inst' constraint
 or Ac_meta01 rule is not run.


  EE. Filter out reset crossing specified using 'reset_filter_path' constraint. 
  This section is empty. This is because
  no 'reset_filter_path' constraint has been defined 
  or rule Ar_resetcross01/Ar_sync_group/Reset_sync02 has not been run.


  FF. Mutually exclusive and unrelated signals specified using 'cdc_attribute' constraint. 
  This section is empty. This is because
  no 'cdc_attribute' constraint has been defined.


  GG. Information of cdc_waive constraints. 

  This section is empty. This is because
  no information is specified using 'cdc_waive' constraint


  HH. Values for the options of quasi_static_style constraint 
---------------------------------------------------------------------------------------------------------------------------------------------------
  S. No.        root name           min_seq_fanouts      min_domain_fanouts      check_all_signals      report_full_count            names
---------------------------------------------------------------------------------------------------------------------------------------------------
    1.     SYS_TOP                10                     1                      false                  false                  -
---------------------------------------------------------------------------------------------------------------------------------------------------


  II. Information of check_clock_relation constraints. 
  This section is empty. This is because
  no 'check_clock_relation' constraint has been defined.
