 
****************************************
Report : timing
        -path full
        -delay min
        -max_paths 100
Design : SYS_TOP
Version: O-2018.06-SP1
Date   : Tue Sep 29 01:46:15 2026
****************************************

Operating Conditions: scmetro_tsmc_cl013g_rvt_ff_1p32v_m40c   Library: scmetro_tsmc_cl013g_rvt_ff_1p32v_m40c
Wire Load Model Mode: top

  Startpoint: u_ALU/ALU_OUT_reg[14]
              (rising edge-triggered flip-flop clocked by ALU_CLK)
  Endpoint: u_ALU/ALU_OUT_reg[15]
            (rising edge-triggered flip-flop clocked by ALU_CLK)
  Path Group: ALU_CLK
  Path Type: min

  Des/Clust/Port     Wire Load Model       Library
  ------------------------------------------------
  SYS_TOP            tsmc13_wl30           scmetro_tsmc_cl013g_rvt_ss_1p08v_125c

  Point                                                   Incr       Path
  --------------------------------------------------------------------------
  clock ALU_CLK (rise edge)                               0.00       0.00
  clock network delay (ideal)                             0.00       0.00
  u_ALU/ALU_OUT_reg[14]/CK (SDFFRQX1M)                    0.00       0.00 r
  u_ALU/ALU_OUT_reg[14]/Q (SDFFRQX1M)                     0.86       0.86 r
  u_ALU/ALU_OUT_reg[15]/SI (SDFFRQX1M)                    0.00       0.86 r
  data arrival time                                                  0.86

  clock ALU_CLK (rise edge)                               0.00       0.00
  clock network delay (ideal)                             0.00       0.00
  clock uncertainty                                       0.10       0.10
  u_ALU/ALU_OUT_reg[15]/CK (SDFFRQX1M)                    0.00       0.10 r
  library hold time                                      -0.28      -0.18
  data required time                                                -0.18
  --------------------------------------------------------------------------
  data required time                                                -0.18
  data arrival time                                                 -0.86
  --------------------------------------------------------------------------
  slack (MET)                                                        1.04


  Startpoint: u_ALU/ALU_OUT_reg[13]
              (rising edge-triggered flip-flop clocked by ALU_CLK)
  Endpoint: u_ALU/ALU_OUT_reg[14]
            (rising edge-triggered flip-flop clocked by ALU_CLK)
  Path Group: ALU_CLK
  Path Type: min

  Des/Clust/Port     Wire Load Model       Library
  ------------------------------------------------
  SYS_TOP            tsmc13_wl30           scmetro_tsmc_cl013g_rvt_ss_1p08v_125c

  Point                                                   Incr       Path
  --------------------------------------------------------------------------
  clock ALU_CLK (rise edge)                               0.00       0.00
  clock network delay (ideal)                             0.00       0.00
  u_ALU/ALU_OUT_reg[13]/CK (SDFFRQX1M)                    0.00       0.00 r
  u_ALU/ALU_OUT_reg[13]/Q (SDFFRQX1M)                     0.86       0.86 r
  u_ALU/ALU_OUT_reg[14]/SI (SDFFRQX1M)                    0.00       0.86 r
  data arrival time                                                  0.86

  clock ALU_CLK (rise edge)                               0.00       0.00
  clock network delay (ideal)                             0.00       0.00
  clock uncertainty                                       0.10       0.10
  u_ALU/ALU_OUT_reg[14]/CK (SDFFRQX1M)                    0.00       0.10 r
  library hold time                                      -0.28      -0.18
  data required time                                                -0.18
  --------------------------------------------------------------------------
  data required time                                                -0.18
  data arrival time                                                 -0.86
  --------------------------------------------------------------------------
  slack (MET)                                                        1.04


  Startpoint: u_ALU/ALU_OUT_reg[12]
              (rising edge-triggered flip-flop clocked by ALU_CLK)
  Endpoint: u_ALU/ALU_OUT_reg[13]
            (rising edge-triggered flip-flop clocked by ALU_CLK)
  Path Group: ALU_CLK
  Path Type: min

  Des/Clust/Port     Wire Load Model       Library
  ------------------------------------------------
  SYS_TOP            tsmc13_wl30           scmetro_tsmc_cl013g_rvt_ss_1p08v_125c

  Point                                                   Incr       Path
  --------------------------------------------------------------------------
  clock ALU_CLK (rise edge)                               0.00       0.00
  clock network delay (ideal)                             0.00       0.00
  u_ALU/ALU_OUT_reg[12]/CK (SDFFRQX1M)                    0.00       0.00 r
  u_ALU/ALU_OUT_reg[12]/Q (SDFFRQX1M)                     0.86       0.86 r
  u_ALU/ALU_OUT_reg[13]/SI (SDFFRQX1M)                    0.00       0.86 r
  data arrival time                                                  0.86

  clock ALU_CLK (rise edge)                               0.00       0.00
  clock network delay (ideal)                             0.00       0.00
  clock uncertainty                                       0.10       0.10
  u_ALU/ALU_OUT_reg[13]/CK (SDFFRQX1M)                    0.00       0.10 r
  library hold time                                      -0.28      -0.18
  data required time                                                -0.18
  --------------------------------------------------------------------------
  data required time                                                -0.18
  data arrival time                                                 -0.86
  --------------------------------------------------------------------------
  slack (MET)                                                        1.04


  Startpoint: u_ALU/ALU_OUT_reg[11]
              (rising edge-triggered flip-flop clocked by ALU_CLK)
  Endpoint: u_ALU/ALU_OUT_reg[12]
            (rising edge-triggered flip-flop clocked by ALU_CLK)
  Path Group: ALU_CLK
  Path Type: min

  Des/Clust/Port     Wire Load Model       Library
  ------------------------------------------------
  SYS_TOP            tsmc13_wl30           scmetro_tsmc_cl013g_rvt_ss_1p08v_125c

  Point                                                   Incr       Path
  --------------------------------------------------------------------------
  clock ALU_CLK (rise edge)                               0.00       0.00
  clock network delay (ideal)                             0.00       0.00
  u_ALU/ALU_OUT_reg[11]/CK (SDFFRQX1M)                    0.00       0.00 r
  u_ALU/ALU_OUT_reg[11]/Q (SDFFRQX1M)                     0.86       0.86 r
  u_ALU/ALU_OUT_reg[12]/SI (SDFFRQX1M)                    0.00       0.86 r
  data arrival time                                                  0.86

  clock ALU_CLK (rise edge)                               0.00       0.00
  clock network delay (ideal)                             0.00       0.00
  clock uncertainty                                       0.10       0.10
  u_ALU/ALU_OUT_reg[12]/CK (SDFFRQX1M)                    0.00       0.10 r
  library hold time                                      -0.28      -0.18
  data required time                                                -0.18
  --------------------------------------------------------------------------
  data required time                                                -0.18
  data arrival time                                                 -0.86
  --------------------------------------------------------------------------
  slack (MET)                                                        1.04


  Startpoint: u_ALU/ALU_OUT_reg[10]
              (rising edge-triggered flip-flop clocked by ALU_CLK)
  Endpoint: u_ALU/ALU_OUT_reg[11]
            (rising edge-triggered flip-flop clocked by ALU_CLK)
  Path Group: ALU_CLK
  Path Type: min

  Des/Clust/Port     Wire Load Model       Library
  ------------------------------------------------
  SYS_TOP            tsmc13_wl30           scmetro_tsmc_cl013g_rvt_ss_1p08v_125c

  Point                                                   Incr       Path
  --------------------------------------------------------------------------
  clock ALU_CLK (rise edge)                               0.00       0.00
  clock network delay (ideal)                             0.00       0.00
  u_ALU/ALU_OUT_reg[10]/CK (SDFFRQX1M)                    0.00       0.00 r
  u_ALU/ALU_OUT_reg[10]/Q (SDFFRQX1M)                     0.86       0.86 r
  u_ALU/ALU_OUT_reg[11]/SI (SDFFRQX1M)                    0.00       0.86 r
  data arrival time                                                  0.86

  clock ALU_CLK (rise edge)                               0.00       0.00
  clock network delay (ideal)                             0.00       0.00
  clock uncertainty                                       0.10       0.10
  u_ALU/ALU_OUT_reg[11]/CK (SDFFRQX1M)                    0.00       0.10 r
  library hold time                                      -0.28      -0.18
  data required time                                                -0.18
  --------------------------------------------------------------------------
  data required time                                                -0.18
  data arrival time                                                 -0.86
  --------------------------------------------------------------------------
  slack (MET)                                                        1.04


  Startpoint: u_ALU/ALU_OUT_reg[9]
              (rising edge-triggered flip-flop clocked by ALU_CLK)
  Endpoint: u_ALU/ALU_OUT_reg[10]
            (rising edge-triggered flip-flop clocked by ALU_CLK)
  Path Group: ALU_CLK
  Path Type: min

  Des/Clust/Port     Wire Load Model       Library
  ------------------------------------------------
  SYS_TOP            tsmc13_wl30           scmetro_tsmc_cl013g_rvt_ss_1p08v_125c

  Point                                                   Incr       Path
  --------------------------------------------------------------------------
  clock ALU_CLK (rise edge)                               0.00       0.00
  clock network delay (ideal)                             0.00       0.00
  u_ALU/ALU_OUT_reg[9]/CK (SDFFRQX1M)                     0.00       0.00 r
  u_ALU/ALU_OUT_reg[9]/Q (SDFFRQX1M)                      0.86       0.86 r
  u_ALU/ALU_OUT_reg[10]/SI (SDFFRQX1M)                    0.00       0.86 r
  data arrival time                                                  0.86

  clock ALU_CLK (rise edge)                               0.00       0.00
  clock network delay (ideal)                             0.00       0.00
  clock uncertainty                                       0.10       0.10
  u_ALU/ALU_OUT_reg[10]/CK (SDFFRQX1M)                    0.00       0.10 r
  library hold time                                      -0.28      -0.18
  data required time                                                -0.18
  --------------------------------------------------------------------------
  data required time                                                -0.18
  data arrival time                                                 -0.86
  --------------------------------------------------------------------------
  slack (MET)                                                        1.04


  Startpoint: u_ALU/ALU_OUT_reg[8]
              (rising edge-triggered flip-flop clocked by ALU_CLK)
  Endpoint: u_ALU/ALU_OUT_reg[9]
            (rising edge-triggered flip-flop clocked by ALU_CLK)
  Path Group: ALU_CLK
  Path Type: min

  Des/Clust/Port     Wire Load Model       Library
  ------------------------------------------------
  SYS_TOP            tsmc13_wl30           scmetro_tsmc_cl013g_rvt_ss_1p08v_125c

  Point                                    Incr       Path
  -----------------------------------------------------------
  clock ALU_CLK (rise edge)                0.00       0.00
  clock network delay (ideal)              0.00       0.00
  u_ALU/ALU_OUT_reg[8]/CK (SDFFRQX1M)      0.00       0.00 r
  u_ALU/ALU_OUT_reg[8]/Q (SDFFRQX1M)       0.86       0.86 r
  u_ALU/ALU_OUT_reg[9]/SI (SDFFRQX1M)      0.00       0.86 r
  data arrival time                                   0.86

  clock ALU_CLK (rise edge)                0.00       0.00
  clock network delay (ideal)              0.00       0.00
  clock uncertainty                        0.10       0.10
  u_ALU/ALU_OUT_reg[9]/CK (SDFFRQX1M)      0.00       0.10 r
  library hold time                       -0.28      -0.18
  data required time                                 -0.18
  -----------------------------------------------------------
  data required time                                 -0.18
  data arrival time                                  -0.86
  -----------------------------------------------------------
  slack (MET)                                         1.04


  Startpoint: u_ALU/ALU_OUT_reg[15]
              (rising edge-triggered flip-flop clocked by ALU_CLK)
  Endpoint: u_ALU/Valid_reg
            (rising edge-triggered flip-flop clocked by ALU_CLK)
  Path Group: ALU_CLK
  Path Type: min

  Des/Clust/Port     Wire Load Model       Library
  ------------------------------------------------
  SYS_TOP            tsmc13_wl30           scmetro_tsmc_cl013g_rvt_ss_1p08v_125c

  Point                                                   Incr       Path
  --------------------------------------------------------------------------
  clock ALU_CLK (rise edge)                               0.00       0.00
  clock network delay (ideal)                             0.00       0.00
  u_ALU/ALU_OUT_reg[15]/CK (SDFFRQX1M)                    0.00       0.00 r
  u_ALU/ALU_OUT_reg[15]/Q (SDFFRQX1M)                     0.86       0.86 r
  u_ALU/Valid_reg/SI (SDFFRQX1M)                          0.00       0.86 r
  data arrival time                                                  0.86

  clock ALU_CLK (rise edge)                               0.00       0.00
  clock network delay (ideal)                             0.00       0.00
  clock uncertainty                                       0.10       0.10
  u_ALU/Valid_reg/CK (SDFFRQX1M)                          0.00       0.10 r
  library hold time                                      -0.28      -0.18
  data required time                                                -0.18
  --------------------------------------------------------------------------
  data required time                                                -0.18
  data arrival time                                                 -0.86
  --------------------------------------------------------------------------
  slack (MET)                                                        1.04


  Startpoint: u_ALU/ALU_OUT_reg[7]
              (rising edge-triggered flip-flop clocked by ALU_CLK)
  Endpoint: u_ALU/ALU_OUT_reg[8]
            (rising edge-triggered flip-flop clocked by ALU_CLK)
  Path Group: ALU_CLK
  Path Type: min

  Des/Clust/Port     Wire Load Model       Library
  ------------------------------------------------
  SYS_TOP            tsmc13_wl30           scmetro_tsmc_cl013g_rvt_ss_1p08v_125c

  Point                                    Incr       Path
  -----------------------------------------------------------
  clock ALU_CLK (rise edge)                0.00       0.00
  clock network delay (ideal)              0.00       0.00
  u_ALU/ALU_OUT_reg[7]/CK (SDFFRQX1M)      0.00       0.00 r
  u_ALU/ALU_OUT_reg[7]/Q (SDFFRQX1M)       0.86       0.86 r
  u_ALU/ALU_OUT_reg[8]/SI (SDFFRQX1M)      0.00       0.86 r
  data arrival time                                   0.86

  clock ALU_CLK (rise edge)                0.00       0.00
  clock network delay (ideal)              0.00       0.00
  clock uncertainty                        0.10       0.10
  u_ALU/ALU_OUT_reg[8]/CK (SDFFRQX1M)      0.00       0.10 r
  library hold time                       -0.28      -0.18
  data required time                                 -0.18
  -----------------------------------------------------------
  data required time                                 -0.18
  data arrival time                                  -0.86
  -----------------------------------------------------------
  slack (MET)                                         1.04


  Startpoint: u_ALU/ALU_OUT_reg[6]
              (rising edge-triggered flip-flop clocked by ALU_CLK)
  Endpoint: u_ALU/ALU_OUT_reg[7]
            (rising edge-triggered flip-flop clocked by ALU_CLK)
  Path Group: ALU_CLK
  Path Type: min

  Des/Clust/Port     Wire Load Model       Library
  ------------------------------------------------
  SYS_TOP            tsmc13_wl30           scmetro_tsmc_cl013g_rvt_ss_1p08v_125c

  Point                                    Incr       Path
  -----------------------------------------------------------
  clock ALU_CLK (rise edge)                0.00       0.00
  clock network delay (ideal)              0.00       0.00
  u_ALU/ALU_OUT_reg[6]/CK (SDFFRQX1M)      0.00       0.00 r
  u_ALU/ALU_OUT_reg[6]/Q (SDFFRQX1M)       0.86       0.86 r
  u_ALU/ALU_OUT_reg[7]/SI (SDFFRQX1M)      0.00       0.86 r
  data arrival time                                   0.86

  clock ALU_CLK (rise edge)                0.00       0.00
  clock network delay (ideal)              0.00       0.00
  clock uncertainty                        0.10       0.10
  u_ALU/ALU_OUT_reg[7]/CK (SDFFRQX1M)      0.00       0.10 r
  library hold time                       -0.28      -0.18
  data required time                                 -0.18
  -----------------------------------------------------------
  data required time                                 -0.18
  data arrival time                                  -0.86
  -----------------------------------------------------------
  slack (MET)                                         1.04


  Startpoint: u_ALU/ALU_OUT_reg[5]
              (rising edge-triggered flip-flop clocked by ALU_CLK)
  Endpoint: u_ALU/ALU_OUT_reg[6]
            (rising edge-triggered flip-flop clocked by ALU_CLK)
  Path Group: ALU_CLK
  Path Type: min

  Des/Clust/Port     Wire Load Model       Library
  ------------------------------------------------
  SYS_TOP            tsmc13_wl30           scmetro_tsmc_cl013g_rvt_ss_1p08v_125c

  Point                                    Incr       Path
  -----------------------------------------------------------
  clock ALU_CLK (rise edge)                0.00       0.00
  clock network delay (ideal)              0.00       0.00
  u_ALU/ALU_OUT_reg[5]/CK (SDFFRQX1M)      0.00       0.00 r
  u_ALU/ALU_OUT_reg[5]/Q (SDFFRQX1M)       0.86       0.86 r
  u_ALU/ALU_OUT_reg[6]/SI (SDFFRQX1M)      0.00       0.86 r
  data arrival time                                   0.86

  clock ALU_CLK (rise edge)                0.00       0.00
  clock network delay (ideal)              0.00       0.00
  clock uncertainty                        0.10       0.10
  u_ALU/ALU_OUT_reg[6]/CK (SDFFRQX1M)      0.00       0.10 r
  library hold time                       -0.28      -0.18
  data required time                                 -0.18
  -----------------------------------------------------------
  data required time                                 -0.18
  data arrival time                                  -0.86
  -----------------------------------------------------------
  slack (MET)                                         1.04


  Startpoint: u_ALU/ALU_OUT_reg[4]
              (rising edge-triggered flip-flop clocked by ALU_CLK)
  Endpoint: u_ALU/ALU_OUT_reg[5]
            (rising edge-triggered flip-flop clocked by ALU_CLK)
  Path Group: ALU_CLK
  Path Type: min

  Des/Clust/Port     Wire Load Model       Library
  ------------------------------------------------
  SYS_TOP            tsmc13_wl30           scmetro_tsmc_cl013g_rvt_ss_1p08v_125c

  Point                                    Incr       Path
  -----------------------------------------------------------
  clock ALU_CLK (rise edge)                0.00       0.00
  clock network delay (ideal)              0.00       0.00
  u_ALU/ALU_OUT_reg[4]/CK (SDFFRQX1M)      0.00       0.00 r
  u_ALU/ALU_OUT_reg[4]/Q (SDFFRQX1M)       0.86       0.86 r
  u_ALU/ALU_OUT_reg[5]/SI (SDFFRQX1M)      0.00       0.86 r
  data arrival time                                   0.86

  clock ALU_CLK (rise edge)                0.00       0.00
  clock network delay (ideal)              0.00       0.00
  clock uncertainty                        0.10       0.10
  u_ALU/ALU_OUT_reg[5]/CK (SDFFRQX1M)      0.00       0.10 r
  library hold time                       -0.28      -0.18
  data required time                                 -0.18
  -----------------------------------------------------------
  data required time                                 -0.18
  data arrival time                                  -0.86
  -----------------------------------------------------------
  slack (MET)                                         1.04


  Startpoint: u_ALU/ALU_OUT_reg[3]
              (rising edge-triggered flip-flop clocked by ALU_CLK)
  Endpoint: u_ALU/ALU_OUT_reg[4]
            (rising edge-triggered flip-flop clocked by ALU_CLK)
  Path Group: ALU_CLK
  Path Type: min

  Des/Clust/Port     Wire Load Model       Library
  ------------------------------------------------
  SYS_TOP            tsmc13_wl30           scmetro_tsmc_cl013g_rvt_ss_1p08v_125c

  Point                                    Incr       Path
  -----------------------------------------------------------
  clock ALU_CLK (rise edge)                0.00       0.00
  clock network delay (ideal)              0.00       0.00
  u_ALU/ALU_OUT_reg[3]/CK (SDFFRQX1M)      0.00       0.00 r
  u_ALU/ALU_OUT_reg[3]/Q (SDFFRQX1M)       0.86       0.86 r
  u_ALU/ALU_OUT_reg[4]/SI (SDFFRQX1M)      0.00       0.86 r
  data arrival time                                   0.86

  clock ALU_CLK (rise edge)                0.00       0.00
  clock network delay (ideal)              0.00       0.00
  clock uncertainty                        0.10       0.10
  u_ALU/ALU_OUT_reg[4]/CK (SDFFRQX1M)      0.00       0.10 r
  library hold time                       -0.28      -0.18
  data required time                                 -0.18
  -----------------------------------------------------------
  data required time                                 -0.18
  data arrival time                                  -0.86
  -----------------------------------------------------------
  slack (MET)                                         1.04


  Startpoint: u_ALU/ALU_OUT_reg[2]
              (rising edge-triggered flip-flop clocked by ALU_CLK)
  Endpoint: u_ALU/ALU_OUT_reg[3]
            (rising edge-triggered flip-flop clocked by ALU_CLK)
  Path Group: ALU_CLK
  Path Type: min

  Des/Clust/Port     Wire Load Model       Library
  ------------------------------------------------
  SYS_TOP            tsmc13_wl30           scmetro_tsmc_cl013g_rvt_ss_1p08v_125c

  Point                                    Incr       Path
  -----------------------------------------------------------
  clock ALU_CLK (rise edge)                0.00       0.00
  clock network delay (ideal)              0.00       0.00
  u_ALU/ALU_OUT_reg[2]/CK (SDFFRQX1M)      0.00       0.00 r
  u_ALU/ALU_OUT_reg[2]/Q (SDFFRQX1M)       0.86       0.86 r
  u_ALU/ALU_OUT_reg[3]/SI (SDFFRQX1M)      0.00       0.86 r
  data arrival time                                   0.86

  clock ALU_CLK (rise edge)                0.00       0.00
  clock network delay (ideal)              0.00       0.00
  clock uncertainty                        0.10       0.10
  u_ALU/ALU_OUT_reg[3]/CK (SDFFRQX1M)      0.00       0.10 r
  library hold time                       -0.28      -0.18
  data required time                                 -0.18
  -----------------------------------------------------------
  data required time                                 -0.18
  data arrival time                                  -0.86
  -----------------------------------------------------------
  slack (MET)                                         1.04


  Startpoint: u_ALU/ALU_OUT_reg[1]
              (rising edge-triggered flip-flop clocked by ALU_CLK)
  Endpoint: u_ALU/ALU_OUT_reg[2]
            (rising edge-triggered flip-flop clocked by ALU_CLK)
  Path Group: ALU_CLK
  Path Type: min

  Des/Clust/Port     Wire Load Model       Library
  ------------------------------------------------
  SYS_TOP            tsmc13_wl30           scmetro_tsmc_cl013g_rvt_ss_1p08v_125c

  Point                                    Incr       Path
  -----------------------------------------------------------
  clock ALU_CLK (rise edge)                0.00       0.00
  clock network delay (ideal)              0.00       0.00
  u_ALU/ALU_OUT_reg[1]/CK (SDFFRQX1M)      0.00       0.00 r
  u_ALU/ALU_OUT_reg[1]/Q (SDFFRQX1M)       0.86       0.86 r
  u_ALU/ALU_OUT_reg[2]/SI (SDFFRQX1M)      0.00       0.86 r
  data arrival time                                   0.86

  clock ALU_CLK (rise edge)                0.00       0.00
  clock network delay (ideal)              0.00       0.00
  clock uncertainty                        0.10       0.10
  u_ALU/ALU_OUT_reg[2]/CK (SDFFRQX1M)      0.00       0.10 r
  library hold time                       -0.28      -0.18
  data required time                                 -0.18
  -----------------------------------------------------------
  data required time                                 -0.18
  data arrival time                                  -0.86
  -----------------------------------------------------------
  slack (MET)                                         1.04


  Startpoint: u_ALU/ALU_OUT_reg[0]
              (rising edge-triggered flip-flop clocked by ALU_CLK)
  Endpoint: u_ALU/ALU_OUT_reg[1]
            (rising edge-triggered flip-flop clocked by ALU_CLK)
  Path Group: ALU_CLK
  Path Type: min

  Des/Clust/Port     Wire Load Model       Library
  ------------------------------------------------
  SYS_TOP            tsmc13_wl30           scmetro_tsmc_cl013g_rvt_ss_1p08v_125c

  Point                                    Incr       Path
  -----------------------------------------------------------
  clock ALU_CLK (rise edge)                0.00       0.00
  clock network delay (ideal)              0.00       0.00
  u_ALU/ALU_OUT_reg[0]/CK (SDFFRQX1M)      0.00       0.00 r
  u_ALU/ALU_OUT_reg[0]/Q (SDFFRQX1M)       0.86       0.86 r
  u_ALU/ALU_OUT_reg[1]/SI (SDFFRQX1M)      0.00       0.86 r
  data arrival time                                   0.86

  clock ALU_CLK (rise edge)                0.00       0.00
  clock network delay (ideal)              0.00       0.00
  clock uncertainty                        0.10       0.10
  u_ALU/ALU_OUT_reg[1]/CK (SDFFRQX1M)      0.00       0.10 r
  library hold time                       -0.28      -0.18
  data required time                                 -0.18
  -----------------------------------------------------------
  data required time                                 -0.18
  data arrival time                                  -0.86
  -----------------------------------------------------------
  slack (MET)                                         1.04


  Startpoint: u_UART_TX/Ser/shift_reg_reg[0]
              (rising edge-triggered flip-flop clocked by SCAN_CLK)
  Endpoint: u_UART_TX/Ser/shift_reg_reg[1]
            (rising edge-triggered flip-flop clocked by SCAN_CLK)
  Path Group: SCAN_CLK
  Path Type: min

  Des/Clust/Port     Wire Load Model       Library
  ------------------------------------------------
  SYS_TOP            tsmc13_wl30           scmetro_tsmc_cl013g_rvt_ss_1p08v_125c

  Point                                                   Incr       Path
  --------------------------------------------------------------------------
  clock SCAN_CLK (rise edge)                              0.00       0.00
  clock network delay (ideal)                             0.00       0.00
  u_UART_TX/Ser/shift_reg_reg[0]/CK (SDFFRX1M)            0.00       0.00 r
  u_UART_TX/Ser/shift_reg_reg[0]/Q (SDFFRX1M)             0.64       0.64 r
  u_UART_TX/Ser/shift_reg_reg[1]/SI (SDFFRQX2M)           0.00       0.64 r
  data arrival time                                                  0.64

  clock SCAN_CLK (rise edge)                              0.00       0.00
  clock network delay (ideal)                             0.00       0.00
  clock uncertainty                                       0.10       0.10
  u_UART_TX/Ser/shift_reg_reg[1]/CK (SDFFRQX2M)           0.00       0.10 r
  library hold time                                      -0.23      -0.13
  data required time                                                -0.13
  --------------------------------------------------------------------------
  data required time                                                -0.13
  data arrival time                                                 -0.64
  --------------------------------------------------------------------------
  slack (MET)                                                        0.77


  Startpoint: u_SYS_CTRL/addr_reg_reg[3]
              (rising edge-triggered flip-flop clocked by SCAN_CLK)
  Endpoint: u_SYS_CTRL/alu_fun_reg_reg[0]
            (rising edge-triggered flip-flop clocked by SCAN_CLK)
  Path Group: SCAN_CLK
  Path Type: min

  Des/Clust/Port     Wire Load Model       Library
  ------------------------------------------------
  SYS_TOP            tsmc13_wl30           scmetro_tsmc_cl013g_rvt_ss_1p08v_125c

  Point                                                   Incr       Path
  --------------------------------------------------------------------------
  clock SCAN_CLK (rise edge)                              0.00       0.00
  clock network delay (ideal)                             0.00       0.00
  u_SYS_CTRL/addr_reg_reg[3]/CK (SDFFRX1M)                0.00       0.00 r
  u_SYS_CTRL/addr_reg_reg[3]/Q (SDFFRX1M)                 0.64       0.64 r
  u_SYS_CTRL/alu_fun_reg_reg[0]/SI (SDFFRQX2M)            0.00       0.64 r
  data arrival time                                                  0.64

  clock SCAN_CLK (rise edge)                              0.00       0.00
  clock network delay (ideal)                             0.00       0.00
  clock uncertainty                                       0.10       0.10
  u_SYS_CTRL/alu_fun_reg_reg[0]/CK (SDFFRQX2M)            0.00       0.10 r
  library hold time                                      -0.23      -0.13
  data required time                                                -0.13
  --------------------------------------------------------------------------
  data required time                                                -0.13
  data arrival time                                                 -0.64
  --------------------------------------------------------------------------
  slack (MET)                                                        0.77


  Startpoint: u_SYS_CTRL/addr_reg_reg[0]
              (rising edge-triggered flip-flop clocked by SCAN_CLK)
  Endpoint: u_SYS_CTRL/addr_reg_reg[1]
            (rising edge-triggered flip-flop clocked by SCAN_CLK)
  Path Group: SCAN_CLK
  Path Type: min

  Des/Clust/Port     Wire Load Model       Library
  ------------------------------------------------
  SYS_TOP            tsmc13_wl30           scmetro_tsmc_cl013g_rvt_ss_1p08v_125c

  Point                                                   Incr       Path
  --------------------------------------------------------------------------
  clock SCAN_CLK (rise edge)                              0.00       0.00
  clock network delay (ideal)                             0.00       0.00
  u_SYS_CTRL/addr_reg_reg[0]/CK (SDFFRX1M)                0.00       0.00 r
  u_SYS_CTRL/addr_reg_reg[0]/Q (SDFFRX1M)                 0.64       0.64 r
  u_SYS_CTRL/addr_reg_reg[1]/SI (SDFFRX1M)                0.00       0.64 r
  data arrival time                                                  0.64

  clock SCAN_CLK (rise edge)                              0.00       0.00
  clock network delay (ideal)                             0.00       0.00
  clock uncertainty                                       0.10       0.10
  u_SYS_CTRL/addr_reg_reg[1]/CK (SDFFRX1M)                0.00       0.10 r
  library hold time                                      -0.25      -0.15
  data required time                                                -0.15
  --------------------------------------------------------------------------
  data required time                                                -0.15
  data arrival time                                                 -0.64
  --------------------------------------------------------------------------
  slack (MET)                                                        0.79


  Startpoint: u_SYS_CTRL/addr_reg_reg[2]
              (rising edge-triggered flip-flop clocked by SCAN_CLK)
  Endpoint: u_SYS_CTRL/addr_reg_reg[3]
            (rising edge-triggered flip-flop clocked by SCAN_CLK)
  Path Group: SCAN_CLK
  Path Type: min

  Des/Clust/Port     Wire Load Model       Library
  ------------------------------------------------
  SYS_TOP            tsmc13_wl30           scmetro_tsmc_cl013g_rvt_ss_1p08v_125c

  Point                                                   Incr       Path
  --------------------------------------------------------------------------
  clock SCAN_CLK (rise edge)                              0.00       0.00
  clock network delay (ideal)                             0.00       0.00
  u_SYS_CTRL/addr_reg_reg[2]/CK (SDFFRX1M)                0.00       0.00 r
  u_SYS_CTRL/addr_reg_reg[2]/Q (SDFFRX1M)                 0.64       0.64 r
  u_SYS_CTRL/addr_reg_reg[3]/SI (SDFFRX1M)                0.00       0.64 r
  data arrival time                                                  0.64

  clock SCAN_CLK (rise edge)                              0.00       0.00
  clock network delay (ideal)                             0.00       0.00
  clock uncertainty                                       0.10       0.10
  u_SYS_CTRL/addr_reg_reg[3]/CK (SDFFRX1M)                0.00       0.10 r
  library hold time                                      -0.25      -0.15
  data required time                                                -0.15
  --------------------------------------------------------------------------
  data required time                                                -0.15
  data arrival time                                                 -0.64
  --------------------------------------------------------------------------
  slack (MET)                                                        0.79


  Startpoint: u_SYS_CTRL/addr_reg_reg[1]
              (rising edge-triggered flip-flop clocked by SCAN_CLK)
  Endpoint: u_SYS_CTRL/addr_reg_reg[2]
            (rising edge-triggered flip-flop clocked by SCAN_CLK)
  Path Group: SCAN_CLK
  Path Type: min

  Des/Clust/Port     Wire Load Model       Library
  ------------------------------------------------
  SYS_TOP            tsmc13_wl30           scmetro_tsmc_cl013g_rvt_ss_1p08v_125c

  Point                                                   Incr       Path
  --------------------------------------------------------------------------
  clock SCAN_CLK (rise edge)                              0.00       0.00
  clock network delay (ideal)                             0.00       0.00
  u_SYS_CTRL/addr_reg_reg[1]/CK (SDFFRX1M)                0.00       0.00 r
  u_SYS_CTRL/addr_reg_reg[1]/Q (SDFFRX1M)                 0.64       0.64 r
  u_SYS_CTRL/addr_reg_reg[2]/SI (SDFFRX1M)                0.00       0.64 r
  data arrival time                                                  0.64

  clock SCAN_CLK (rise edge)                              0.00       0.00
  clock network delay (ideal)                             0.00       0.00
  clock uncertainty                                       0.10       0.10
  u_SYS_CTRL/addr_reg_reg[2]/CK (SDFFRX1M)                0.00       0.10 r
  library hold time                                      -0.25      -0.15
  data required time                                                -0.15
  --------------------------------------------------------------------------
  data required time                                                -0.15
  data arrival time                                                 -0.64
  --------------------------------------------------------------------------
  slack (MET)                                                        0.79


  Startpoint: u_RST_SYNC_1/shift_reg_reg[0]
              (rising edge-triggered flip-flop clocked by SCAN_CLK)
  Endpoint: u_RST_SYNC_1/shift_reg_reg[1]
            (rising edge-triggered flip-flop clocked by SCAN_CLK)
  Path Group: SCAN_CLK
  Path Type: min

  Des/Clust/Port     Wire Load Model       Library
  ------------------------------------------------
  SYS_TOP            tsmc13_wl30           scmetro_tsmc_cl013g_rvt_ss_1p08v_125c

  Point                                                   Incr       Path
  --------------------------------------------------------------------------
  clock SCAN_CLK (rise edge)                              0.00       0.00
  clock network delay (ideal)                             0.00       0.00
  u_RST_SYNC_1/shift_reg_reg[0]/CK (SDFFRQX2M)            0.00       0.00 r
  u_RST_SYNC_1/shift_reg_reg[0]/Q (SDFFRQX2M)             0.63       0.63 f
  u_RST_SYNC_1/shift_reg_reg[1]/D (SDFFRQX2M)             0.00       0.63 f
  data arrival time                                                  0.63

  clock SCAN_CLK (rise edge)                              0.00       0.00
  clock network delay (ideal)                             0.00       0.00
  clock uncertainty                                       0.10       0.10
  u_RST_SYNC_1/shift_reg_reg[1]/CK (SDFFRQX2M)            0.00       0.10 r
  library hold time                                      -0.27      -0.17
  data required time                                                -0.17
  --------------------------------------------------------------------------
  data required time                                                -0.17
  data arrival time                                                 -0.63
  --------------------------------------------------------------------------
  slack (MET)                                                        0.80


  Startpoint: u_ASYNC_FIFO/sync_wreset/shift_reg_reg[0]
              (rising edge-triggered flip-flop clocked by SCAN_CLK)
  Endpoint: u_ASYNC_FIFO/sync_wreset/shift_reg_reg[1]
            (rising edge-triggered flip-flop clocked by SCAN_CLK)
  Path Group: SCAN_CLK
  Path Type: min

  Des/Clust/Port     Wire Load Model       Library
  ------------------------------------------------
  SYS_TOP            tsmc13_wl30           scmetro_tsmc_cl013g_rvt_ss_1p08v_125c

  Point                                                   Incr       Path
  --------------------------------------------------------------------------
  clock SCAN_CLK (rise edge)                              0.00       0.00
  clock network delay (ideal)                             0.00       0.00
  u_ASYNC_FIFO/sync_wreset/shift_reg_reg[0]/CK (SDFFRQX2M)
                                                          0.00       0.00 r
  u_ASYNC_FIFO/sync_wreset/shift_reg_reg[0]/Q (SDFFRQX2M)
                                                          0.63       0.63 f
  u_ASYNC_FIFO/sync_wreset/shift_reg_reg[1]/D (SDFFRQX2M)
                                                          0.00       0.63 f
  data arrival time                                                  0.63

  clock SCAN_CLK (rise edge)                              0.00       0.00
  clock network delay (ideal)                             0.00       0.00
  clock uncertainty                                       0.10       0.10
  u_ASYNC_FIFO/sync_wreset/shift_reg_reg[1]/CK (SDFFRQX2M)
                                                          0.00       0.10 r
  library hold time                                      -0.27      -0.17
  data required time                                                -0.17
  --------------------------------------------------------------------------
  data required time                                                -0.17
  data arrival time                                                 -0.63
  --------------------------------------------------------------------------
  slack (MET)                                                        0.80


  Startpoint: u_ASYNC_FIFO/sync_rreset/shift_reg_reg[0]
              (rising edge-triggered flip-flop clocked by SCAN_CLK)
  Endpoint: u_ASYNC_FIFO/sync_rreset/shift_reg_reg[1]
            (rising edge-triggered flip-flop clocked by SCAN_CLK)
  Path Group: SCAN_CLK
  Path Type: min

  Des/Clust/Port     Wire Load Model       Library
  ------------------------------------------------
  SYS_TOP            tsmc13_wl30           scmetro_tsmc_cl013g_rvt_ss_1p08v_125c

  Point                                                   Incr       Path
  --------------------------------------------------------------------------
  clock SCAN_CLK (rise edge)                              0.00       0.00
  clock network delay (ideal)                             0.00       0.00
  u_ASYNC_FIFO/sync_rreset/shift_reg_reg[0]/CK (SDFFRQX2M)
                                                          0.00       0.00 r
  u_ASYNC_FIFO/sync_rreset/shift_reg_reg[0]/Q (SDFFRQX2M)
                                                          0.63       0.63 f
  u_ASYNC_FIFO/sync_rreset/shift_reg_reg[1]/D (SDFFRQX2M)
                                                          0.00       0.63 f
  data arrival time                                                  0.63

  clock SCAN_CLK (rise edge)                              0.00       0.00
  clock network delay (ideal)                             0.00       0.00
  clock uncertainty                                       0.10       0.10
  u_ASYNC_FIFO/sync_rreset/shift_reg_reg[1]/CK (SDFFRQX2M)
                                                          0.00       0.10 r
  library hold time                                      -0.27      -0.17
  data required time                                                -0.17
  --------------------------------------------------------------------------
  data required time                                                -0.17
  data arrival time                                                 -0.63
  --------------------------------------------------------------------------
  slack (MET)                                                        0.80


  Startpoint: u_ASYNC_FIFO/sync_r2w/shift_reg_reg[2][0]
              (rising edge-triggered flip-flop clocked by SCAN_CLK)
  Endpoint: u_ASYNC_FIFO/sync_r2w/shift_reg_reg[2][1]
            (rising edge-triggered flip-flop clocked by SCAN_CLK)
  Path Group: SCAN_CLK
  Path Type: min

  Des/Clust/Port     Wire Load Model       Library
  ------------------------------------------------
  SYS_TOP            tsmc13_wl30           scmetro_tsmc_cl013g_rvt_ss_1p08v_125c

  Point                                                   Incr       Path
  --------------------------------------------------------------------------
  clock SCAN_CLK (rise edge)                              0.00       0.00
  clock network delay (ideal)                             0.00       0.00
  u_ASYNC_FIFO/sync_r2w/shift_reg_reg[2][0]/CK (SDFFRQX2M)
                                                          0.00       0.00 r
  u_ASYNC_FIFO/sync_r2w/shift_reg_reg[2][0]/Q (SDFFRQX2M)
                                                          0.63       0.63 f
  u_ASYNC_FIFO/sync_r2w/shift_reg_reg[2][1]/D (SDFFRQX2M)
                                                          0.00       0.63 f
  data arrival time                                                  0.63

  clock SCAN_CLK (rise edge)                              0.00       0.00
  clock network delay (ideal)                             0.00       0.00
  clock uncertainty                                       0.10       0.10
  u_ASYNC_FIFO/sync_r2w/shift_reg_reg[2][1]/CK (SDFFRQX2M)
                                                          0.00       0.10 r
  library hold time                                      -0.27      -0.17
  data required time                                                -0.17
  --------------------------------------------------------------------------
  data required time                                                -0.17
  data arrival time                                                 -0.63
  --------------------------------------------------------------------------
  slack (MET)                                                        0.80


  Startpoint: u_ASYNC_FIFO/sync_r2w/shift_reg_reg[0][0]
              (rising edge-triggered flip-flop clocked by SCAN_CLK)
  Endpoint: u_ASYNC_FIFO/sync_r2w/shift_reg_reg[0][1]
            (rising edge-triggered flip-flop clocked by SCAN_CLK)
  Path Group: SCAN_CLK
  Path Type: min

  Des/Clust/Port     Wire Load Model       Library
  ------------------------------------------------
  SYS_TOP            tsmc13_wl30           scmetro_tsmc_cl013g_rvt_ss_1p08v_125c

  Point                                                   Incr       Path
  --------------------------------------------------------------------------
  clock SCAN_CLK (rise edge)                              0.00       0.00
  clock network delay (ideal)                             0.00       0.00
  u_ASYNC_FIFO/sync_r2w/shift_reg_reg[0][0]/CK (SDFFRQX2M)
                                                          0.00       0.00 r
  u_ASYNC_FIFO/sync_r2w/shift_reg_reg[0][0]/Q (SDFFRQX2M)
                                                          0.63       0.63 f
  u_ASYNC_FIFO/sync_r2w/shift_reg_reg[0][1]/D (SDFFRQX2M)
                                                          0.00       0.63 f
  data arrival time                                                  0.63

  clock SCAN_CLK (rise edge)                              0.00       0.00
  clock network delay (ideal)                             0.00       0.00
  clock uncertainty                                       0.10       0.10
  u_ASYNC_FIFO/sync_r2w/shift_reg_reg[0][1]/CK (SDFFRQX2M)
                                                          0.00       0.10 r
  library hold time                                      -0.27      -0.17
  data required time                                                -0.17
  --------------------------------------------------------------------------
  data required time                                                -0.17
  data arrival time                                                 -0.63
  --------------------------------------------------------------------------
  slack (MET)                                                        0.80


  Startpoint: u_ASYNC_FIFO/sync_r2w/shift_reg_reg[1][0]
              (rising edge-triggered flip-flop clocked by SCAN_CLK)
  Endpoint: u_ASYNC_FIFO/sync_r2w/shift_reg_reg[1][1]
            (rising edge-triggered flip-flop clocked by SCAN_CLK)
  Path Group: SCAN_CLK
  Path Type: min

  Des/Clust/Port     Wire Load Model       Library
  ------------------------------------------------
  SYS_TOP            tsmc13_wl30           scmetro_tsmc_cl013g_rvt_ss_1p08v_125c

  Point                                                   Incr       Path
  --------------------------------------------------------------------------
  clock SCAN_CLK (rise edge)                              0.00       0.00
  clock network delay (ideal)                             0.00       0.00
  u_ASYNC_FIFO/sync_r2w/shift_reg_reg[1][0]/CK (SDFFRQX2M)
                                                          0.00       0.00 r
  u_ASYNC_FIFO/sync_r2w/shift_reg_reg[1][0]/Q (SDFFRQX2M)
                                                          0.63       0.63 f
  u_ASYNC_FIFO/sync_r2w/shift_reg_reg[1][1]/D (SDFFRQX2M)
                                                          0.00       0.63 f
  data arrival time                                                  0.63

  clock SCAN_CLK (rise edge)                              0.00       0.00
  clock network delay (ideal)                             0.00       0.00
  clock uncertainty                                       0.10       0.10
  u_ASYNC_FIFO/sync_r2w/shift_reg_reg[1][1]/CK (SDFFRQX2M)
                                                          0.00       0.10 r
  library hold time                                      -0.27      -0.17
  data required time                                                -0.17
  --------------------------------------------------------------------------
  data required time                                                -0.17
  data arrival time                                                 -0.63
  --------------------------------------------------------------------------
  slack (MET)                                                        0.80


  Startpoint: u_ASYNC_FIFO/sync_r2w/shift_reg_reg[3][0]
              (rising edge-triggered flip-flop clocked by SCAN_CLK)
  Endpoint: u_ASYNC_FIFO/sync_r2w/shift_reg_reg[3][1]
            (rising edge-triggered flip-flop clocked by SCAN_CLK)
  Path Group: SCAN_CLK
  Path Type: min

  Des/Clust/Port     Wire Load Model       Library
  ------------------------------------------------
  SYS_TOP            tsmc13_wl30           scmetro_tsmc_cl013g_rvt_ss_1p08v_125c

  Point                                                   Incr       Path
  --------------------------------------------------------------------------
  clock SCAN_CLK (rise edge)                              0.00       0.00
  clock network delay (ideal)                             0.00       0.00
  u_ASYNC_FIFO/sync_r2w/shift_reg_reg[3][0]/CK (SDFFRQX2M)
                                                          0.00       0.00 r
  u_ASYNC_FIFO/sync_r2w/shift_reg_reg[3][0]/Q (SDFFRQX2M)
                                                          0.63       0.63 f
  u_ASYNC_FIFO/sync_r2w/shift_reg_reg[3][1]/D (SDFFRQX2M)
                                                          0.00       0.63 f
  data arrival time                                                  0.63

  clock SCAN_CLK (rise edge)                              0.00       0.00
  clock network delay (ideal)                             0.00       0.00
  clock uncertainty                                       0.10       0.10
  u_ASYNC_FIFO/sync_r2w/shift_reg_reg[3][1]/CK (SDFFRQX2M)
                                                          0.00       0.10 r
  library hold time                                      -0.27      -0.17
  data required time                                                -0.17
  --------------------------------------------------------------------------
  data required time                                                -0.17
  data arrival time                                                 -0.63
  --------------------------------------------------------------------------
  slack (MET)                                                        0.80


  Startpoint: u_ASYNC_FIFO/wptr_gray_reg[1]
              (rising edge-triggered flip-flop clocked by SCAN_CLK)
  Endpoint: u_ASYNC_FIFO/sync_w2r/shift_reg_reg[1][0]
            (rising edge-triggered flip-flop clocked by SCAN_CLK)
  Path Group: SCAN_CLK
  Path Type: min

  Des/Clust/Port     Wire Load Model       Library
  ------------------------------------------------
  SYS_TOP            tsmc13_wl30           scmetro_tsmc_cl013g_rvt_ss_1p08v_125c

  Point                                                   Incr       Path
  --------------------------------------------------------------------------
  clock SCAN_CLK (rise edge)                              0.00       0.00
  clock network delay (ideal)                             0.00       0.00
  u_ASYNC_FIFO/wptr_gray_reg[1]/CK (SDFFRQX2M)            0.00       0.00 r
  u_ASYNC_FIFO/wptr_gray_reg[1]/Q (SDFFRQX2M)             0.63       0.63 f
  u_ASYNC_FIFO/sync_w2r/DATA_IN[1] (DFFS_STAGES2_DATA_WIDTH4_test_1)
                                                          0.00       0.63 f
  u_ASYNC_FIFO/sync_w2r/shift_reg_reg[1][0]/D (SDFFRQX2M)
                                                          0.00       0.63 f
  data arrival time                                                  0.63

  clock SCAN_CLK (rise edge)                              0.00       0.00
  clock network delay (ideal)                             0.00       0.00
  clock uncertainty                                       0.10       0.10
  u_ASYNC_FIFO/sync_w2r/shift_reg_reg[1][0]/CK (SDFFRQX2M)
                                                          0.00       0.10 r
  library hold time                                      -0.27      -0.17
  data required time                                                -0.17
  --------------------------------------------------------------------------
  data required time                                                -0.17
  data arrival time                                                 -0.63
  --------------------------------------------------------------------------
  slack (MET)                                                        0.80


  Startpoint: u_ASYNC_FIFO/wptr_gray_reg[0]
              (rising edge-triggered flip-flop clocked by SCAN_CLK)
  Endpoint: u_ASYNC_FIFO/sync_w2r/shift_reg_reg[0][0]
            (rising edge-triggered flip-flop clocked by SCAN_CLK)
  Path Group: SCAN_CLK
  Path Type: min

  Des/Clust/Port     Wire Load Model       Library
  ------------------------------------------------
  SYS_TOP            tsmc13_wl30           scmetro_tsmc_cl013g_rvt_ss_1p08v_125c

  Point                                                   Incr       Path
  --------------------------------------------------------------------------
  clock SCAN_CLK (rise edge)                              0.00       0.00
  clock network delay (ideal)                             0.00       0.00
  u_ASYNC_FIFO/wptr_gray_reg[0]/CK (SDFFRQX2M)            0.00       0.00 r
  u_ASYNC_FIFO/wptr_gray_reg[0]/Q (SDFFRQX2M)             0.63       0.63 f
  u_ASYNC_FIFO/sync_w2r/DATA_IN[0] (DFFS_STAGES2_DATA_WIDTH4_test_1)
                                                          0.00       0.63 f
  u_ASYNC_FIFO/sync_w2r/shift_reg_reg[0][0]/D (SDFFRQX2M)
                                                          0.00       0.63 f
  data arrival time                                                  0.63

  clock SCAN_CLK (rise edge)                              0.00       0.00
  clock network delay (ideal)                             0.00       0.00
  clock uncertainty                                       0.10       0.10
  u_ASYNC_FIFO/sync_w2r/shift_reg_reg[0][0]/CK (SDFFRQX2M)
                                                          0.00       0.10 r
  library hold time                                      -0.27      -0.17
  data required time                                                -0.17
  --------------------------------------------------------------------------
  data required time                                                -0.17
  data arrival time                                                 -0.63
  --------------------------------------------------------------------------
  slack (MET)                                                        0.80


  Startpoint: u_DATA_SYNC/shift_reg_reg[0]
              (rising edge-triggered flip-flop clocked by SCAN_CLK)
  Endpoint: u_DATA_SYNC/shift_reg_reg[1]
            (rising edge-triggered flip-flop clocked by SCAN_CLK)
  Path Group: SCAN_CLK
  Path Type: min

  Des/Clust/Port     Wire Load Model       Library
  ------------------------------------------------
  SYS_TOP            tsmc13_wl30           scmetro_tsmc_cl013g_rvt_ss_1p08v_125c

  Point                                                   Incr       Path
  --------------------------------------------------------------------------
  clock SCAN_CLK (rise edge)                              0.00       0.00
  clock network delay (ideal)                             0.00       0.00
  u_DATA_SYNC/shift_reg_reg[0]/CK (SDFFRQX2M)             0.00       0.00 r
  u_DATA_SYNC/shift_reg_reg[0]/Q (SDFFRQX2M)              0.63       0.63 f
  u_DATA_SYNC/shift_reg_reg[1]/D (SDFFRQX2M)              0.00       0.63 f
  data arrival time                                                  0.63

  clock SCAN_CLK (rise edge)                              0.00       0.00
  clock network delay (ideal)                             0.00       0.00
  clock uncertainty                                       0.10       0.10
  u_DATA_SYNC/shift_reg_reg[1]/CK (SDFFRQX2M)             0.00       0.10 r
  library hold time                                      -0.27      -0.17
  data required time                                                -0.17
  --------------------------------------------------------------------------
  data required time                                                -0.17
  data arrival time                                                 -0.63
  --------------------------------------------------------------------------
  slack (MET)                                                        0.80


  Startpoint: u_ASYNC_FIFO/wptr_gray_reg[3]
              (rising edge-triggered flip-flop clocked by SCAN_CLK)
  Endpoint: u_ASYNC_FIFO/sync_w2r/shift_reg_reg[3][0]
            (rising edge-triggered flip-flop clocked by SCAN_CLK)
  Path Group: SCAN_CLK
  Path Type: min

  Des/Clust/Port     Wire Load Model       Library
  ------------------------------------------------
  SYS_TOP            tsmc13_wl30           scmetro_tsmc_cl013g_rvt_ss_1p08v_125c

  Point                                                   Incr       Path
  --------------------------------------------------------------------------
  clock SCAN_CLK (rise edge)                              0.00       0.00
  clock network delay (ideal)                             0.00       0.00
  u_ASYNC_FIFO/wptr_gray_reg[3]/CK (SDFFRQX2M)            0.00       0.00 r
  u_ASYNC_FIFO/wptr_gray_reg[3]/Q (SDFFRQX2M)             0.63       0.63 f
  u_ASYNC_FIFO/sync_w2r/DATA_IN[3] (DFFS_STAGES2_DATA_WIDTH4_test_1)
                                                          0.00       0.63 f
  u_ASYNC_FIFO/sync_w2r/shift_reg_reg[3][0]/D (SDFFRQX1M)
                                                          0.00       0.63 f
  data arrival time                                                  0.63

  clock SCAN_CLK (rise edge)                              0.00       0.00
  clock network delay (ideal)                             0.00       0.00
  clock uncertainty                                       0.10       0.10
  u_ASYNC_FIFO/sync_w2r/shift_reg_reg[3][0]/CK (SDFFRQX1M)
                                                          0.00       0.10 r
  library hold time                                      -0.27      -0.17
  data required time                                                -0.17
  --------------------------------------------------------------------------
  data required time                                                -0.17
  data arrival time                                                 -0.63
  --------------------------------------------------------------------------
  slack (MET)                                                        0.80


  Startpoint: u_ASYNC_FIFO/sync_w2r/shift_reg_reg[1][0]
              (rising edge-triggered flip-flop clocked by SCAN_CLK)
  Endpoint: u_ASYNC_FIFO/sync_w2r/shift_reg_reg[1][1]
            (rising edge-triggered flip-flop clocked by SCAN_CLK)
  Path Group: SCAN_CLK
  Path Type: min

  Des/Clust/Port     Wire Load Model       Library
  ------------------------------------------------
  SYS_TOP            tsmc13_wl30           scmetro_tsmc_cl013g_rvt_ss_1p08v_125c

  Point                                                   Incr       Path
  --------------------------------------------------------------------------
  clock SCAN_CLK (rise edge)                              0.00       0.00
  clock network delay (ideal)                             0.00       0.00
  u_ASYNC_FIFO/sync_w2r/shift_reg_reg[1][0]/CK (SDFFRQX2M)
                                                          0.00       0.00 r
  u_ASYNC_FIFO/sync_w2r/shift_reg_reg[1][0]/Q (SDFFRQX2M)
                                                          0.63       0.63 f
  u_ASYNC_FIFO/sync_w2r/shift_reg_reg[1][1]/D (SDFFRQX1M)
                                                          0.00       0.63 f
  data arrival time                                                  0.63

  clock SCAN_CLK (rise edge)                              0.00       0.00
  clock network delay (ideal)                             0.00       0.00
  clock uncertainty                                       0.10       0.10
  u_ASYNC_FIFO/sync_w2r/shift_reg_reg[1][1]/CK (SDFFRQX1M)
                                                          0.00       0.10 r
  library hold time                                      -0.27      -0.17
  data required time                                                -0.17
  --------------------------------------------------------------------------
  data required time                                                -0.17
  data arrival time                                                 -0.63
  --------------------------------------------------------------------------
  slack (MET)                                                        0.80


  Startpoint: u_ASYNC_FIFO/sync_w2r/shift_reg_reg[0][0]
              (rising edge-triggered flip-flop clocked by SCAN_CLK)
  Endpoint: u_ASYNC_FIFO/sync_w2r/shift_reg_reg[0][1]
            (rising edge-triggered flip-flop clocked by SCAN_CLK)
  Path Group: SCAN_CLK
  Path Type: min

  Des/Clust/Port     Wire Load Model       Library
  ------------------------------------------------
  SYS_TOP            tsmc13_wl30           scmetro_tsmc_cl013g_rvt_ss_1p08v_125c

  Point                                                   Incr       Path
  --------------------------------------------------------------------------
  clock SCAN_CLK (rise edge)                              0.00       0.00
  clock network delay (ideal)                             0.00       0.00
  u_ASYNC_FIFO/sync_w2r/shift_reg_reg[0][0]/CK (SDFFRQX2M)
                                                          0.00       0.00 r
  u_ASYNC_FIFO/sync_w2r/shift_reg_reg[0][0]/Q (SDFFRQX2M)
                                                          0.63       0.63 f
  u_ASYNC_FIFO/sync_w2r/shift_reg_reg[0][1]/D (SDFFRQX1M)
                                                          0.00       0.63 f
  data arrival time                                                  0.63

  clock SCAN_CLK (rise edge)                              0.00       0.00
  clock network delay (ideal)                             0.00       0.00
  clock uncertainty                                       0.10       0.10
  u_ASYNC_FIFO/sync_w2r/shift_reg_reg[0][1]/CK (SDFFRQX1M)
                                                          0.00       0.10 r
  library hold time                                      -0.27      -0.17
  data required time                                                -0.17
  --------------------------------------------------------------------------
  data required time                                                -0.17
  data arrival time                                                 -0.63
  --------------------------------------------------------------------------
  slack (MET)                                                        0.80


  Startpoint: u_ASYNC_FIFO/wptr_gray_reg[2]
              (rising edge-triggered flip-flop clocked by SCAN_CLK)
  Endpoint: u_ASYNC_FIFO/sync_w2r/shift_reg_reg[2][0]
            (rising edge-triggered flip-flop clocked by SCAN_CLK)
  Path Group: SCAN_CLK
  Path Type: min

  Des/Clust/Port     Wire Load Model       Library
  ------------------------------------------------
  SYS_TOP            tsmc13_wl30           scmetro_tsmc_cl013g_rvt_ss_1p08v_125c

  Point                                                   Incr       Path
  --------------------------------------------------------------------------
  clock SCAN_CLK (rise edge)                              0.00       0.00
  clock network delay (ideal)                             0.00       0.00
  u_ASYNC_FIFO/wptr_gray_reg[2]/CK (SDFFRQX2M)            0.00       0.00 r
  u_ASYNC_FIFO/wptr_gray_reg[2]/Q (SDFFRQX2M)             0.63       0.63 f
  u_ASYNC_FIFO/sync_w2r/DATA_IN[2] (DFFS_STAGES2_DATA_WIDTH4_test_1)
                                                          0.00       0.63 f
  u_ASYNC_FIFO/sync_w2r/shift_reg_reg[2][0]/D (SDFFRQX1M)
                                                          0.00       0.63 f
  data arrival time                                                  0.63

  clock SCAN_CLK (rise edge)                              0.00       0.00
  clock network delay (ideal)                             0.00       0.00
  clock uncertainty                                       0.10       0.10
  u_ASYNC_FIFO/sync_w2r/shift_reg_reg[2][0]/CK (SDFFRQX1M)
                                                          0.00       0.10 r
  library hold time                                      -0.27      -0.17
  data required time                                                -0.17
  --------------------------------------------------------------------------
  data required time                                                -0.17
  data arrival time                                                 -0.63
  --------------------------------------------------------------------------
  slack (MET)                                                        0.80


  Startpoint: u_ASYNC_FIFO/wptr_gray_reg[2]
              (rising edge-triggered flip-flop clocked by SCAN_CLK)
  Endpoint: u_ASYNC_FIFO/wptr_gray_reg[3]
            (rising edge-triggered flip-flop clocked by SCAN_CLK)
  Path Group: SCAN_CLK
  Path Type: min

  Des/Clust/Port     Wire Load Model       Library
  ------------------------------------------------
  SYS_TOP            tsmc13_wl30           scmetro_tsmc_cl013g_rvt_ss_1p08v_125c

  Point                                                   Incr       Path
  --------------------------------------------------------------------------
  clock SCAN_CLK (rise edge)                              0.00       0.00
  clock network delay (ideal)                             0.00       0.00
  u_ASYNC_FIFO/wptr_gray_reg[2]/CK (SDFFRQX2M)            0.00       0.00 r
  u_ASYNC_FIFO/wptr_gray_reg[2]/Q (SDFFRQX2M)             0.68       0.68 r
  u_ASYNC_FIFO/wptr_gray_reg[3]/SI (SDFFRQX2M)            0.00       0.68 r
  data arrival time                                                  0.68

  clock SCAN_CLK (rise edge)                              0.00       0.00
  clock network delay (ideal)                             0.00       0.00
  clock uncertainty                                       0.10       0.10
  u_ASYNC_FIFO/wptr_gray_reg[3]/CK (SDFFRQX2M)            0.00       0.10 r
  library hold time                                      -0.24      -0.14
  data required time                                                -0.14
  --------------------------------------------------------------------------
  data required time                                                -0.14
  data arrival time                                                 -0.68
  --------------------------------------------------------------------------
  slack (MET)                                                        0.81


  Startpoint: u_RST_SYNC_1/shift_reg_reg[0]
              (rising edge-triggered flip-flop clocked by SCAN_CLK)
  Endpoint: u_RST_SYNC_1/shift_reg_reg[1]
            (rising edge-triggered flip-flop clocked by SCAN_CLK)
  Path Group: SCAN_CLK
  Path Type: min

  Des/Clust/Port     Wire Load Model       Library
  ------------------------------------------------
  SYS_TOP            tsmc13_wl30           scmetro_tsmc_cl013g_rvt_ss_1p08v_125c

  Point                                                   Incr       Path
  --------------------------------------------------------------------------
  clock SCAN_CLK (rise edge)                              0.00       0.00
  clock network delay (ideal)                             0.00       0.00
  u_RST_SYNC_1/shift_reg_reg[0]/CK (SDFFRQX2M)            0.00       0.00 r
  u_RST_SYNC_1/shift_reg_reg[0]/Q (SDFFRQX2M)             0.68       0.68 r
  u_RST_SYNC_1/shift_reg_reg[1]/SI (SDFFRQX2M)            0.00       0.68 r
  data arrival time                                                  0.68

  clock SCAN_CLK (rise edge)                              0.00       0.00
  clock network delay (ideal)                             0.00       0.00
  clock uncertainty                                       0.10       0.10
  u_RST_SYNC_1/shift_reg_reg[1]/CK (SDFFRQX2M)            0.00       0.10 r
  library hold time                                      -0.24      -0.14
  data required time                                                -0.14
  --------------------------------------------------------------------------
  data required time                                                -0.14
  data arrival time                                                 -0.68
  --------------------------------------------------------------------------
  slack (MET)                                                        0.81


  Startpoint: u_ASYNC_FIFO/sync_wreset/shift_reg_reg[0]
              (rising edge-triggered flip-flop clocked by SCAN_CLK)
  Endpoint: u_ASYNC_FIFO/sync_wreset/shift_reg_reg[1]
            (rising edge-triggered flip-flop clocked by SCAN_CLK)
  Path Group: SCAN_CLK
  Path Type: min

  Des/Clust/Port     Wire Load Model       Library
  ------------------------------------------------
  SYS_TOP            tsmc13_wl30           scmetro_tsmc_cl013g_rvt_ss_1p08v_125c

  Point                                                   Incr       Path
  --------------------------------------------------------------------------
  clock SCAN_CLK (rise edge)                              0.00       0.00
  clock network delay (ideal)                             0.00       0.00
  u_ASYNC_FIFO/sync_wreset/shift_reg_reg[0]/CK (SDFFRQX2M)
                                                          0.00       0.00 r
  u_ASYNC_FIFO/sync_wreset/shift_reg_reg[0]/Q (SDFFRQX2M)
                                                          0.68       0.68 r
  u_ASYNC_FIFO/sync_wreset/shift_reg_reg[1]/SI (SDFFRQX2M)
                                                          0.00       0.68 r
  data arrival time                                                  0.68

  clock SCAN_CLK (rise edge)                              0.00       0.00
  clock network delay (ideal)                             0.00       0.00
  clock uncertainty                                       0.10       0.10
  u_ASYNC_FIFO/sync_wreset/shift_reg_reg[1]/CK (SDFFRQX2M)
                                                          0.00       0.10 r
  library hold time                                      -0.24      -0.14
  data required time                                                -0.14
  --------------------------------------------------------------------------
  data required time                                                -0.14
  data arrival time                                                 -0.68
  --------------------------------------------------------------------------
  slack (MET)                                                        0.81


  Startpoint: u_ASYNC_FIFO/sync_rreset/shift_reg_reg[0]
              (rising edge-triggered flip-flop clocked by SCAN_CLK)
  Endpoint: u_ASYNC_FIFO/sync_rreset/shift_reg_reg[1]
            (rising edge-triggered flip-flop clocked by SCAN_CLK)
  Path Group: SCAN_CLK
  Path Type: min

  Des/Clust/Port     Wire Load Model       Library
  ------------------------------------------------
  SYS_TOP            tsmc13_wl30           scmetro_tsmc_cl013g_rvt_ss_1p08v_125c

  Point                                                   Incr       Path
  --------------------------------------------------------------------------
  clock SCAN_CLK (rise edge)                              0.00       0.00
  clock network delay (ideal)                             0.00       0.00
  u_ASYNC_FIFO/sync_rreset/shift_reg_reg[0]/CK (SDFFRQX2M)
                                                          0.00       0.00 r
  u_ASYNC_FIFO/sync_rreset/shift_reg_reg[0]/Q (SDFFRQX2M)
                                                          0.68       0.68 r
  u_ASYNC_FIFO/sync_rreset/shift_reg_reg[1]/SI (SDFFRQX2M)
                                                          0.00       0.68 r
  data arrival time                                                  0.68

  clock SCAN_CLK (rise edge)                              0.00       0.00
  clock network delay (ideal)                             0.00       0.00
  clock uncertainty                                       0.10       0.10
  u_ASYNC_FIFO/sync_rreset/shift_reg_reg[1]/CK (SDFFRQX2M)
                                                          0.00       0.10 r
  library hold time                                      -0.24      -0.14
  data required time                                                -0.14
  --------------------------------------------------------------------------
  data required time                                                -0.14
  data arrival time                                                 -0.68
  --------------------------------------------------------------------------
  slack (MET)                                                        0.81


  Startpoint: u_ASYNC_FIFO/sync_r2w/shift_reg_reg[2][0]
              (rising edge-triggered flip-flop clocked by SCAN_CLK)
  Endpoint: u_ASYNC_FIFO/sync_r2w/shift_reg_reg[2][1]
            (rising edge-triggered flip-flop clocked by SCAN_CLK)
  Path Group: SCAN_CLK
  Path Type: min

  Des/Clust/Port     Wire Load Model       Library
  ------------------------------------------------
  SYS_TOP            tsmc13_wl30           scmetro_tsmc_cl013g_rvt_ss_1p08v_125c

  Point                                                   Incr       Path
  --------------------------------------------------------------------------
  clock SCAN_CLK (rise edge)                              0.00       0.00
  clock network delay (ideal)                             0.00       0.00
  u_ASYNC_FIFO/sync_r2w/shift_reg_reg[2][0]/CK (SDFFRQX2M)
                                                          0.00       0.00 r
  u_ASYNC_FIFO/sync_r2w/shift_reg_reg[2][0]/Q (SDFFRQX2M)
                                                          0.68       0.68 r
  u_ASYNC_FIFO/sync_r2w/shift_reg_reg[2][1]/SI (SDFFRQX2M)
                                                          0.00       0.68 r
  data arrival time                                                  0.68

  clock SCAN_CLK (rise edge)                              0.00       0.00
  clock network delay (ideal)                             0.00       0.00
  clock uncertainty                                       0.10       0.10
  u_ASYNC_FIFO/sync_r2w/shift_reg_reg[2][1]/CK (SDFFRQX2M)
                                                          0.00       0.10 r
  library hold time                                      -0.24      -0.14
  data required time                                                -0.14
  --------------------------------------------------------------------------
  data required time                                                -0.14
  data arrival time                                                 -0.68
  --------------------------------------------------------------------------
  slack (MET)                                                        0.81


  Startpoint: u_ASYNC_FIFO/sync_r2w/shift_reg_reg[0][0]
              (rising edge-triggered flip-flop clocked by SCAN_CLK)
  Endpoint: u_ASYNC_FIFO/sync_r2w/shift_reg_reg[0][1]
            (rising edge-triggered flip-flop clocked by SCAN_CLK)
  Path Group: SCAN_CLK
  Path Type: min

  Des/Clust/Port     Wire Load Model       Library
  ------------------------------------------------
  SYS_TOP            tsmc13_wl30           scmetro_tsmc_cl013g_rvt_ss_1p08v_125c

  Point                                                   Incr       Path
  --------------------------------------------------------------------------
  clock SCAN_CLK (rise edge)                              0.00       0.00
  clock network delay (ideal)                             0.00       0.00
  u_ASYNC_FIFO/sync_r2w/shift_reg_reg[0][0]/CK (SDFFRQX2M)
                                                          0.00       0.00 r
  u_ASYNC_FIFO/sync_r2w/shift_reg_reg[0][0]/Q (SDFFRQX2M)
                                                          0.68       0.68 r
  u_ASYNC_FIFO/sync_r2w/shift_reg_reg[0][1]/SI (SDFFRQX2M)
                                                          0.00       0.68 r
  data arrival time                                                  0.68

  clock SCAN_CLK (rise edge)                              0.00       0.00
  clock network delay (ideal)                             0.00       0.00
  clock uncertainty                                       0.10       0.10
  u_ASYNC_FIFO/sync_r2w/shift_reg_reg[0][1]/CK (SDFFRQX2M)
                                                          0.00       0.10 r
  library hold time                                      -0.24      -0.14
  data required time                                                -0.14
  --------------------------------------------------------------------------
  data required time                                                -0.14
  data arrival time                                                 -0.68
  --------------------------------------------------------------------------
  slack (MET)                                                        0.81


  Startpoint: u_ASYNC_FIFO/sync_r2w/shift_reg_reg[1][0]
              (rising edge-triggered flip-flop clocked by SCAN_CLK)
  Endpoint: u_ASYNC_FIFO/sync_r2w/shift_reg_reg[1][1]
            (rising edge-triggered flip-flop clocked by SCAN_CLK)
  Path Group: SCAN_CLK
  Path Type: min

  Des/Clust/Port     Wire Load Model       Library
  ------------------------------------------------
  SYS_TOP            tsmc13_wl30           scmetro_tsmc_cl013g_rvt_ss_1p08v_125c

  Point                                                   Incr       Path
  --------------------------------------------------------------------------
  clock SCAN_CLK (rise edge)                              0.00       0.00
  clock network delay (ideal)                             0.00       0.00
  u_ASYNC_FIFO/sync_r2w/shift_reg_reg[1][0]/CK (SDFFRQX2M)
                                                          0.00       0.00 r
  u_ASYNC_FIFO/sync_r2w/shift_reg_reg[1][0]/Q (SDFFRQX2M)
                                                          0.68       0.68 r
  u_ASYNC_FIFO/sync_r2w/shift_reg_reg[1][1]/SI (SDFFRQX2M)
                                                          0.00       0.68 r
  data arrival time                                                  0.68

  clock SCAN_CLK (rise edge)                              0.00       0.00
  clock network delay (ideal)                             0.00       0.00
  clock uncertainty                                       0.10       0.10
  u_ASYNC_FIFO/sync_r2w/shift_reg_reg[1][1]/CK (SDFFRQX2M)
                                                          0.00       0.10 r
  library hold time                                      -0.24      -0.14
  data required time                                                -0.14
  --------------------------------------------------------------------------
  data required time                                                -0.14
  data arrival time                                                 -0.68
  --------------------------------------------------------------------------
  slack (MET)                                                        0.81


  Startpoint: u_ASYNC_FIFO/sync_r2w/shift_reg_reg[3][0]
              (rising edge-triggered flip-flop clocked by SCAN_CLK)
  Endpoint: u_ASYNC_FIFO/sync_r2w/shift_reg_reg[3][1]
            (rising edge-triggered flip-flop clocked by SCAN_CLK)
  Path Group: SCAN_CLK
  Path Type: min

  Des/Clust/Port     Wire Load Model       Library
  ------------------------------------------------
  SYS_TOP            tsmc13_wl30           scmetro_tsmc_cl013g_rvt_ss_1p08v_125c

  Point                                                   Incr       Path
  --------------------------------------------------------------------------
  clock SCAN_CLK (rise edge)                              0.00       0.00
  clock network delay (ideal)                             0.00       0.00
  u_ASYNC_FIFO/sync_r2w/shift_reg_reg[3][0]/CK (SDFFRQX2M)
                                                          0.00       0.00 r
  u_ASYNC_FIFO/sync_r2w/shift_reg_reg[3][0]/Q (SDFFRQX2M)
                                                          0.68       0.68 r
  u_ASYNC_FIFO/sync_r2w/shift_reg_reg[3][1]/SI (SDFFRQX2M)
                                                          0.00       0.68 r
  data arrival time                                                  0.68

  clock SCAN_CLK (rise edge)                              0.00       0.00
  clock network delay (ideal)                             0.00       0.00
  clock uncertainty                                       0.10       0.10
  u_ASYNC_FIFO/sync_r2w/shift_reg_reg[3][1]/CK (SDFFRQX2M)
                                                          0.00       0.10 r
  library hold time                                      -0.24      -0.14
  data required time                                                -0.14
  --------------------------------------------------------------------------
  data required time                                                -0.14
  data arrival time                                                 -0.68
  --------------------------------------------------------------------------
  slack (MET)                                                        0.81


  Startpoint: u_DATA_SYNC/shift_reg_reg[0]
              (rising edge-triggered flip-flop clocked by SCAN_CLK)
  Endpoint: u_DATA_SYNC/shift_reg_reg[1]
            (rising edge-triggered flip-flop clocked by SCAN_CLK)
  Path Group: SCAN_CLK
  Path Type: min

  Des/Clust/Port     Wire Load Model       Library
  ------------------------------------------------
  SYS_TOP            tsmc13_wl30           scmetro_tsmc_cl013g_rvt_ss_1p08v_125c

  Point                                                   Incr       Path
  --------------------------------------------------------------------------
  clock SCAN_CLK (rise edge)                              0.00       0.00
  clock network delay (ideal)                             0.00       0.00
  u_DATA_SYNC/shift_reg_reg[0]/CK (SDFFRQX2M)             0.00       0.00 r
  u_DATA_SYNC/shift_reg_reg[0]/Q (SDFFRQX2M)              0.68       0.68 r
  u_DATA_SYNC/shift_reg_reg[1]/SI (SDFFRQX2M)             0.00       0.68 r
  data arrival time                                                  0.68

  clock SCAN_CLK (rise edge)                              0.00       0.00
  clock network delay (ideal)                             0.00       0.00
  clock uncertainty                                       0.10       0.10
  u_DATA_SYNC/shift_reg_reg[1]/CK (SDFFRQX2M)             0.00       0.10 r
  library hold time                                      -0.24      -0.14
  data required time                                                -0.14
  --------------------------------------------------------------------------
  data required time                                                -0.14
  data arrival time                                                 -0.68
  --------------------------------------------------------------------------
  slack (MET)                                                        0.81


  Startpoint: u_ASYNC_FIFO/wptr_gray_reg[0]
              (rising edge-triggered flip-flop clocked by SCAN_CLK)
  Endpoint: u_ASYNC_FIFO/wptr_gray_reg[1]
            (rising edge-triggered flip-flop clocked by SCAN_CLK)
  Path Group: SCAN_CLK
  Path Type: min

  Des/Clust/Port     Wire Load Model       Library
  ------------------------------------------------
  SYS_TOP            tsmc13_wl30           scmetro_tsmc_cl013g_rvt_ss_1p08v_125c

  Point                                                   Incr       Path
  --------------------------------------------------------------------------
  clock SCAN_CLK (rise edge)                              0.00       0.00
  clock network delay (ideal)                             0.00       0.00
  u_ASYNC_FIFO/wptr_gray_reg[0]/CK (SDFFRQX2M)            0.00       0.00 r
  u_ASYNC_FIFO/wptr_gray_reg[0]/Q (SDFFRQX2M)             0.68       0.68 r
  u_ASYNC_FIFO/wptr_gray_reg[1]/SI (SDFFRQX2M)            0.00       0.68 r
  data arrival time                                                  0.68

  clock SCAN_CLK (rise edge)                              0.00       0.00
  clock network delay (ideal)                             0.00       0.00
  clock uncertainty                                       0.10       0.10
  u_ASYNC_FIFO/wptr_gray_reg[1]/CK (SDFFRQX2M)            0.00       0.10 r
  library hold time                                      -0.24      -0.14
  data required time                                                -0.14
  --------------------------------------------------------------------------
  data required time                                                -0.14
  data arrival time                                                 -0.68
  --------------------------------------------------------------------------
  slack (MET)                                                        0.81


  Startpoint: u_ASYNC_FIFO/wptr_gray_reg[1]
              (rising edge-triggered flip-flop clocked by SCAN_CLK)
  Endpoint: u_ASYNC_FIFO/wptr_gray_reg[2]
            (rising edge-triggered flip-flop clocked by SCAN_CLK)
  Path Group: SCAN_CLK
  Path Type: min

  Des/Clust/Port     Wire Load Model       Library
  ------------------------------------------------
  SYS_TOP            tsmc13_wl30           scmetro_tsmc_cl013g_rvt_ss_1p08v_125c

  Point                                                   Incr       Path
  --------------------------------------------------------------------------
  clock SCAN_CLK (rise edge)                              0.00       0.00
  clock network delay (ideal)                             0.00       0.00
  u_ASYNC_FIFO/wptr_gray_reg[1]/CK (SDFFRQX2M)            0.00       0.00 r
  u_ASYNC_FIFO/wptr_gray_reg[1]/Q (SDFFRQX2M)             0.68       0.68 r
  u_ASYNC_FIFO/wptr_gray_reg[2]/SI (SDFFRQX2M)            0.00       0.68 r
  data arrival time                                                  0.68

  clock SCAN_CLK (rise edge)                              0.00       0.00
  clock network delay (ideal)                             0.00       0.00
  clock uncertainty                                       0.10       0.10
  u_ASYNC_FIFO/wptr_gray_reg[2]/CK (SDFFRQX2M)            0.00       0.10 r
  library hold time                                      -0.24      -0.14
  data required time                                                -0.14
  --------------------------------------------------------------------------
  data required time                                                -0.14
  data arrival time                                                 -0.68
  --------------------------------------------------------------------------
  slack (MET)                                                        0.81


  Startpoint: uart_rx_p_data_reg_reg[0]
              (rising edge-triggered flip-flop clocked by SCAN_CLK)
  Endpoint: uart_rx_p_data_reg_reg[1]
            (rising edge-triggered flip-flop clocked by SCAN_CLK)
  Path Group: SCAN_CLK
  Path Type: min

  Des/Clust/Port     Wire Load Model       Library
  ------------------------------------------------
  SYS_TOP            tsmc13_wl30           scmetro_tsmc_cl013g_rvt_ss_1p08v_125c

  Point                                                   Incr       Path
  --------------------------------------------------------------------------
  clock SCAN_CLK (rise edge)                              0.00       0.00
  clock network delay (ideal)                             0.00       0.00
  uart_rx_p_data_reg_reg[0]/CK (SDFFRQX2M)                0.00       0.00 r
  uart_rx_p_data_reg_reg[0]/Q (SDFFRQX2M)                 0.68       0.68 r
  uart_rx_p_data_reg_reg[1]/SI (SDFFRQX2M)                0.00       0.68 r
  data arrival time                                                  0.68

  clock SCAN_CLK (rise edge)                              0.00       0.00
  clock network delay (ideal)                             0.00       0.00
  clock uncertainty                                       0.10       0.10
  uart_rx_p_data_reg_reg[1]/CK (SDFFRQX2M)                0.00       0.10 r
  library hold time                                      -0.24      -0.14
  data required time                                                -0.14
  --------------------------------------------------------------------------
  data required time                                                -0.14
  data arrival time                                                 -0.68
  --------------------------------------------------------------------------
  slack (MET)                                                        0.82


  Startpoint: uart_rx_p_data_reg_reg[1]
              (rising edge-triggered flip-flop clocked by SCAN_CLK)
  Endpoint: uart_rx_p_data_reg_reg[2]
            (rising edge-triggered flip-flop clocked by SCAN_CLK)
  Path Group: SCAN_CLK
  Path Type: min

  Des/Clust/Port     Wire Load Model       Library
  ------------------------------------------------
  SYS_TOP            tsmc13_wl30           scmetro_tsmc_cl013g_rvt_ss_1p08v_125c

  Point                                                   Incr       Path
  --------------------------------------------------------------------------
  clock SCAN_CLK (rise edge)                              0.00       0.00
  clock network delay (ideal)                             0.00       0.00
  uart_rx_p_data_reg_reg[1]/CK (SDFFRQX2M)                0.00       0.00 r
  uart_rx_p_data_reg_reg[1]/Q (SDFFRQX2M)                 0.68       0.68 r
  uart_rx_p_data_reg_reg[2]/SI (SDFFRQX2M)                0.00       0.68 r
  data arrival time                                                  0.68

  clock SCAN_CLK (rise edge)                              0.00       0.00
  clock network delay (ideal)                             0.00       0.00
  clock uncertainty                                       0.10       0.10
  uart_rx_p_data_reg_reg[2]/CK (SDFFRQX2M)                0.00       0.10 r
  library hold time                                      -0.24      -0.14
  data required time                                                -0.14
  --------------------------------------------------------------------------
  data required time                                                -0.14
  data arrival time                                                 -0.68
  --------------------------------------------------------------------------
  slack (MET)                                                        0.82


  Startpoint: uart_rx_p_data_reg_reg[2]
              (rising edge-triggered flip-flop clocked by SCAN_CLK)
  Endpoint: uart_rx_p_data_reg_reg[3]
            (rising edge-triggered flip-flop clocked by SCAN_CLK)
  Path Group: SCAN_CLK
  Path Type: min

  Des/Clust/Port     Wire Load Model       Library
  ------------------------------------------------
  SYS_TOP            tsmc13_wl30           scmetro_tsmc_cl013g_rvt_ss_1p08v_125c

  Point                                                   Incr       Path
  --------------------------------------------------------------------------
  clock SCAN_CLK (rise edge)                              0.00       0.00
  clock network delay (ideal)                             0.00       0.00
  uart_rx_p_data_reg_reg[2]/CK (SDFFRQX2M)                0.00       0.00 r
  uart_rx_p_data_reg_reg[2]/Q (SDFFRQX2M)                 0.68       0.68 r
  uart_rx_p_data_reg_reg[3]/SI (SDFFRQX2M)                0.00       0.68 r
  data arrival time                                                  0.68

  clock SCAN_CLK (rise edge)                              0.00       0.00
  clock network delay (ideal)                             0.00       0.00
  clock uncertainty                                       0.10       0.10
  uart_rx_p_data_reg_reg[3]/CK (SDFFRQX2M)                0.00       0.10 r
  library hold time                                      -0.24      -0.14
  data required time                                                -0.14
  --------------------------------------------------------------------------
  data required time                                                -0.14
  data arrival time                                                 -0.68
  --------------------------------------------------------------------------
  slack (MET)                                                        0.82


  Startpoint: uart_rx_p_data_reg_reg[3]
              (rising edge-triggered flip-flop clocked by SCAN_CLK)
  Endpoint: uart_rx_p_data_reg_reg[4]
            (rising edge-triggered flip-flop clocked by SCAN_CLK)
  Path Group: SCAN_CLK
  Path Type: min

  Des/Clust/Port     Wire Load Model       Library
  ------------------------------------------------
  SYS_TOP            tsmc13_wl30           scmetro_tsmc_cl013g_rvt_ss_1p08v_125c

  Point                                                   Incr       Path
  --------------------------------------------------------------------------
  clock SCAN_CLK (rise edge)                              0.00       0.00
  clock network delay (ideal)                             0.00       0.00
  uart_rx_p_data_reg_reg[3]/CK (SDFFRQX2M)                0.00       0.00 r
  uart_rx_p_data_reg_reg[3]/Q (SDFFRQX2M)                 0.68       0.68 r
  uart_rx_p_data_reg_reg[4]/SI (SDFFRQX2M)                0.00       0.68 r
  data arrival time                                                  0.68

  clock SCAN_CLK (rise edge)                              0.00       0.00
  clock network delay (ideal)                             0.00       0.00
  clock uncertainty                                       0.10       0.10
  uart_rx_p_data_reg_reg[4]/CK (SDFFRQX2M)                0.00       0.10 r
  library hold time                                      -0.24      -0.14
  data required time                                                -0.14
  --------------------------------------------------------------------------
  data required time                                                -0.14
  data arrival time                                                 -0.68
  --------------------------------------------------------------------------
  slack (MET)                                                        0.82


  Startpoint: uart_rx_p_data_reg_reg[4]
              (rising edge-triggered flip-flop clocked by SCAN_CLK)
  Endpoint: uart_rx_p_data_reg_reg[5]
            (rising edge-triggered flip-flop clocked by SCAN_CLK)
  Path Group: SCAN_CLK
  Path Type: min

  Des/Clust/Port     Wire Load Model       Library
  ------------------------------------------------
  SYS_TOP            tsmc13_wl30           scmetro_tsmc_cl013g_rvt_ss_1p08v_125c

  Point                                                   Incr       Path
  --------------------------------------------------------------------------
  clock SCAN_CLK (rise edge)                              0.00       0.00
  clock network delay (ideal)                             0.00       0.00
  uart_rx_p_data_reg_reg[4]/CK (SDFFRQX2M)                0.00       0.00 r
  uart_rx_p_data_reg_reg[4]/Q (SDFFRQX2M)                 0.68       0.68 r
  uart_rx_p_data_reg_reg[5]/SI (SDFFRQX2M)                0.00       0.68 r
  data arrival time                                                  0.68

  clock SCAN_CLK (rise edge)                              0.00       0.00
  clock network delay (ideal)                             0.00       0.00
  clock uncertainty                                       0.10       0.10
  uart_rx_p_data_reg_reg[5]/CK (SDFFRQX2M)                0.00       0.10 r
  library hold time                                      -0.24      -0.14
  data required time                                                -0.14
  --------------------------------------------------------------------------
  data required time                                                -0.14
  data arrival time                                                 -0.68
  --------------------------------------------------------------------------
  slack (MET)                                                        0.82


  Startpoint: uart_rx_p_data_reg_reg[5]
              (rising edge-triggered flip-flop clocked by SCAN_CLK)
  Endpoint: uart_rx_p_data_reg_reg[6]
            (rising edge-triggered flip-flop clocked by SCAN_CLK)
  Path Group: SCAN_CLK
  Path Type: min

  Des/Clust/Port     Wire Load Model       Library
  ------------------------------------------------
  SYS_TOP            tsmc13_wl30           scmetro_tsmc_cl013g_rvt_ss_1p08v_125c

  Point                                                   Incr       Path
  --------------------------------------------------------------------------
  clock SCAN_CLK (rise edge)                              0.00       0.00
  clock network delay (ideal)                             0.00       0.00
  uart_rx_p_data_reg_reg[5]/CK (SDFFRQX2M)                0.00       0.00 r
  uart_rx_p_data_reg_reg[5]/Q (SDFFRQX2M)                 0.68       0.68 r
  uart_rx_p_data_reg_reg[6]/SI (SDFFRQX2M)                0.00       0.68 r
  data arrival time                                                  0.68

  clock SCAN_CLK (rise edge)                              0.00       0.00
  clock network delay (ideal)                             0.00       0.00
  clock uncertainty                                       0.10       0.10
  uart_rx_p_data_reg_reg[6]/CK (SDFFRQX2M)                0.00       0.10 r
  library hold time                                      -0.24      -0.14
  data required time                                                -0.14
  --------------------------------------------------------------------------
  data required time                                                -0.14
  data arrival time                                                 -0.68
  --------------------------------------------------------------------------
  slack (MET)                                                        0.82


  Startpoint: uart_rx_p_data_reg_reg[6]
              (rising edge-triggered flip-flop clocked by SCAN_CLK)
  Endpoint: uart_rx_p_data_reg_reg[7]
            (rising edge-triggered flip-flop clocked by SCAN_CLK)
  Path Group: SCAN_CLK
  Path Type: min

  Des/Clust/Port     Wire Load Model       Library
  ------------------------------------------------
  SYS_TOP            tsmc13_wl30           scmetro_tsmc_cl013g_rvt_ss_1p08v_125c

  Point                                                   Incr       Path
  --------------------------------------------------------------------------
  clock SCAN_CLK (rise edge)                              0.00       0.00
  clock network delay (ideal)                             0.00       0.00
  uart_rx_p_data_reg_reg[6]/CK (SDFFRQX2M)                0.00       0.00 r
  uart_rx_p_data_reg_reg[6]/Q (SDFFRQX2M)                 0.68       0.68 r
  uart_rx_p_data_reg_reg[7]/SI (SDFFRQX2M)                0.00       0.68 r
  data arrival time                                                  0.68

  clock SCAN_CLK (rise edge)                              0.00       0.00
  clock network delay (ideal)                             0.00       0.00
  clock uncertainty                                       0.10       0.10
  uart_rx_p_data_reg_reg[7]/CK (SDFFRQX2M)                0.00       0.10 r
  library hold time                                      -0.24      -0.14
  data required time                                                -0.14
  --------------------------------------------------------------------------
  data required time                                                -0.14
  data arrival time                                                 -0.68
  --------------------------------------------------------------------------
  slack (MET)                                                        0.82


  Startpoint: uart_rx_p_data_reg_reg[7]
              (rising edge-triggered flip-flop clocked by SCAN_CLK)
  Endpoint: uart_rx_valid_reg_reg
            (rising edge-triggered flip-flop clocked by SCAN_CLK)
  Path Group: SCAN_CLK
  Path Type: min

  Des/Clust/Port     Wire Load Model       Library
  ------------------------------------------------
  SYS_TOP            tsmc13_wl30           scmetro_tsmc_cl013g_rvt_ss_1p08v_125c

  Point                                                   Incr       Path
  --------------------------------------------------------------------------
  clock SCAN_CLK (rise edge)                              0.00       0.00
  clock network delay (ideal)                             0.00       0.00
  uart_rx_p_data_reg_reg[7]/CK (SDFFRQX2M)                0.00       0.00 r
  uart_rx_p_data_reg_reg[7]/Q (SDFFRQX2M)                 0.68       0.68 r
  uart_rx_valid_reg_reg/SI (SDFFRQX2M)                    0.00       0.68 r
  data arrival time                                                  0.68

  clock SCAN_CLK (rise edge)                              0.00       0.00
  clock network delay (ideal)                             0.00       0.00
  clock uncertainty                                       0.10       0.10
  uart_rx_valid_reg_reg/CK (SDFFRQX2M)                    0.00       0.10 r
  library hold time                                      -0.24      -0.14
  data required time                                                -0.14
  --------------------------------------------------------------------------
  data required time                                                -0.14
  data arrival time                                                 -0.68
  --------------------------------------------------------------------------
  slack (MET)                                                        0.82


  Startpoint: u_ASYNC_FIFO/wptr_gray_reg[3]
              (rising edge-triggered flip-flop clocked by SCAN_CLK)
  Endpoint: u_ASYNC_FIFO/wr_logic/wptr_bin_reg[0]
            (rising edge-triggered flip-flop clocked by SCAN_CLK)
  Path Group: SCAN_CLK
  Path Type: min

  Des/Clust/Port     Wire Load Model       Library
  ------------------------------------------------
  SYS_TOP            tsmc13_wl30           scmetro_tsmc_cl013g_rvt_ss_1p08v_125c

  Point                                                   Incr       Path
  --------------------------------------------------------------------------
  clock SCAN_CLK (rise edge)                              0.00       0.00
  clock network delay (ideal)                             0.00       0.00
  u_ASYNC_FIFO/wptr_gray_reg[3]/CK (SDFFRQX2M)            0.00       0.00 r
  u_ASYNC_FIFO/wptr_gray_reg[3]/Q (SDFFRQX2M)             0.68       0.68 r
  u_ASYNC_FIFO/wr_logic/test_si (FIFO_WR_ADDR8_test_1)
                                                          0.00       0.68 r
  u_ASYNC_FIFO/wr_logic/wptr_bin_reg[0]/SI (SDFFRQX4M)
                                                          0.00       0.68 r
  data arrival time                                                  0.68

  clock SCAN_CLK (rise edge)                              0.00       0.00
  clock network delay (ideal)                             0.00       0.00
  clock uncertainty                                       0.10       0.10
  u_ASYNC_FIFO/wr_logic/wptr_bin_reg[0]/CK (SDFFRQX4M)
                                                          0.00       0.10 r
  library hold time                                      -0.24      -0.14
  data required time                                                -0.14
  --------------------------------------------------------------------------
  data required time                                                -0.14
  data arrival time                                                 -0.68
  --------------------------------------------------------------------------
  slack (MET)                                                        0.82


  Startpoint: u_Pulse/lvl_sig_q_reg
              (rising edge-triggered flip-flop clocked by SCAN_CLK)
  Endpoint: u_RST_SYNC_1/shift_reg_reg[0]
            (rising edge-triggered flip-flop clocked by SCAN_CLK)
  Path Group: SCAN_CLK
  Path Type: min

  Des/Clust/Port     Wire Load Model       Library
  ------------------------------------------------
  SYS_TOP            tsmc13_wl30           scmetro_tsmc_cl013g_rvt_ss_1p08v_125c

  Point                                                   Incr       Path
  --------------------------------------------------------------------------
  clock SCAN_CLK (rise edge)                              0.00       0.00
  clock network delay (ideal)                             0.00       0.00
  u_Pulse/lvl_sig_q_reg/CK (SDFFRQX2M)                    0.00       0.00 r
  u_Pulse/lvl_sig_q_reg/Q (SDFFRQX2M)                     0.68       0.68 r
  u_Pulse/test_so (PULSE_GEN_test_1)                      0.00       0.68 r
  u_RST_SYNC_1/test_si (RESET_SYNC_STAGES2_test_2)        0.00       0.68 r
  u_RST_SYNC_1/shift_reg_reg[0]/SI (SDFFRQX2M)            0.00       0.68 r
  data arrival time                                                  0.68

  clock SCAN_CLK (rise edge)                              0.00       0.00
  clock network delay (ideal)                             0.00       0.00
  clock uncertainty                                       0.10       0.10
  u_RST_SYNC_1/shift_reg_reg[0]/CK (SDFFRQX2M)            0.00       0.10 r
  library hold time                                      -0.24      -0.14
  data required time                                                -0.14
  --------------------------------------------------------------------------
  data required time                                                -0.14
  data arrival time                                                 -0.68
  --------------------------------------------------------------------------
  slack (MET)                                                        0.82


  Startpoint: u_DATA_SYNC/en_out_del_reg
              (rising edge-triggered flip-flop clocked by SCAN_CLK)
  Endpoint: u_DATA_SYNC/enable_pulse_reg
            (rising edge-triggered flip-flop clocked by SCAN_CLK)
  Path Group: SCAN_CLK
  Path Type: min

  Des/Clust/Port     Wire Load Model       Library
  ------------------------------------------------
  SYS_TOP            tsmc13_wl30           scmetro_tsmc_cl013g_rvt_ss_1p08v_125c

  Point                                                   Incr       Path
  --------------------------------------------------------------------------
  clock SCAN_CLK (rise edge)                              0.00       0.00
  clock network delay (ideal)                             0.00       0.00
  u_DATA_SYNC/en_out_del_reg/CK (SDFFRQX2M)               0.00       0.00 r
  u_DATA_SYNC/en_out_del_reg/Q (SDFFRQX2M)                0.68       0.68 r
  u_DATA_SYNC/enable_pulse_reg/SI (SDFFRQX2M)             0.00       0.68 r
  data arrival time                                                  0.68

  clock SCAN_CLK (rise edge)                              0.00       0.00
  clock network delay (ideal)                             0.00       0.00
  clock uncertainty                                       0.10       0.10
  u_DATA_SYNC/enable_pulse_reg/CK (SDFFRQX2M)             0.00       0.10 r
  library hold time                                      -0.24      -0.14
  data required time                                                -0.14
  --------------------------------------------------------------------------
  data required time                                                -0.14
  data arrival time                                                 -0.68
  --------------------------------------------------------------------------
  slack (MET)                                                        0.82


  Startpoint: u_UART_RX/u_STOP_CHECKER/err_ff_reg
              (rising edge-triggered flip-flop clocked by SCAN_CLK)
  Endpoint: u_UART_TX/Ser/count_reg[0]
            (rising edge-triggered flip-flop clocked by SCAN_CLK)
  Path Group: SCAN_CLK
  Path Type: min

  Des/Clust/Port     Wire Load Model       Library
  ------------------------------------------------
  SYS_TOP            tsmc13_wl30           scmetro_tsmc_cl013g_rvt_ss_1p08v_125c

  Point                                                   Incr       Path
  --------------------------------------------------------------------------
  clock SCAN_CLK (rise edge)                              0.00       0.00
  clock network delay (ideal)                             0.00       0.00
  u_UART_RX/u_STOP_CHECKER/err_ff_reg/CK (SDFFRQX2M)      0.00       0.00 r
  u_UART_RX/u_STOP_CHECKER/err_ff_reg/Q (SDFFRQX2M)       0.68       0.68 r
  u_UART_RX/u_STOP_CHECKER/test_so (STOP_CHECKER_test_1)
                                                          0.00       0.68 r
  u_UART_RX/test_so (UART_RX_TOP_test_1)                  0.00       0.68 r
  u_UART_TX/test_si (UART_TOP_TX_test_1)                  0.00       0.68 r
  u_UART_TX/Ser/test_si (Serializer_test_1)               0.00       0.68 r
  u_UART_TX/Ser/count_reg[0]/SI (SDFFRQX2M)               0.00       0.68 r
  data arrival time                                                  0.68

  clock SCAN_CLK (rise edge)                              0.00       0.00
  clock network delay (ideal)                             0.00       0.00
  clock uncertainty                                       0.10       0.10
  u_UART_TX/Ser/count_reg[0]/CK (SDFFRQX2M)               0.00       0.10 r
  library hold time                                      -0.24      -0.14
  data required time                                                -0.14
  --------------------------------------------------------------------------
  data required time                                                -0.14
  data arrival time                                                 -0.68
  --------------------------------------------------------------------------
  slack (MET)                                                        0.82


  Startpoint: u_UART_RX/u_PARITY_CHECKER/err_ff_reg
              (rising edge-triggered flip-flop clocked by SCAN_CLK)
  Endpoint: u_UART_RX/u_RX_FSM/current_state_reg[0]
            (rising edge-triggered flip-flop clocked by SCAN_CLK)
  Path Group: SCAN_CLK
  Path Type: min

  Des/Clust/Port     Wire Load Model       Library
  ------------------------------------------------
  SYS_TOP            tsmc13_wl30           scmetro_tsmc_cl013g_rvt_ss_1p08v_125c

  Point                                                   Incr       Path
  --------------------------------------------------------------------------
  clock SCAN_CLK (rise edge)                              0.00       0.00
  clock network delay (ideal)                             0.00       0.00
  u_UART_RX/u_PARITY_CHECKER/err_ff_reg/CK (SDFFRQX2M)
                                                          0.00       0.00 r
  u_UART_RX/u_PARITY_CHECKER/err_ff_reg/Q (SDFFRQX2M)     0.68       0.68 r
  u_UART_RX/u_PARITY_CHECKER/test_so (PARITY_CHECKER_test_1)
                                                          0.00       0.68 r
  u_UART_RX/u_RX_FSM/test_si (RX_FSM_test_1)              0.00       0.68 r
  u_UART_RX/u_RX_FSM/current_state_reg[0]/SI (SDFFRQX2M)
                                                          0.00       0.68 r
  data arrival time                                                  0.68

  clock SCAN_CLK (rise edge)                              0.00       0.00
  clock network delay (ideal)                             0.00       0.00
  clock uncertainty                                       0.10       0.10
  u_UART_RX/u_RX_FSM/current_state_reg[0]/CK (SDFFRQX2M)
                                                          0.00       0.10 r
  library hold time                                      -0.24      -0.14
  data required time                                                -0.14
  --------------------------------------------------------------------------
  data required time                                                -0.14
  data arrival time                                                 -0.68
  --------------------------------------------------------------------------
  slack (MET)                                                        0.82


  Startpoint: u_ASYNC_FIFO/sync_r2w/shift_reg_reg[1][1]
              (rising edge-triggered flip-flop clocked by SCAN_CLK)
  Endpoint: u_ASYNC_FIFO/sync_r2w/shift_reg_reg[2][0]
            (rising edge-triggered flip-flop clocked by SCAN_CLK)
  Path Group: SCAN_CLK
  Path Type: min

  Des/Clust/Port     Wire Load Model       Library
  ------------------------------------------------
  SYS_TOP            tsmc13_wl30           scmetro_tsmc_cl013g_rvt_ss_1p08v_125c

  Point                                                   Incr       Path
  --------------------------------------------------------------------------
  clock SCAN_CLK (rise edge)                              0.00       0.00
  clock network delay (ideal)                             0.00       0.00
  u_ASYNC_FIFO/sync_r2w/shift_reg_reg[1][1]/CK (SDFFRQX2M)
                                                          0.00       0.00 r
  u_ASYNC_FIFO/sync_r2w/shift_reg_reg[1][1]/Q (SDFFRQX2M)
                                                          0.68       0.68 r
  u_ASYNC_FIFO/sync_r2w/shift_reg_reg[2][0]/SI (SDFFRQX2M)
                                                          0.00       0.68 r
  data arrival time                                                  0.68

  clock SCAN_CLK (rise edge)                              0.00       0.00
  clock network delay (ideal)                             0.00       0.00
  clock uncertainty                                       0.10       0.10
  u_ASYNC_FIFO/sync_r2w/shift_reg_reg[2][0]/CK (SDFFRQX2M)
                                                          0.00       0.10 r
  library hold time                                      -0.24      -0.14
  data required time                                                -0.14
  --------------------------------------------------------------------------
  data required time                                                -0.14
  data arrival time                                                 -0.68
  --------------------------------------------------------------------------
  slack (MET)                                                        0.82


  Startpoint: u_ASYNC_FIFO/sync_rreset/shift_reg_reg[1]
              (rising edge-triggered flip-flop clocked by SCAN_CLK)
  Endpoint: u_ASYNC_FIFO/sync_w2r/shift_reg_reg[0][0]
            (rising edge-triggered flip-flop clocked by SCAN_CLK)
  Path Group: SCAN_CLK
  Path Type: min

  Des/Clust/Port     Wire Load Model       Library
  ------------------------------------------------
  SYS_TOP            tsmc13_wl30           scmetro_tsmc_cl013g_rvt_ss_1p08v_125c

  Point                                                   Incr       Path
  --------------------------------------------------------------------------
  clock SCAN_CLK (rise edge)                              0.00       0.00
  clock network delay (ideal)                             0.00       0.00
  u_ASYNC_FIFO/sync_rreset/shift_reg_reg[1]/CK (SDFFRQX2M)
                                                          0.00       0.00 r
  u_ASYNC_FIFO/sync_rreset/shift_reg_reg[1]/Q (SDFFRQX2M)
                                                          0.69       0.69 r
  u_ASYNC_FIFO/sync_rreset/sync_rst_n (RESET_SYNC_STAGES2_test_0)
                                                          0.00       0.69 r
  u_ASYNC_FIFO/sync_w2r/test_si (DFFS_STAGES2_DATA_WIDTH4_test_1)
                                                          0.00       0.69 r
  u_ASYNC_FIFO/sync_w2r/shift_reg_reg[0][0]/SI (SDFFRQX2M)
                                                          0.00       0.69 r
  data arrival time                                                  0.69

  clock SCAN_CLK (rise edge)                              0.00       0.00
  clock network delay (ideal)                             0.00       0.00
  clock uncertainty                                       0.10       0.10
  u_ASYNC_FIFO/sync_w2r/shift_reg_reg[0][0]/CK (SDFFRQX2M)
                                                          0.00       0.10 r
  library hold time                                      -0.24      -0.14
  data required time                                                -0.14
  --------------------------------------------------------------------------
  data required time                                                -0.14
  data arrival time                                                 -0.69
  --------------------------------------------------------------------------
  slack (MET)                                                        0.82


  Startpoint: u_ASYNC_FIFO/sync_wreset/shift_reg_reg[1]
              (rising edge-triggered flip-flop clocked by SCAN_CLK)
  Endpoint: u_ASYNC_FIFO/wptr_gray_reg[0]
            (rising edge-triggered flip-flop clocked by SCAN_CLK)
  Path Group: SCAN_CLK
  Path Type: min

  Des/Clust/Port     Wire Load Model       Library
  ------------------------------------------------
  SYS_TOP            tsmc13_wl30           scmetro_tsmc_cl013g_rvt_ss_1p08v_125c

  Point                                                   Incr       Path
  --------------------------------------------------------------------------
  clock SCAN_CLK (rise edge)                              0.00       0.00
  clock network delay (ideal)                             0.00       0.00
  u_ASYNC_FIFO/sync_wreset/shift_reg_reg[1]/CK (SDFFRQX2M)
                                                          0.00       0.00 r
  u_ASYNC_FIFO/sync_wreset/shift_reg_reg[1]/Q (SDFFRQX2M)
                                                          0.69       0.69 r
  u_ASYNC_FIFO/sync_wreset/sync_rst_n (RESET_SYNC_STAGES2_test_1)
                                                          0.00       0.69 r
  u_ASYNC_FIFO/wptr_gray_reg[0]/SI (SDFFRQX2M)            0.00       0.69 r
  data arrival time                                                  0.69

  clock SCAN_CLK (rise edge)                              0.00       0.00
  clock network delay (ideal)                             0.00       0.00
  clock uncertainty                                       0.10       0.10
  u_ASYNC_FIFO/wptr_gray_reg[0]/CK (SDFFRQX2M)            0.00       0.10 r
  library hold time                                      -0.24      -0.14
  data required time                                                -0.14
  --------------------------------------------------------------------------
  data required time                                                -0.14
  data arrival time                                                 -0.69
  --------------------------------------------------------------------------
  slack (MET)                                                        0.83


  Startpoint: u_SYS_CTRL/alu_fun_reg_reg[2]
              (rising edge-triggered flip-flop clocked by SCAN_CLK)
  Endpoint: u_SYS_CTRL/alu_fun_reg_reg[3]
            (rising edge-triggered flip-flop clocked by SCAN_CLK)
  Path Group: SCAN_CLK
  Path Type: min

  Des/Clust/Port     Wire Load Model       Library
  ------------------------------------------------
  SYS_TOP            tsmc13_wl30           scmetro_tsmc_cl013g_rvt_ss_1p08v_125c

  Point                                                   Incr       Path
  --------------------------------------------------------------------------
  clock SCAN_CLK (rise edge)                              0.00       0.00
  clock network delay (ideal)                             0.00       0.00
  u_SYS_CTRL/alu_fun_reg_reg[2]/CK (SDFFRQX2M)            0.00       0.00 r
  u_SYS_CTRL/alu_fun_reg_reg[2]/Q (SDFFRQX2M)             0.69       0.69 r
  u_SYS_CTRL/alu_fun_reg_reg[3]/SI (SDFFRQX2M)            0.00       0.69 r
  data arrival time                                                  0.69

  clock SCAN_CLK (rise edge)                              0.00       0.00
  clock network delay (ideal)                             0.00       0.00
  clock uncertainty                                       0.10       0.10
  u_SYS_CTRL/alu_fun_reg_reg[3]/CK (SDFFRQX2M)            0.00       0.10 r
  library hold time                                      -0.24      -0.14
  data required time                                                -0.14
  --------------------------------------------------------------------------
  data required time                                                -0.14
  data arrival time                                                 -0.69
  --------------------------------------------------------------------------
  slack (MET)                                                        0.83


  Startpoint: u_SYS_CTRL/alu_fun_reg_reg[1]
              (rising edge-triggered flip-flop clocked by SCAN_CLK)
  Endpoint: u_SYS_CTRL/alu_fun_reg_reg[2]
            (rising edge-triggered flip-flop clocked by SCAN_CLK)
  Path Group: SCAN_CLK
  Path Type: min

  Des/Clust/Port     Wire Load Model       Library
  ------------------------------------------------
  SYS_TOP            tsmc13_wl30           scmetro_tsmc_cl013g_rvt_ss_1p08v_125c

  Point                                                   Incr       Path
  --------------------------------------------------------------------------
  clock SCAN_CLK (rise edge)                              0.00       0.00
  clock network delay (ideal)                             0.00       0.00
  u_SYS_CTRL/alu_fun_reg_reg[1]/CK (SDFFRQX2M)            0.00       0.00 r
  u_SYS_CTRL/alu_fun_reg_reg[1]/Q (SDFFRQX2M)             0.69       0.69 r
  u_SYS_CTRL/alu_fun_reg_reg[2]/SI (SDFFRQX2M)            0.00       0.69 r
  data arrival time                                                  0.69

  clock SCAN_CLK (rise edge)                              0.00       0.00
  clock network delay (ideal)                             0.00       0.00
  clock uncertainty                                       0.10       0.10
  u_SYS_CTRL/alu_fun_reg_reg[2]/CK (SDFFRQX2M)            0.00       0.10 r
  library hold time                                      -0.24      -0.14
  data required time                                                -0.14
  --------------------------------------------------------------------------
  data required time                                                -0.14
  data arrival time                                                 -0.69
  --------------------------------------------------------------------------
  slack (MET)                                                        0.83


  Startpoint: u_SYS_CTRL/alu_fun_reg_reg[0]
              (rising edge-triggered flip-flop clocked by SCAN_CLK)
  Endpoint: u_SYS_CTRL/alu_fun_reg_reg[1]
            (rising edge-triggered flip-flop clocked by SCAN_CLK)
  Path Group: SCAN_CLK
  Path Type: min

  Des/Clust/Port     Wire Load Model       Library
  ------------------------------------------------
  SYS_TOP            tsmc13_wl30           scmetro_tsmc_cl013g_rvt_ss_1p08v_125c

  Point                                                   Incr       Path
  --------------------------------------------------------------------------
  clock SCAN_CLK (rise edge)                              0.00       0.00
  clock network delay (ideal)                             0.00       0.00
  u_SYS_CTRL/alu_fun_reg_reg[0]/CK (SDFFRQX2M)            0.00       0.00 r
  u_SYS_CTRL/alu_fun_reg_reg[0]/Q (SDFFRQX2M)             0.69       0.69 r
  u_SYS_CTRL/alu_fun_reg_reg[1]/SI (SDFFRQX2M)            0.00       0.69 r
  data arrival time                                                  0.69

  clock SCAN_CLK (rise edge)                              0.00       0.00
  clock network delay (ideal)                             0.00       0.00
  clock uncertainty                                       0.10       0.10
  u_SYS_CTRL/alu_fun_reg_reg[1]/CK (SDFFRQX2M)            0.00       0.10 r
  library hold time                                      -0.24      -0.14
  data required time                                                -0.14
  --------------------------------------------------------------------------
  data required time                                                -0.14
  data arrival time                                                 -0.69
  --------------------------------------------------------------------------
  slack (MET)                                                        0.83


  Startpoint: u_SYS_CTRL/alu_fun_reg_reg[3]
              (rising edge-triggered flip-flop clocked by SCAN_CLK)
  Endpoint: u_SYS_CTRL/current_state_reg[0]
            (rising edge-triggered flip-flop clocked by SCAN_CLK)
  Path Group: SCAN_CLK
  Path Type: min

  Des/Clust/Port     Wire Load Model       Library
  ------------------------------------------------
  SYS_TOP            tsmc13_wl30           scmetro_tsmc_cl013g_rvt_ss_1p08v_125c

  Point                                                   Incr       Path
  --------------------------------------------------------------------------
  clock SCAN_CLK (rise edge)                              0.00       0.00
  clock network delay (ideal)                             0.00       0.00
  u_SYS_CTRL/alu_fun_reg_reg[3]/CK (SDFFRQX2M)            0.00       0.00 r
  u_SYS_CTRL/alu_fun_reg_reg[3]/Q (SDFFRQX2M)             0.69       0.69 r
  u_SYS_CTRL/current_state_reg[0]/SI (SDFFRQX4M)          0.00       0.69 r
  data arrival time                                                  0.69

  clock SCAN_CLK (rise edge)                              0.00       0.00
  clock network delay (ideal)                             0.00       0.00
  clock uncertainty                                       0.10       0.10
  u_SYS_CTRL/current_state_reg[0]/CK (SDFFRQX4M)          0.00       0.10 r
  library hold time                                      -0.24      -0.14
  data required time                                                -0.14
  --------------------------------------------------------------------------
  data required time                                                -0.14
  data arrival time                                                 -0.69
  --------------------------------------------------------------------------
  slack (MET)                                                        0.83


  Startpoint: u_ASYNC_FIFO/sync_r2w/shift_reg_reg[2][1]
              (rising edge-triggered flip-flop clocked by SCAN_CLK)
  Endpoint: u_ASYNC_FIFO/sync_r2w/shift_reg_reg[3][0]
            (rising edge-triggered flip-flop clocked by SCAN_CLK)
  Path Group: SCAN_CLK
  Path Type: min

  Des/Clust/Port     Wire Load Model       Library
  ------------------------------------------------
  SYS_TOP            tsmc13_wl30           scmetro_tsmc_cl013g_rvt_ss_1p08v_125c

  Point                                                   Incr       Path
  --------------------------------------------------------------------------
  clock SCAN_CLK (rise edge)                              0.00       0.00
  clock network delay (ideal)                             0.00       0.00
  u_ASYNC_FIFO/sync_r2w/shift_reg_reg[2][1]/CK (SDFFRQX2M)
                                                          0.00       0.00 r
  u_ASYNC_FIFO/sync_r2w/shift_reg_reg[2][1]/Q (SDFFRQX2M)
                                                          0.69       0.69 r
  u_ASYNC_FIFO/sync_r2w/shift_reg_reg[3][0]/SI (SDFFRQX2M)
                                                          0.00       0.69 r
  data arrival time                                                  0.69

  clock SCAN_CLK (rise edge)                              0.00       0.00
  clock network delay (ideal)                             0.00       0.00
  clock uncertainty                                       0.10       0.10
  u_ASYNC_FIFO/sync_r2w/shift_reg_reg[3][0]/CK (SDFFRQX2M)
                                                          0.00       0.10 r
  library hold time                                      -0.24      -0.14
  data required time                                                -0.14
  --------------------------------------------------------------------------
  data required time                                                -0.14
  data arrival time                                                 -0.69
  --------------------------------------------------------------------------
  slack (MET)                                                        0.83


  Startpoint: u_ASYNC_FIFO/sync_r2w/shift_reg_reg[0][1]
              (rising edge-triggered flip-flop clocked by SCAN_CLK)
  Endpoint: u_ASYNC_FIFO/sync_r2w/shift_reg_reg[1][0]
            (rising edge-triggered flip-flop clocked by SCAN_CLK)
  Path Group: SCAN_CLK
  Path Type: min

  Des/Clust/Port     Wire Load Model       Library
  ------------------------------------------------
  SYS_TOP            tsmc13_wl30           scmetro_tsmc_cl013g_rvt_ss_1p08v_125c

  Point                                                   Incr       Path
  --------------------------------------------------------------------------
  clock SCAN_CLK (rise edge)                              0.00       0.00
  clock network delay (ideal)                             0.00       0.00
  u_ASYNC_FIFO/sync_r2w/shift_reg_reg[0][1]/CK (SDFFRQX2M)
                                                          0.00       0.00 r
  u_ASYNC_FIFO/sync_r2w/shift_reg_reg[0][1]/Q (SDFFRQX2M)
                                                          0.69       0.69 r
  u_ASYNC_FIFO/sync_r2w/shift_reg_reg[1][0]/SI (SDFFRQX2M)
                                                          0.00       0.69 r
  data arrival time                                                  0.69

  clock SCAN_CLK (rise edge)                              0.00       0.00
  clock network delay (ideal)                             0.00       0.00
  clock uncertainty                                       0.10       0.10
  u_ASYNC_FIFO/sync_r2w/shift_reg_reg[1][0]/CK (SDFFRQX2M)
                                                          0.00       0.10 r
  library hold time                                      -0.24      -0.14
  data required time                                                -0.14
  --------------------------------------------------------------------------
  data required time                                                -0.14
  data arrival time                                                 -0.69
  --------------------------------------------------------------------------
  slack (MET)                                                        0.83


  Startpoint: u_ASYNC_FIFO/sync_w2r/shift_reg_reg[1][0]
              (rising edge-triggered flip-flop clocked by SCAN_CLK)
  Endpoint: u_ASYNC_FIFO/sync_w2r/shift_reg_reg[1][1]
            (rising edge-triggered flip-flop clocked by SCAN_CLK)
  Path Group: SCAN_CLK
  Path Type: min

  Des/Clust/Port     Wire Load Model       Library
  ------------------------------------------------
  SYS_TOP            tsmc13_wl30           scmetro_tsmc_cl013g_rvt_ss_1p08v_125c

  Point                                                   Incr       Path
  --------------------------------------------------------------------------
  clock SCAN_CLK (rise edge)                              0.00       0.00
  clock network delay (ideal)                             0.00       0.00
  u_ASYNC_FIFO/sync_w2r/shift_reg_reg[1][0]/CK (SDFFRQX2M)
                                                          0.00       0.00 r
  u_ASYNC_FIFO/sync_w2r/shift_reg_reg[1][0]/Q (SDFFRQX2M)
                                                          0.68       0.68 r
  u_ASYNC_FIFO/sync_w2r/shift_reg_reg[1][1]/SI (SDFFRQX1M)
                                                          0.00       0.68 r
  data arrival time                                                  0.68

  clock SCAN_CLK (rise edge)                              0.00       0.00
  clock network delay (ideal)                             0.00       0.00
  clock uncertainty                                       0.10       0.10
  u_ASYNC_FIFO/sync_w2r/shift_reg_reg[1][1]/CK (SDFFRQX1M)
                                                          0.00       0.10 r
  library hold time                                      -0.25      -0.15
  data required time                                                -0.15
  --------------------------------------------------------------------------
  data required time                                                -0.15
  data arrival time                                                 -0.68
  --------------------------------------------------------------------------
  slack (MET)                                                        0.83


  Startpoint: u_ASYNC_FIFO/sync_w2r/shift_reg_reg[0][0]
              (rising edge-triggered flip-flop clocked by SCAN_CLK)
  Endpoint: u_ASYNC_FIFO/sync_w2r/shift_reg_reg[0][1]
            (rising edge-triggered flip-flop clocked by SCAN_CLK)
  Path Group: SCAN_CLK
  Path Type: min

  Des/Clust/Port     Wire Load Model       Library
  ------------------------------------------------
  SYS_TOP            tsmc13_wl30           scmetro_tsmc_cl013g_rvt_ss_1p08v_125c

  Point                                                   Incr       Path
  --------------------------------------------------------------------------
  clock SCAN_CLK (rise edge)                              0.00       0.00
  clock network delay (ideal)                             0.00       0.00
  u_ASYNC_FIFO/sync_w2r/shift_reg_reg[0][0]/CK (SDFFRQX2M)
                                                          0.00       0.00 r
  u_ASYNC_FIFO/sync_w2r/shift_reg_reg[0][0]/Q (SDFFRQX2M)
                                                          0.68       0.68 r
  u_ASYNC_FIFO/sync_w2r/shift_reg_reg[0][1]/SI (SDFFRQX1M)
                                                          0.00       0.68 r
  data arrival time                                                  0.68

  clock SCAN_CLK (rise edge)                              0.00       0.00
  clock network delay (ideal)                             0.00       0.00
  clock uncertainty                                       0.10       0.10
  u_ASYNC_FIFO/sync_w2r/shift_reg_reg[0][1]/CK (SDFFRQX1M)
                                                          0.00       0.10 r
  library hold time                                      -0.25      -0.15
  data required time                                                -0.15
  --------------------------------------------------------------------------
  data required time                                                -0.15
  data arrival time                                                 -0.68
  --------------------------------------------------------------------------
  slack (MET)                                                        0.83


  Startpoint: u_RST_SYNC_1/shift_reg_reg[1]
              (rising edge-triggered flip-flop clocked by SCAN_CLK)
  Endpoint: u_RST_SYNC_2/shift_reg_reg[0]
            (rising edge-triggered flip-flop clocked by SCAN_CLK)
  Path Group: SCAN_CLK
  Path Type: min

  Des/Clust/Port     Wire Load Model       Library
  ------------------------------------------------
  SYS_TOP            tsmc13_wl30           scmetro_tsmc_cl013g_rvt_ss_1p08v_125c

  Point                                                   Incr       Path
  --------------------------------------------------------------------------
  clock SCAN_CLK (rise edge)                              0.00       0.00
  clock network delay (ideal)                             0.00       0.00
  u_RST_SYNC_1/shift_reg_reg[1]/CK (SDFFRQX2M)            0.00       0.00 r
  u_RST_SYNC_1/shift_reg_reg[1]/Q (SDFFRQX2M)             0.69       0.69 r
  u_RST_SYNC_1/sync_rst_n (RESET_SYNC_STAGES2_test_2)     0.00       0.69 r
  u_RST_SYNC_2/test_si (RESET_SYNC_STAGES2_test_3)        0.00       0.69 r
  u_RST_SYNC_2/shift_reg_reg[0]/SI (SDFFRQX1M)            0.00       0.69 r
  data arrival time                                                  0.69

  clock SCAN_CLK (rise edge)                              0.00       0.00
  clock network delay (ideal)                             0.00       0.00
  clock uncertainty                                       0.10       0.10
  u_RST_SYNC_2/shift_reg_reg[0]/CK (SDFFRQX1M)            0.00       0.10 r
  library hold time                                      -0.26      -0.16
  data required time                                                -0.16
  --------------------------------------------------------------------------
  data required time                                                -0.16
  data arrival time                                                 -0.69
  --------------------------------------------------------------------------
  slack (MET)                                                        0.84


  Startpoint: u_RegFile/RdData_Valid_reg
              (rising edge-triggered flip-flop clocked by SCAN_CLK)
  Endpoint: u_RegFile/RdData_reg[0]
            (rising edge-triggered flip-flop clocked by SCAN_CLK)
  Path Group: SCAN_CLK
  Path Type: min

  Des/Clust/Port     Wire Load Model       Library
  ------------------------------------------------
  SYS_TOP            tsmc13_wl30           scmetro_tsmc_cl013g_rvt_ss_1p08v_125c

  Point                                                   Incr       Path
  --------------------------------------------------------------------------
  clock SCAN_CLK (rise edge)                              0.00       0.00
  clock network delay (ideal)                             0.00       0.00
  u_RegFile/RdData_Valid_reg/CK (SDFFRQX2M)               0.00       0.00 r
  u_RegFile/RdData_Valid_reg/Q (SDFFRQX2M)                0.71       0.71 r
  u_RegFile/RdData_reg[0]/SI (SDFFRQX2M)                  0.00       0.71 r
  data arrival time                                                  0.71

  clock SCAN_CLK (rise edge)                              0.00       0.00
  clock network delay (ideal)                             0.00       0.00
  clock uncertainty                                       0.10       0.10
  u_RegFile/RdData_reg[0]/CK (SDFFRQX2M)                  0.00       0.10 r
  library hold time                                      -0.24      -0.14
  data required time                                                -0.14
  --------------------------------------------------------------------------
  data required time                                                -0.14
  data arrival time                                                 -0.71
  --------------------------------------------------------------------------
  slack (MET)                                                        0.85


  Startpoint: u_RegFile/mem_reg[2][0]
              (rising edge-triggered flip-flop clocked by SCAN_CLK)
  Endpoint: u_RegFile/mem_reg[2][1]
            (rising edge-triggered flip-flop clocked by SCAN_CLK)
  Path Group: SCAN_CLK
  Path Type: min

  Des/Clust/Port     Wire Load Model       Library
  ------------------------------------------------
  SYS_TOP            tsmc13_wl30           scmetro_tsmc_cl013g_rvt_ss_1p08v_125c

  Point                                                   Incr       Path
  --------------------------------------------------------------------------
  clock SCAN_CLK (rise edge)                              0.00       0.00
  clock network delay (ideal)                             0.00       0.00
  u_RegFile/mem_reg[2][0]/CK (SDFFSQX2M)                  0.00       0.00 r
  u_RegFile/mem_reg[2][0]/Q (SDFFSQX2M)                   0.71       0.71 r
  u_RegFile/mem_reg[2][1]/SI (SDFFRQX2M)                  0.00       0.71 r
  data arrival time                                                  0.71

  clock SCAN_CLK (rise edge)                              0.00       0.00
  clock network delay (ideal)                             0.00       0.00
  clock uncertainty                                       0.10       0.10
  u_RegFile/mem_reg[2][1]/CK (SDFFRQX2M)                  0.00       0.10 r
  library hold time                                      -0.24      -0.14
  data required time                                                -0.14
  --------------------------------------------------------------------------
  data required time                                                -0.14
  data arrival time                                                 -0.71
  --------------------------------------------------------------------------
  slack (MET)                                                        0.85


  Startpoint: u_RegFile/mem_reg[3][5]
              (rising edge-triggered flip-flop clocked by SCAN_CLK)
  Endpoint: u_RegFile/mem_reg[3][6]
            (rising edge-triggered flip-flop clocked by SCAN_CLK)
  Path Group: SCAN_CLK
  Path Type: min

  Des/Clust/Port     Wire Load Model       Library
  ------------------------------------------------
  SYS_TOP            tsmc13_wl30           scmetro_tsmc_cl013g_rvt_ss_1p08v_125c

  Point                                                   Incr       Path
  --------------------------------------------------------------------------
  clock SCAN_CLK (rise edge)                              0.00       0.00
  clock network delay (ideal)                             0.00       0.00
  u_RegFile/mem_reg[3][5]/CK (SDFFSQX2M)                  0.00       0.00 r
  u_RegFile/mem_reg[3][5]/Q (SDFFSQX2M)                   0.71       0.71 r
  u_RegFile/mem_reg[3][6]/SI (SDFFRQX1M)                  0.00       0.71 r
  data arrival time                                                  0.71

  clock SCAN_CLK (rise edge)                              0.00       0.00
  clock network delay (ideal)                             0.00       0.00
  clock uncertainty                                       0.10       0.10
  u_RegFile/mem_reg[3][6]/CK (SDFFRQX1M)                  0.00       0.10 r
  library hold time                                      -0.25      -0.15
  data required time                                                -0.15
  --------------------------------------------------------------------------
  data required time                                                -0.15
  data arrival time                                                 -0.71
  --------------------------------------------------------------------------
  slack (MET)                                                        0.87


  Startpoint: u_RegFile/mem_reg[2][5]
              (rising edge-triggered flip-flop clocked by SCAN_CLK)
  Endpoint: u_RegFile/mem_reg[2][6]
            (rising edge-triggered flip-flop clocked by SCAN_CLK)
  Path Group: SCAN_CLK
  Path Type: min

  Des/Clust/Port     Wire Load Model       Library
  ------------------------------------------------
  SYS_TOP            tsmc13_wl30           scmetro_tsmc_cl013g_rvt_ss_1p08v_125c

  Point                                                   Incr       Path
  --------------------------------------------------------------------------
  clock SCAN_CLK (rise edge)                              0.00       0.00
  clock network delay (ideal)                             0.00       0.00
  u_RegFile/mem_reg[2][5]/CK (SDFFSQX2M)                  0.00       0.00 r
  u_RegFile/mem_reg[2][5]/Q (SDFFSQX2M)                   0.71       0.71 r
  u_RegFile/mem_reg[2][6]/SI (SDFFRQX1M)                  0.00       0.71 r
  data arrival time                                                  0.71

  clock SCAN_CLK (rise edge)                              0.00       0.00
  clock network delay (ideal)                             0.00       0.00
  clock uncertainty                                       0.10       0.10
  u_RegFile/mem_reg[2][6]/CK (SDFFRQX1M)                  0.00       0.10 r
  library hold time                                      -0.25      -0.15
  data required time                                                -0.15
  --------------------------------------------------------------------------
  data required time                                                -0.15
  data arrival time                                                 -0.71
  --------------------------------------------------------------------------
  slack (MET)                                                        0.87


  Startpoint: u_CLK_DIV_RX/t2_neg_reg
              (falling edge-triggered flip-flop clocked by SCAN_CLK)
  Endpoint: u_CLK_DIV_TX/t2_neg_reg
            (falling edge-triggered flip-flop clocked by SCAN_CLK)
  Path Group: SCAN_CLK
  Path Type: min

  Des/Clust/Port     Wire Load Model       Library
  ------------------------------------------------
  SYS_TOP            tsmc13_wl30           scmetro_tsmc_cl013g_rvt_ss_1p08v_125c

  Point                                                   Incr       Path
  --------------------------------------------------------------------------
  clock SCAN_CLK (fall edge)                             50.00      50.00
  clock network delay (ideal)                             0.00      50.00
  u_CLK_DIV_RX/t2_neg_reg/CKN (SDFFNSRHX1M)               0.00      50.00 f
  u_CLK_DIV_RX/t2_neg_reg/QN (SDFFNSRHX1M)                0.95      50.95 r
  u_CLK_DIV_RX/test_so1 (CLK_DIV_test_1)                  0.00      50.95 r
  u_CLK_DIV_TX/test_si1 (CLK_DIV_test_0)                  0.00      50.95 r
  u_CLK_DIV_TX/t2_neg_reg/SI (SDFFNSRHX1M)                0.00      50.95 r
  data arrival time                                                 50.95

  clock SCAN_CLK (fall edge)                             50.00      50.00
  clock network delay (ideal)                             0.00      50.00
  clock uncertainty                                       0.10      50.10
  u_CLK_DIV_TX/t2_neg_reg/CKN (SDFFNSRHX1M)               0.00      50.10 f
  library hold time                                      -0.05      50.05
  data required time                                                50.05
  --------------------------------------------------------------------------
  data required time                                                50.05
  data arrival time                                                -50.95
  --------------------------------------------------------------------------
  slack (MET)                                                        0.89


  Startpoint: u_DATA_SYNC/shift_reg_reg[1]
              (rising edge-triggered flip-flop clocked by SCAN_CLK)
  Endpoint: u_DATA_SYNC/en_out_del_reg
            (rising edge-triggered flip-flop clocked by SCAN_CLK)
  Path Group: SCAN_CLK
  Path Type: min

  Des/Clust/Port     Wire Load Model       Library
  ------------------------------------------------
  SYS_TOP            tsmc13_wl30           scmetro_tsmc_cl013g_rvt_ss_1p08v_125c

  Point                                                   Incr       Path
  --------------------------------------------------------------------------
  clock SCAN_CLK (rise edge)                              0.00       0.00
  clock network delay (ideal)                             0.00       0.00
  u_DATA_SYNC/shift_reg_reg[1]/CK (SDFFRQX2M)             0.00       0.00 r
  u_DATA_SYNC/shift_reg_reg[1]/Q (SDFFRQX2M)              0.72       0.72 f
  u_DATA_SYNC/en_out_del_reg/D (SDFFRQX2M)                0.00       0.72 f
  data arrival time                                                  0.72

  clock SCAN_CLK (rise edge)                              0.00       0.00
  clock network delay (ideal)                             0.00       0.00
  clock uncertainty                                       0.10       0.10
  u_DATA_SYNC/en_out_del_reg/CK (SDFFRQX2M)               0.00       0.10 r
  library hold time                                      -0.29      -0.19
  data required time                                                -0.19
  --------------------------------------------------------------------------
  data required time                                                -0.19
  data arrival time                                                 -0.72
  --------------------------------------------------------------------------
  slack (MET)                                                        0.91


  Startpoint: u_ASYNC_FIFO/rptr_gray_reg[2]
              (rising edge-triggered flip-flop clocked by SCAN_CLK)
  Endpoint: u_ASYNC_FIFO/sync_r2w/shift_reg_reg[2][0]
            (rising edge-triggered flip-flop clocked by SCAN_CLK)
  Path Group: SCAN_CLK
  Path Type: min

  Des/Clust/Port     Wire Load Model       Library
  ------------------------------------------------
  SYS_TOP            tsmc13_wl30           scmetro_tsmc_cl013g_rvt_ss_1p08v_125c

  Point                                                   Incr       Path
  --------------------------------------------------------------------------
  clock SCAN_CLK (rise edge)                              0.00       0.00
  clock network delay (ideal)                             0.00       0.00
  u_ASYNC_FIFO/rptr_gray_reg[2]/CK (SDFFRQX1M)            0.00       0.00 r
  u_ASYNC_FIFO/rptr_gray_reg[2]/Q (SDFFRQX1M)             0.76       0.76 f
  u_ASYNC_FIFO/sync_r2w/DATA_IN[2] (DFFS_STAGES2_DATA_WIDTH4_test_0)
                                                          0.00       0.76 f
  u_ASYNC_FIFO/sync_r2w/shift_reg_reg[2][0]/D (SDFFRQX2M)
                                                          0.00       0.76 f
  data arrival time                                                  0.76

  clock SCAN_CLK (rise edge)                              0.00       0.00
  clock network delay (ideal)                             0.00       0.00
  clock uncertainty                                       0.10       0.10
  u_ASYNC_FIFO/sync_r2w/shift_reg_reg[2][0]/CK (SDFFRQX2M)
                                                          0.00       0.10 r
  library hold time                                      -0.31      -0.21
  data required time                                                -0.21
  --------------------------------------------------------------------------
  data required time                                                -0.21
  data arrival time                                                 -0.76
  --------------------------------------------------------------------------
  slack (MET)                                                        0.96


  Startpoint: u_ASYNC_FIFO/rptr_gray_reg[0]
              (rising edge-triggered flip-flop clocked by SCAN_CLK)
  Endpoint: u_ASYNC_FIFO/sync_r2w/shift_reg_reg[0][0]
            (rising edge-triggered flip-flop clocked by SCAN_CLK)
  Path Group: SCAN_CLK
  Path Type: min

  Des/Clust/Port     Wire Load Model       Library
  ------------------------------------------------
  SYS_TOP            tsmc13_wl30           scmetro_tsmc_cl013g_rvt_ss_1p08v_125c

  Point                                                   Incr       Path
  --------------------------------------------------------------------------
  clock SCAN_CLK (rise edge)                              0.00       0.00
  clock network delay (ideal)                             0.00       0.00
  u_ASYNC_FIFO/rptr_gray_reg[0]/CK (SDFFRQX1M)            0.00       0.00 r
  u_ASYNC_FIFO/rptr_gray_reg[0]/Q (SDFFRQX1M)             0.76       0.76 f
  u_ASYNC_FIFO/sync_r2w/DATA_IN[0] (DFFS_STAGES2_DATA_WIDTH4_test_0)
                                                          0.00       0.76 f
  u_ASYNC_FIFO/sync_r2w/shift_reg_reg[0][0]/D (SDFFRQX2M)
                                                          0.00       0.76 f
  data arrival time                                                  0.76

  clock SCAN_CLK (rise edge)                              0.00       0.00
  clock network delay (ideal)                             0.00       0.00
  clock uncertainty                                       0.10       0.10
  u_ASYNC_FIFO/sync_r2w/shift_reg_reg[0][0]/CK (SDFFRQX2M)
                                                          0.00       0.10 r
  library hold time                                      -0.31      -0.21
  data required time                                                -0.21
  --------------------------------------------------------------------------
  data required time                                                -0.21
  data arrival time                                                 -0.76
  --------------------------------------------------------------------------
  slack (MET)                                                        0.96


  Startpoint: sync_clk_div_en_ff1_reg
              (rising edge-triggered flip-flop clocked by SCAN_CLK)
  Endpoint: sync_clk_div_en_ff2_reg
            (rising edge-triggered flip-flop clocked by SCAN_CLK)
  Path Group: SCAN_CLK
  Path Type: min

  Des/Clust/Port     Wire Load Model       Library
  ------------------------------------------------
  SYS_TOP            tsmc13_wl30           scmetro_tsmc_cl013g_rvt_ss_1p08v_125c

  Point                                                   Incr       Path
  --------------------------------------------------------------------------
  clock SCAN_CLK (rise edge)                              0.00       0.00
  clock network delay (ideal)                             0.00       0.00
  sync_clk_div_en_ff1_reg/CK (SDFFRQX1M)                  0.00       0.00 r
  sync_clk_div_en_ff1_reg/Q (SDFFRQX1M)                   0.76       0.76 f
  sync_clk_div_en_ff2_reg/D (SDFFRQX2M)                   0.00       0.76 f
  data arrival time                                                  0.76

  clock SCAN_CLK (rise edge)                              0.00       0.00
  clock network delay (ideal)                             0.00       0.00
  clock uncertainty                                       0.10       0.10
  sync_clk_div_en_ff2_reg/CK (SDFFRQX2M)                  0.00       0.10 r
  library hold time                                      -0.31      -0.21
  data required time                                                -0.21
  --------------------------------------------------------------------------
  data required time                                                -0.21
  data arrival time                                                 -0.76
  --------------------------------------------------------------------------
  slack (MET)                                                        0.96


  Startpoint: u_RST_SYNC_2/shift_reg_reg[0]
              (rising edge-triggered flip-flop clocked by SCAN_CLK)
  Endpoint: u_RST_SYNC_2/shift_reg_reg[1]
            (rising edge-triggered flip-flop clocked by SCAN_CLK)
  Path Group: SCAN_CLK
  Path Type: min

  Des/Clust/Port     Wire Load Model       Library
  ------------------------------------------------
  SYS_TOP            tsmc13_wl30           scmetro_tsmc_cl013g_rvt_ss_1p08v_125c

  Point                                                   Incr       Path
  --------------------------------------------------------------------------
  clock SCAN_CLK (rise edge)                              0.00       0.00
  clock network delay (ideal)                             0.00       0.00
  u_RST_SYNC_2/shift_reg_reg[0]/CK (SDFFRQX1M)            0.00       0.00 r
  u_RST_SYNC_2/shift_reg_reg[0]/Q (SDFFRQX1M)             0.76       0.76 f
  u_RST_SYNC_2/shift_reg_reg[1]/D (SDFFRQX2M)             0.00       0.76 f
  data arrival time                                                  0.76

  clock SCAN_CLK (rise edge)                              0.00       0.00
  clock network delay (ideal)                             0.00       0.00
  clock uncertainty                                       0.10       0.10
  u_RST_SYNC_2/shift_reg_reg[1]/CK (SDFFRQX2M)            0.00       0.10 r
  library hold time                                      -0.31      -0.21
  data required time                                                -0.21
  --------------------------------------------------------------------------
  data required time                                                -0.21
  data arrival time                                                 -0.76
  --------------------------------------------------------------------------
  slack (MET)                                                        0.96


  Startpoint: u_ASYNC_FIFO/rptr_gray_reg[3]
              (rising edge-triggered flip-flop clocked by SCAN_CLK)
  Endpoint: u_ASYNC_FIFO/sync_r2w/shift_reg_reg[3][0]
            (rising edge-triggered flip-flop clocked by SCAN_CLK)
  Path Group: SCAN_CLK
  Path Type: min

  Des/Clust/Port     Wire Load Model       Library
  ------------------------------------------------
  SYS_TOP            tsmc13_wl30           scmetro_tsmc_cl013g_rvt_ss_1p08v_125c

  Point                                                   Incr       Path
  --------------------------------------------------------------------------
  clock SCAN_CLK (rise edge)                              0.00       0.00
  clock network delay (ideal)                             0.00       0.00
  u_ASYNC_FIFO/rptr_gray_reg[3]/CK (SDFFRQX1M)            0.00       0.00 r
  u_ASYNC_FIFO/rptr_gray_reg[3]/Q (SDFFRQX1M)             0.76       0.76 f
  u_ASYNC_FIFO/sync_r2w/DATA_IN[3] (DFFS_STAGES2_DATA_WIDTH4_test_0)
                                                          0.00       0.76 f
  u_ASYNC_FIFO/sync_r2w/shift_reg_reg[3][0]/D (SDFFRQX2M)
                                                          0.00       0.76 f
  data arrival time                                                  0.76

  clock SCAN_CLK (rise edge)                              0.00       0.00
  clock network delay (ideal)                             0.00       0.00
  clock uncertainty                                       0.10       0.10
  u_ASYNC_FIFO/sync_r2w/shift_reg_reg[3][0]/CK (SDFFRQX2M)
                                                          0.00       0.10 r
  library hold time                                      -0.31      -0.21
  data required time                                                -0.21
  --------------------------------------------------------------------------
  data required time                                                -0.21
  data arrival time                                                 -0.76
  --------------------------------------------------------------------------
  slack (MET)                                                        0.96


  Startpoint: u_ASYNC_FIFO/sync_w2r/shift_reg_reg[3][0]
              (rising edge-triggered flip-flop clocked by SCAN_CLK)
  Endpoint: u_ASYNC_FIFO/sync_w2r/shift_reg_reg[3][1]
            (rising edge-triggered flip-flop clocked by SCAN_CLK)
  Path Group: SCAN_CLK
  Path Type: min

  Des/Clust/Port     Wire Load Model       Library
  ------------------------------------------------
  SYS_TOP            tsmc13_wl30           scmetro_tsmc_cl013g_rvt_ss_1p08v_125c

  Point                                                   Incr       Path
  --------------------------------------------------------------------------
  clock SCAN_CLK (rise edge)                              0.00       0.00
  clock network delay (ideal)                             0.00       0.00
  u_ASYNC_FIFO/sync_w2r/shift_reg_reg[3][0]/CK (SDFFRQX1M)
                                                          0.00       0.00 r
  u_ASYNC_FIFO/sync_w2r/shift_reg_reg[3][0]/Q (SDFFRQX1M)
                                                          0.76       0.76 f
  u_ASYNC_FIFO/sync_w2r/shift_reg_reg[3][1]/D (SDFFRQX1M)
                                                          0.00       0.76 f
  data arrival time                                                  0.76

  clock SCAN_CLK (rise edge)                              0.00       0.00
  clock network delay (ideal)                             0.00       0.00
  clock uncertainty                                       0.10       0.10
  u_ASYNC_FIFO/sync_w2r/shift_reg_reg[3][1]/CK (SDFFRQX1M)
                                                          0.00       0.10 r
  library hold time                                      -0.31      -0.21
  data required time                                                -0.21
  --------------------------------------------------------------------------
  data required time                                                -0.21
  data arrival time                                                 -0.76
  --------------------------------------------------------------------------
  slack (MET)                                                        0.97


  Startpoint: u_ASYNC_FIFO/sync_w2r/shift_reg_reg[2][0]
              (rising edge-triggered flip-flop clocked by SCAN_CLK)
  Endpoint: u_ASYNC_FIFO/sync_w2r/shift_reg_reg[2][1]
            (rising edge-triggered flip-flop clocked by SCAN_CLK)
  Path Group: SCAN_CLK
  Path Type: min

  Des/Clust/Port     Wire Load Model       Library
  ------------------------------------------------
  SYS_TOP            tsmc13_wl30           scmetro_tsmc_cl013g_rvt_ss_1p08v_125c

  Point                                                   Incr       Path
  --------------------------------------------------------------------------
  clock SCAN_CLK (rise edge)                              0.00       0.00
  clock network delay (ideal)                             0.00       0.00
  u_ASYNC_FIFO/sync_w2r/shift_reg_reg[2][0]/CK (SDFFRQX1M)
                                                          0.00       0.00 r
  u_ASYNC_FIFO/sync_w2r/shift_reg_reg[2][0]/Q (SDFFRQX1M)
                                                          0.76       0.76 f
  u_ASYNC_FIFO/sync_w2r/shift_reg_reg[2][1]/D (SDFFRQX1M)
                                                          0.00       0.76 f
  data arrival time                                                  0.76

  clock SCAN_CLK (rise edge)                              0.00       0.00
  clock network delay (ideal)                             0.00       0.00
  clock uncertainty                                       0.10       0.10
  u_ASYNC_FIFO/sync_w2r/shift_reg_reg[2][1]/CK (SDFFRQX1M)
                                                          0.00       0.10 r
  library hold time                                      -0.31      -0.21
  data required time                                                -0.21
  --------------------------------------------------------------------------
  data required time                                                -0.21
  data arrival time                                                 -0.76
  --------------------------------------------------------------------------
  slack (MET)                                                        0.97


  Startpoint: u_RegFile/mem_reg[12][7]
              (rising edge-triggered flip-flop clocked by SCAN_CLK)
  Endpoint: u_RegFile/mem_reg[13][0]
            (rising edge-triggered flip-flop clocked by SCAN_CLK)
  Path Group: SCAN_CLK
  Path Type: min

  Des/Clust/Port     Wire Load Model       Library
  ------------------------------------------------
  SYS_TOP            tsmc13_wl30           scmetro_tsmc_cl013g_rvt_ss_1p08v_125c

  Point                                                   Incr       Path
  --------------------------------------------------------------------------
  clock SCAN_CLK (rise edge)                              0.00       0.00
  clock network delay (ideal)                             0.00       0.00
  u_RegFile/mem_reg[12][7]/CK (SDFFRQX2M)                 0.00       0.00 r
  u_RegFile/mem_reg[12][7]/Q (SDFFRQX2M)                  0.72       0.72 f
  u_RegFile/mem_reg[13][0]/SI (SDFFRQX4M)                 0.00       0.72 f
  data arrival time                                                  0.72

  clock SCAN_CLK (rise edge)                              0.00       0.00
  clock network delay (ideal)                             0.00       0.00
  clock uncertainty                                       0.10       0.10
  u_RegFile/mem_reg[13][0]/CK (SDFFRQX4M)                 0.00       0.10 r
  library hold time                                      -0.35      -0.25
  data required time                                                -0.25
  --------------------------------------------------------------------------
  data required time                                                -0.25
  data arrival time                                                 -0.72
  --------------------------------------------------------------------------
  slack (MET)                                                        0.97


  Startpoint: u_DATA_SYNC/shift_reg_reg[1]
              (rising edge-triggered flip-flop clocked by SCAN_CLK)
  Endpoint: u_DATA_SYNC/sync_bus_reg[0]
            (rising edge-triggered flip-flop clocked by SCAN_CLK)
  Path Group: SCAN_CLK
  Path Type: min

  Des/Clust/Port     Wire Load Model       Library
  ------------------------------------------------
  SYS_TOP            tsmc13_wl30           scmetro_tsmc_cl013g_rvt_ss_1p08v_125c

  Point                                                   Incr       Path
  --------------------------------------------------------------------------
  clock SCAN_CLK (rise edge)                              0.00       0.00
  clock network delay (ideal)                             0.00       0.00
  u_DATA_SYNC/shift_reg_reg[1]/CK (SDFFRQX2M)             0.00       0.00 r
  u_DATA_SYNC/shift_reg_reg[1]/Q (SDFFRQX2M)              0.72       0.72 f
  u_DATA_SYNC/sync_bus_reg[0]/SI (SDFFRQX4M)              0.00       0.72 f
  data arrival time                                                  0.72

  clock SCAN_CLK (rise edge)                              0.00       0.00
  clock network delay (ideal)                             0.00       0.00
  clock uncertainty                                       0.10       0.10
  u_DATA_SYNC/sync_bus_reg[0]/CK (SDFFRQX4M)              0.00       0.10 r
  library hold time                                      -0.35      -0.25
  data required time                                                -0.25
  --------------------------------------------------------------------------
  data required time                                                -0.25
  data arrival time                                                 -0.72
  --------------------------------------------------------------------------
  slack (MET)                                                        0.97


  Startpoint: u_ASYNC_FIFO/memory_core/mem_reg[7][7]
              (rising edge-triggered flip-flop clocked by SCAN_CLK)
  Endpoint: u_ASYNC_FIFO/rd_logic/rptr_bin_reg[0]
            (rising edge-triggered flip-flop clocked by SCAN_CLK)
  Path Group: SCAN_CLK
  Path Type: min

  Des/Clust/Port     Wire Load Model       Library
  ------------------------------------------------
  SYS_TOP            tsmc13_wl30           scmetro_tsmc_cl013g_rvt_ss_1p08v_125c

  Point                                                   Incr       Path
  --------------------------------------------------------------------------
  clock SCAN_CLK (rise edge)                              0.00       0.00
  clock network delay (ideal)                             0.00       0.00
  u_ASYNC_FIFO/memory_core/mem_reg[7][7]/CK (SDFFRQX2M)
                                                          0.00       0.00 r
  u_ASYNC_FIFO/memory_core/mem_reg[7][7]/Q (SDFFRQX2M)
                                                          0.72       0.72 f
  u_ASYNC_FIFO/memory_core/test_so (FIFO_MEM_DATA_WIDTH8_ADDR8_test_1)
                                                          0.00       0.72 f
  u_ASYNC_FIFO/rd_logic/test_si (FIFO_RD_ADDR8_test_1)
                                                          0.00       0.72 f
  u_ASYNC_FIFO/rd_logic/rptr_bin_reg[0]/SI (SDFFRQX4M)
                                                          0.00       0.72 f
  data arrival time                                                  0.72

  clock SCAN_CLK (rise edge)                              0.00       0.00
  clock network delay (ideal)                             0.00       0.00
  clock uncertainty                                       0.10       0.10
  u_ASYNC_FIFO/rd_logic/rptr_bin_reg[0]/CK (SDFFRQX4M)
                                                          0.00       0.10 r
  library hold time                                      -0.35      -0.25
  data required time                                                -0.25
  --------------------------------------------------------------------------
  data required time                                                -0.25
  data arrival time                                                 -0.72
  --------------------------------------------------------------------------
  slack (MET)                                                        0.98


  Startpoint: u_ASYNC_FIFO/memory_core/mem_reg[0][7]
              (rising edge-triggered flip-flop clocked by SCAN_CLK)
  Endpoint: u_ASYNC_FIFO/memory_core/mem_reg[1][0]
            (rising edge-triggered flip-flop clocked by SCAN_CLK)
  Path Group: SCAN_CLK
  Path Type: min

  Des/Clust/Port     Wire Load Model       Library
  ------------------------------------------------
  SYS_TOP            tsmc13_wl30           scmetro_tsmc_cl013g_rvt_ss_1p08v_125c

  Point                                                   Incr       Path
  --------------------------------------------------------------------------
  clock SCAN_CLK (rise edge)                              0.00       0.00
  clock network delay (ideal)                             0.00       0.00
  u_ASYNC_FIFO/memory_core/mem_reg[0][7]/CK (SDFFRQX2M)
                                                          0.00       0.00 r
  u_ASYNC_FIFO/memory_core/mem_reg[0][7]/Q (SDFFRQX2M)
                                                          0.72       0.72 f
  u_ASYNC_FIFO/memory_core/mem_reg[1][0]/SI (SDFFRQX2M)
                                                          0.00       0.72 f
  data arrival time                                                  0.72

  clock SCAN_CLK (rise edge)                              0.00       0.00
  clock network delay (ideal)                             0.00       0.00
  clock uncertainty                                       0.10       0.10
  u_ASYNC_FIFO/memory_core/mem_reg[1][0]/CK (SDFFRQX2M)
                                                          0.00       0.10 r
  library hold time                                      -0.36      -0.26
  data required time                                                -0.26
  --------------------------------------------------------------------------
  data required time                                                -0.26
  data arrival time                                                 -0.72
  --------------------------------------------------------------------------
  slack (MET)                                                        0.98


  Startpoint: u_ASYNC_FIFO/memory_core/mem_reg[1][7]
              (rising edge-triggered flip-flop clocked by SCAN_CLK)
  Endpoint: u_ASYNC_FIFO/memory_core/mem_reg[2][0]
            (rising edge-triggered flip-flop clocked by SCAN_CLK)
  Path Group: SCAN_CLK
  Path Type: min

  Des/Clust/Port     Wire Load Model       Library
  ------------------------------------------------
  SYS_TOP            tsmc13_wl30           scmetro_tsmc_cl013g_rvt_ss_1p08v_125c

  Point                                                   Incr       Path
  --------------------------------------------------------------------------
  clock SCAN_CLK (rise edge)                              0.00       0.00
  clock network delay (ideal)                             0.00       0.00
  u_ASYNC_FIFO/memory_core/mem_reg[1][7]/CK (SDFFRQX2M)
                                                          0.00       0.00 r
  u_ASYNC_FIFO/memory_core/mem_reg[1][7]/Q (SDFFRQX2M)
                                                          0.72       0.72 f
  u_ASYNC_FIFO/memory_core/mem_reg[2][0]/SI (SDFFRQX2M)
                                                          0.00       0.72 f
  data arrival time                                                  0.72

  clock SCAN_CLK (rise edge)                              0.00       0.00
  clock network delay (ideal)                             0.00       0.00
  clock uncertainty                                       0.10       0.10
  u_ASYNC_FIFO/memory_core/mem_reg[2][0]/CK (SDFFRQX2M)
                                                          0.00       0.10 r
  library hold time                                      -0.36      -0.26
  data required time                                                -0.26
  --------------------------------------------------------------------------
  data required time                                                -0.26
  data arrival time                                                 -0.72
  --------------------------------------------------------------------------
  slack (MET)                                                        0.98


  Startpoint: u_ASYNC_FIFO/memory_core/mem_reg[0][6]
              (rising edge-triggered flip-flop clocked by SCAN_CLK)
  Endpoint: u_ASYNC_FIFO/memory_core/mem_reg[0][7]
            (rising edge-triggered flip-flop clocked by SCAN_CLK)
  Path Group: SCAN_CLK
  Path Type: min

  Des/Clust/Port     Wire Load Model       Library
  ------------------------------------------------
  SYS_TOP            tsmc13_wl30           scmetro_tsmc_cl013g_rvt_ss_1p08v_125c

  Point                                                   Incr       Path
  --------------------------------------------------------------------------
  clock SCAN_CLK (rise edge)                              0.00       0.00
  clock network delay (ideal)                             0.00       0.00
  u_ASYNC_FIFO/memory_core/mem_reg[0][6]/CK (SDFFRQX2M)
                                                          0.00       0.00 r
  u_ASYNC_FIFO/memory_core/mem_reg[0][6]/Q (SDFFRQX2M)
                                                          0.72       0.72 f
  u_ASYNC_FIFO/memory_core/mem_reg[0][7]/SI (SDFFRQX2M)
                                                          0.00       0.72 f
  data arrival time                                                  0.72

  clock SCAN_CLK (rise edge)                              0.00       0.00
  clock network delay (ideal)                             0.00       0.00
  clock uncertainty                                       0.10       0.10
  u_ASYNC_FIFO/memory_core/mem_reg[0][7]/CK (SDFFRQX2M)
                                                          0.00       0.10 r
  library hold time                                      -0.36      -0.26
  data required time                                                -0.26
  --------------------------------------------------------------------------
  data required time                                                -0.26
  data arrival time                                                 -0.72
  --------------------------------------------------------------------------
  slack (MET)                                                        0.98


  Startpoint: u_ASYNC_FIFO/memory_core/mem_reg[1][6]
              (rising edge-triggered flip-flop clocked by SCAN_CLK)
  Endpoint: u_ASYNC_FIFO/memory_core/mem_reg[1][7]
            (rising edge-triggered flip-flop clocked by SCAN_CLK)
  Path Group: SCAN_CLK
  Path Type: min

  Des/Clust/Port     Wire Load Model       Library
  ------------------------------------------------
  SYS_TOP            tsmc13_wl30           scmetro_tsmc_cl013g_rvt_ss_1p08v_125c

  Point                                                   Incr       Path
  --------------------------------------------------------------------------
  clock SCAN_CLK (rise edge)                              0.00       0.00
  clock network delay (ideal)                             0.00       0.00
  u_ASYNC_FIFO/memory_core/mem_reg[1][6]/CK (SDFFRQX2M)
                                                          0.00       0.00 r
  u_ASYNC_FIFO/memory_core/mem_reg[1][6]/Q (SDFFRQX2M)
                                                          0.72       0.72 f
  u_ASYNC_FIFO/memory_core/mem_reg[1][7]/SI (SDFFRQX2M)
                                                          0.00       0.72 f
  data arrival time                                                  0.72

  clock SCAN_CLK (rise edge)                              0.00       0.00
  clock network delay (ideal)                             0.00       0.00
  clock uncertainty                                       0.10       0.10
  u_ASYNC_FIFO/memory_core/mem_reg[1][7]/CK (SDFFRQX2M)
                                                          0.00       0.10 r
  library hold time                                      -0.36      -0.26
  data required time                                                -0.26
  --------------------------------------------------------------------------
  data required time                                                -0.26
  data arrival time                                                 -0.72
  --------------------------------------------------------------------------
  slack (MET)                                                        0.98


  Startpoint: u_ASYNC_FIFO/memory_core/mem_reg[0][5]
              (rising edge-triggered flip-flop clocked by SCAN_CLK)
  Endpoint: u_ASYNC_FIFO/memory_core/mem_reg[0][6]
            (rising edge-triggered flip-flop clocked by SCAN_CLK)
  Path Group: SCAN_CLK
  Path Type: min

  Des/Clust/Port     Wire Load Model       Library
  ------------------------------------------------
  SYS_TOP            tsmc13_wl30           scmetro_tsmc_cl013g_rvt_ss_1p08v_125c

  Point                                                   Incr       Path
  --------------------------------------------------------------------------
  clock SCAN_CLK (rise edge)                              0.00       0.00
  clock network delay (ideal)                             0.00       0.00
  u_ASYNC_FIFO/memory_core/mem_reg[0][5]/CK (SDFFRQX2M)
                                                          0.00       0.00 r
  u_ASYNC_FIFO/memory_core/mem_reg[0][5]/Q (SDFFRQX2M)
                                                          0.72       0.72 f
  u_ASYNC_FIFO/memory_core/mem_reg[0][6]/SI (SDFFRQX2M)
                                                          0.00       0.72 f
  data arrival time                                                  0.72

  clock SCAN_CLK (rise edge)                              0.00       0.00
  clock network delay (ideal)                             0.00       0.00
  clock uncertainty                                       0.10       0.10
  u_ASYNC_FIFO/memory_core/mem_reg[0][6]/CK (SDFFRQX2M)
                                                          0.00       0.10 r
  library hold time                                      -0.36      -0.26
  data required time                                                -0.26
  --------------------------------------------------------------------------
  data required time                                                -0.26
  data arrival time                                                 -0.72
  --------------------------------------------------------------------------
  slack (MET)                                                        0.98


  Startpoint: u_ASYNC_FIFO/memory_core/mem_reg[0][4]
              (rising edge-triggered flip-flop clocked by SCAN_CLK)
  Endpoint: u_ASYNC_FIFO/memory_core/mem_reg[0][5]
            (rising edge-triggered flip-flop clocked by SCAN_CLK)
  Path Group: SCAN_CLK
  Path Type: min

  Des/Clust/Port     Wire Load Model       Library
  ------------------------------------------------
  SYS_TOP            tsmc13_wl30           scmetro_tsmc_cl013g_rvt_ss_1p08v_125c

  Point                                                   Incr       Path
  --------------------------------------------------------------------------
  clock SCAN_CLK (rise edge)                              0.00       0.00
  clock network delay (ideal)                             0.00       0.00
  u_ASYNC_FIFO/memory_core/mem_reg[0][4]/CK (SDFFRQX2M)
                                                          0.00       0.00 r
  u_ASYNC_FIFO/memory_core/mem_reg[0][4]/Q (SDFFRQX2M)
                                                          0.72       0.72 f
  u_ASYNC_FIFO/memory_core/mem_reg[0][5]/SI (SDFFRQX2M)
                                                          0.00       0.72 f
  data arrival time                                                  0.72

  clock SCAN_CLK (rise edge)                              0.00       0.00
  clock network delay (ideal)                             0.00       0.00
  clock uncertainty                                       0.10       0.10
  u_ASYNC_FIFO/memory_core/mem_reg[0][5]/CK (SDFFRQX2M)
                                                          0.00       0.10 r
  library hold time                                      -0.36      -0.26
  data required time                                                -0.26
  --------------------------------------------------------------------------
  data required time                                                -0.26
  data arrival time                                                 -0.72
  --------------------------------------------------------------------------
  slack (MET)                                                        0.98


  Startpoint: u_ASYNC_FIFO/memory_core/mem_reg[0][3]
              (rising edge-triggered flip-flop clocked by SCAN_CLK)
  Endpoint: u_ASYNC_FIFO/memory_core/mem_reg[0][4]
            (rising edge-triggered flip-flop clocked by SCAN_CLK)
  Path Group: SCAN_CLK
  Path Type: min

  Des/Clust/Port     Wire Load Model       Library
  ------------------------------------------------
  SYS_TOP            tsmc13_wl30           scmetro_tsmc_cl013g_rvt_ss_1p08v_125c

  Point                                                   Incr       Path
  --------------------------------------------------------------------------
  clock SCAN_CLK (rise edge)                              0.00       0.00
  clock network delay (ideal)                             0.00       0.00
  u_ASYNC_FIFO/memory_core/mem_reg[0][3]/CK (SDFFRQX2M)
                                                          0.00       0.00 r
  u_ASYNC_FIFO/memory_core/mem_reg[0][3]/Q (SDFFRQX2M)
                                                          0.72       0.72 f
  u_ASYNC_FIFO/memory_core/mem_reg[0][4]/SI (SDFFRQX2M)
                                                          0.00       0.72 f
  data arrival time                                                  0.72

  clock SCAN_CLK (rise edge)                              0.00       0.00
  clock network delay (ideal)                             0.00       0.00
  clock uncertainty                                       0.10       0.10
  u_ASYNC_FIFO/memory_core/mem_reg[0][4]/CK (SDFFRQX2M)
                                                          0.00       0.10 r
  library hold time                                      -0.36      -0.26
  data required time                                                -0.26
  --------------------------------------------------------------------------
  data required time                                                -0.26
  data arrival time                                                 -0.72
  --------------------------------------------------------------------------
  slack (MET)                                                        0.98


  Startpoint: u_ASYNC_FIFO/memory_core/mem_reg[0][2]
              (rising edge-triggered flip-flop clocked by SCAN_CLK)
  Endpoint: u_ASYNC_FIFO/memory_core/mem_reg[0][3]
            (rising edge-triggered flip-flop clocked by SCAN_CLK)
  Path Group: SCAN_CLK
  Path Type: min

  Des/Clust/Port     Wire Load Model       Library
  ------------------------------------------------
  SYS_TOP            tsmc13_wl30           scmetro_tsmc_cl013g_rvt_ss_1p08v_125c

  Point                                                   Incr       Path
  --------------------------------------------------------------------------
  clock SCAN_CLK (rise edge)                              0.00       0.00
  clock network delay (ideal)                             0.00       0.00
  u_ASYNC_FIFO/memory_core/mem_reg[0][2]/CK (SDFFRQX2M)
                                                          0.00       0.00 r
  u_ASYNC_FIFO/memory_core/mem_reg[0][2]/Q (SDFFRQX2M)
                                                          0.72       0.72 f
  u_ASYNC_FIFO/memory_core/mem_reg[0][3]/SI (SDFFRQX2M)
                                                          0.00       0.72 f
  data arrival time                                                  0.72

  clock SCAN_CLK (rise edge)                              0.00       0.00
  clock network delay (ideal)                             0.00       0.00
  clock uncertainty                                       0.10       0.10
  u_ASYNC_FIFO/memory_core/mem_reg[0][3]/CK (SDFFRQX2M)
                                                          0.00       0.10 r
  library hold time                                      -0.36      -0.26
  data required time                                                -0.26
  --------------------------------------------------------------------------
  data required time                                                -0.26
  data arrival time                                                 -0.72
  --------------------------------------------------------------------------
  slack (MET)                                                        0.98


  Startpoint: u_ASYNC_FIFO/memory_core/mem_reg[0][1]
              (rising edge-triggered flip-flop clocked by SCAN_CLK)
  Endpoint: u_ASYNC_FIFO/memory_core/mem_reg[0][2]
            (rising edge-triggered flip-flop clocked by SCAN_CLK)
  Path Group: SCAN_CLK
  Path Type: min

  Des/Clust/Port     Wire Load Model       Library
  ------------------------------------------------
  SYS_TOP            tsmc13_wl30           scmetro_tsmc_cl013g_rvt_ss_1p08v_125c

  Point                                                   Incr       Path
  --------------------------------------------------------------------------
  clock SCAN_CLK (rise edge)                              0.00       0.00
  clock network delay (ideal)                             0.00       0.00
  u_ASYNC_FIFO/memory_core/mem_reg[0][1]/CK (SDFFRQX2M)
                                                          0.00       0.00 r
  u_ASYNC_FIFO/memory_core/mem_reg[0][1]/Q (SDFFRQX2M)
                                                          0.72       0.72 f
  u_ASYNC_FIFO/memory_core/mem_reg[0][2]/SI (SDFFRQX2M)
                                                          0.00       0.72 f
  data arrival time                                                  0.72

  clock SCAN_CLK (rise edge)                              0.00       0.00
  clock network delay (ideal)                             0.00       0.00
  clock uncertainty                                       0.10       0.10
  u_ASYNC_FIFO/memory_core/mem_reg[0][2]/CK (SDFFRQX2M)
                                                          0.00       0.10 r
  library hold time                                      -0.36      -0.26
  data required time                                                -0.26
  --------------------------------------------------------------------------
  data required time                                                -0.26
  data arrival time                                                 -0.72
  --------------------------------------------------------------------------
  slack (MET)                                                        0.98


  Startpoint: u_ASYNC_FIFO/memory_core/mem_reg[0][0]
              (rising edge-triggered flip-flop clocked by SCAN_CLK)
  Endpoint: u_ASYNC_FIFO/memory_core/mem_reg[0][1]
            (rising edge-triggered flip-flop clocked by SCAN_CLK)
  Path Group: SCAN_CLK
  Path Type: min

  Des/Clust/Port     Wire Load Model       Library
  ------------------------------------------------
  SYS_TOP            tsmc13_wl30           scmetro_tsmc_cl013g_rvt_ss_1p08v_125c

  Point                                                   Incr       Path
  --------------------------------------------------------------------------
  clock SCAN_CLK (rise edge)                              0.00       0.00
  clock network delay (ideal)                             0.00       0.00
  u_ASYNC_FIFO/memory_core/mem_reg[0][0]/CK (SDFFRQX2M)
                                                          0.00       0.00 r
  u_ASYNC_FIFO/memory_core/mem_reg[0][0]/Q (SDFFRQX2M)
                                                          0.72       0.72 f
  u_ASYNC_FIFO/memory_core/mem_reg[0][1]/SI (SDFFRQX2M)
                                                          0.00       0.72 f
  data arrival time                                                  0.72

  clock SCAN_CLK (rise edge)                              0.00       0.00
  clock network delay (ideal)                             0.00       0.00
  clock uncertainty                                       0.10       0.10
  u_ASYNC_FIFO/memory_core/mem_reg[0][1]/CK (SDFFRQX2M)
                                                          0.00       0.10 r
  library hold time                                      -0.36      -0.26
  data required time                                                -0.26
  --------------------------------------------------------------------------
  data required time                                                -0.26
  data arrival time                                                 -0.72
  --------------------------------------------------------------------------
  slack (MET)                                                        0.98


  Startpoint: u_ASYNC_FIFO/memory_core/mem_reg[1][5]
              (rising edge-triggered flip-flop clocked by SCAN_CLK)
  Endpoint: u_ASYNC_FIFO/memory_core/mem_reg[1][6]
            (rising edge-triggered flip-flop clocked by SCAN_CLK)
  Path Group: SCAN_CLK
  Path Type: min

  Des/Clust/Port     Wire Load Model       Library
  ------------------------------------------------
  SYS_TOP            tsmc13_wl30           scmetro_tsmc_cl013g_rvt_ss_1p08v_125c

  Point                                                   Incr       Path
  --------------------------------------------------------------------------
  clock SCAN_CLK (rise edge)                              0.00       0.00
  clock network delay (ideal)                             0.00       0.00
  u_ASYNC_FIFO/memory_core/mem_reg[1][5]/CK (SDFFRQX2M)
                                                          0.00       0.00 r
  u_ASYNC_FIFO/memory_core/mem_reg[1][5]/Q (SDFFRQX2M)
                                                          0.72       0.72 f
  u_ASYNC_FIFO/memory_core/mem_reg[1][6]/SI (SDFFRQX2M)
                                                          0.00       0.72 f
  data arrival time                                                  0.72

  clock SCAN_CLK (rise edge)                              0.00       0.00
  clock network delay (ideal)                             0.00       0.00
  clock uncertainty                                       0.10       0.10
  u_ASYNC_FIFO/memory_core/mem_reg[1][6]/CK (SDFFRQX2M)
                                                          0.00       0.10 r
  library hold time                                      -0.36      -0.26
  data required time                                                -0.26
  --------------------------------------------------------------------------
  data required time                                                -0.26
  data arrival time                                                 -0.72
  --------------------------------------------------------------------------
  slack (MET)                                                        0.98


  Startpoint: u_ASYNC_FIFO/memory_core/mem_reg[1][4]
              (rising edge-triggered flip-flop clocked by SCAN_CLK)
  Endpoint: u_ASYNC_FIFO/memory_core/mem_reg[1][5]
            (rising edge-triggered flip-flop clocked by SCAN_CLK)
  Path Group: SCAN_CLK
  Path Type: min

  Des/Clust/Port     Wire Load Model       Library
  ------------------------------------------------
  SYS_TOP            tsmc13_wl30           scmetro_tsmc_cl013g_rvt_ss_1p08v_125c

  Point                                                   Incr       Path
  --------------------------------------------------------------------------
  clock SCAN_CLK (rise edge)                              0.00       0.00
  clock network delay (ideal)                             0.00       0.00
  u_ASYNC_FIFO/memory_core/mem_reg[1][4]/CK (SDFFRQX2M)
                                                          0.00       0.00 r
  u_ASYNC_FIFO/memory_core/mem_reg[1][4]/Q (SDFFRQX2M)
                                                          0.72       0.72 f
  u_ASYNC_FIFO/memory_core/mem_reg[1][5]/SI (SDFFRQX2M)
                                                          0.00       0.72 f
  data arrival time                                                  0.72

  clock SCAN_CLK (rise edge)                              0.00       0.00
  clock network delay (ideal)                             0.00       0.00
  clock uncertainty                                       0.10       0.10
  u_ASYNC_FIFO/memory_core/mem_reg[1][5]/CK (SDFFRQX2M)
                                                          0.00       0.10 r
  library hold time                                      -0.36      -0.26
  data required time                                                -0.26
  --------------------------------------------------------------------------
  data required time                                                -0.26
  data arrival time                                                 -0.72
  --------------------------------------------------------------------------
  slack (MET)                                                        0.98


  Startpoint: u_ASYNC_FIFO/memory_core/mem_reg[1][3]
              (rising edge-triggered flip-flop clocked by SCAN_CLK)
  Endpoint: u_ASYNC_FIFO/memory_core/mem_reg[1][4]
            (rising edge-triggered flip-flop clocked by SCAN_CLK)
  Path Group: SCAN_CLK
  Path Type: min

  Des/Clust/Port     Wire Load Model       Library
  ------------------------------------------------
  SYS_TOP            tsmc13_wl30           scmetro_tsmc_cl013g_rvt_ss_1p08v_125c

  Point                                                   Incr       Path
  --------------------------------------------------------------------------
  clock SCAN_CLK (rise edge)                              0.00       0.00
  clock network delay (ideal)                             0.00       0.00
  u_ASYNC_FIFO/memory_core/mem_reg[1][3]/CK (SDFFRQX2M)
                                                          0.00       0.00 r
  u_ASYNC_FIFO/memory_core/mem_reg[1][3]/Q (SDFFRQX2M)
                                                          0.72       0.72 f
  u_ASYNC_FIFO/memory_core/mem_reg[1][4]/SI (SDFFRQX2M)
                                                          0.00       0.72 f
  data arrival time                                                  0.72

  clock SCAN_CLK (rise edge)                              0.00       0.00
  clock network delay (ideal)                             0.00       0.00
  clock uncertainty                                       0.10       0.10
  u_ASYNC_FIFO/memory_core/mem_reg[1][4]/CK (SDFFRQX2M)
                                                          0.00       0.10 r
  library hold time                                      -0.36      -0.26
  data required time                                                -0.26
  --------------------------------------------------------------------------
  data required time                                                -0.26
  data arrival time                                                 -0.72
  --------------------------------------------------------------------------
  slack (MET)                                                        0.98


  Startpoint: u_ASYNC_FIFO/memory_core/mem_reg[1][2]
              (rising edge-triggered flip-flop clocked by SCAN_CLK)
  Endpoint: u_ASYNC_FIFO/memory_core/mem_reg[1][3]
            (rising edge-triggered flip-flop clocked by SCAN_CLK)
  Path Group: SCAN_CLK
  Path Type: min

  Des/Clust/Port     Wire Load Model       Library
  ------------------------------------------------
  SYS_TOP            tsmc13_wl30           scmetro_tsmc_cl013g_rvt_ss_1p08v_125c

  Point                                                   Incr       Path
  --------------------------------------------------------------------------
  clock SCAN_CLK (rise edge)                              0.00       0.00
  clock network delay (ideal)                             0.00       0.00
  u_ASYNC_FIFO/memory_core/mem_reg[1][2]/CK (SDFFRQX2M)
                                                          0.00       0.00 r
  u_ASYNC_FIFO/memory_core/mem_reg[1][2]/Q (SDFFRQX2M)
                                                          0.72       0.72 f
  u_ASYNC_FIFO/memory_core/mem_reg[1][3]/SI (SDFFRQX2M)
                                                          0.00       0.72 f
  data arrival time                                                  0.72

  clock SCAN_CLK (rise edge)                              0.00       0.00
  clock network delay (ideal)                             0.00       0.00
  clock uncertainty                                       0.10       0.10
  u_ASYNC_FIFO/memory_core/mem_reg[1][3]/CK (SDFFRQX2M)
                                                          0.00       0.10 r
  library hold time                                      -0.36      -0.26
  data required time                                                -0.26
  --------------------------------------------------------------------------
  data required time                                                -0.26
  data arrival time                                                 -0.72
  --------------------------------------------------------------------------
  slack (MET)                                                        0.98


  Startpoint: u_ASYNC_FIFO/memory_core/mem_reg[1][1]
              (rising edge-triggered flip-flop clocked by SCAN_CLK)
  Endpoint: u_ASYNC_FIFO/memory_core/mem_reg[1][2]
            (rising edge-triggered flip-flop clocked by SCAN_CLK)
  Path Group: SCAN_CLK
  Path Type: min

  Des/Clust/Port     Wire Load Model       Library
  ------------------------------------------------
  SYS_TOP            tsmc13_wl30           scmetro_tsmc_cl013g_rvt_ss_1p08v_125c

  Point                                                   Incr       Path
  --------------------------------------------------------------------------
  clock SCAN_CLK (rise edge)                              0.00       0.00
  clock network delay (ideal)                             0.00       0.00
  u_ASYNC_FIFO/memory_core/mem_reg[1][1]/CK (SDFFRQX2M)
                                                          0.00       0.00 r
  u_ASYNC_FIFO/memory_core/mem_reg[1][1]/Q (SDFFRQX2M)
                                                          0.72       0.72 f
  u_ASYNC_FIFO/memory_core/mem_reg[1][2]/SI (SDFFRQX2M)
                                                          0.00       0.72 f
  data arrival time                                                  0.72

  clock SCAN_CLK (rise edge)                              0.00       0.00
  clock network delay (ideal)                             0.00       0.00
  clock uncertainty                                       0.10       0.10
  u_ASYNC_FIFO/memory_core/mem_reg[1][2]/CK (SDFFRQX2M)
                                                          0.00       0.10 r
  library hold time                                      -0.36      -0.26
  data required time                                                -0.26
  --------------------------------------------------------------------------
  data required time                                                -0.26
  data arrival time                                                 -0.72
  --------------------------------------------------------------------------
  slack (MET)                                                        0.98


  Startpoint: u_ASYNC_FIFO/memory_core/mem_reg[1][0]
              (rising edge-triggered flip-flop clocked by SCAN_CLK)
  Endpoint: u_ASYNC_FIFO/memory_core/mem_reg[1][1]
            (rising edge-triggered flip-flop clocked by SCAN_CLK)
  Path Group: SCAN_CLK
  Path Type: min

  Des/Clust/Port     Wire Load Model       Library
  ------------------------------------------------
  SYS_TOP            tsmc13_wl30           scmetro_tsmc_cl013g_rvt_ss_1p08v_125c

  Point                                                   Incr       Path
  --------------------------------------------------------------------------
  clock SCAN_CLK (rise edge)                              0.00       0.00
  clock network delay (ideal)                             0.00       0.00
  u_ASYNC_FIFO/memory_core/mem_reg[1][0]/CK (SDFFRQX2M)
                                                          0.00       0.00 r
  u_ASYNC_FIFO/memory_core/mem_reg[1][0]/Q (SDFFRQX2M)
                                                          0.72       0.72 f
  u_ASYNC_FIFO/memory_core/mem_reg[1][1]/SI (SDFFRQX2M)
                                                          0.00       0.72 f
  data arrival time                                                  0.72

  clock SCAN_CLK (rise edge)                              0.00       0.00
  clock network delay (ideal)                             0.00       0.00
  clock uncertainty                                       0.10       0.10
  u_ASYNC_FIFO/memory_core/mem_reg[1][1]/CK (SDFFRQX2M)
                                                          0.00       0.10 r
  library hold time                                      -0.36      -0.26
  data required time                                                -0.26
  --------------------------------------------------------------------------
  data required time                                                -0.26
  data arrival time                                                 -0.72
  --------------------------------------------------------------------------
  slack (MET)                                                        0.98


  Startpoint: u_ASYNC_FIFO/memory_core/mem_reg[2][7]
              (rising edge-triggered flip-flop clocked by SCAN_CLK)
  Endpoint: u_ASYNC_FIFO/memory_core/mem_reg[3][0]
            (rising edge-triggered flip-flop clocked by SCAN_CLK)
  Path Group: SCAN_CLK
  Path Type: min

  Des/Clust/Port     Wire Load Model       Library
  ------------------------------------------------
  SYS_TOP            tsmc13_wl30           scmetro_tsmc_cl013g_rvt_ss_1p08v_125c

  Point                                                   Incr       Path
  --------------------------------------------------------------------------
  clock SCAN_CLK (rise edge)                              0.00       0.00
  clock network delay (ideal)                             0.00       0.00
  u_ASYNC_FIFO/memory_core/mem_reg[2][7]/CK (SDFFRQX2M)
                                                          0.00       0.00 r
  u_ASYNC_FIFO/memory_core/mem_reg[2][7]/Q (SDFFRQX2M)
                                                          0.72       0.72 f
  u_ASYNC_FIFO/memory_core/mem_reg[3][0]/SI (SDFFRQX2M)
                                                          0.00       0.72 f
  data arrival time                                                  0.72

  clock SCAN_CLK (rise edge)                              0.00       0.00
  clock network delay (ideal)                             0.00       0.00
  clock uncertainty                                       0.10       0.10
  u_ASYNC_FIFO/memory_core/mem_reg[3][0]/CK (SDFFRQX2M)
                                                          0.00       0.10 r
  library hold time                                      -0.36      -0.26
  data required time                                                -0.26
  --------------------------------------------------------------------------
  data required time                                                -0.26
  data arrival time                                                 -0.72
  --------------------------------------------------------------------------
  slack (MET)                                                        0.98


  Startpoint: u_ASYNC_FIFO/memory_core/mem_reg[2][6]
              (rising edge-triggered flip-flop clocked by SCAN_CLK)
  Endpoint: u_ASYNC_FIFO/memory_core/mem_reg[2][7]
            (rising edge-triggered flip-flop clocked by SCAN_CLK)
  Path Group: SCAN_CLK
  Path Type: min

  Des/Clust/Port     Wire Load Model       Library
  ------------------------------------------------
  SYS_TOP            tsmc13_wl30           scmetro_tsmc_cl013g_rvt_ss_1p08v_125c

  Point                                                   Incr       Path
  --------------------------------------------------------------------------
  clock SCAN_CLK (rise edge)                              0.00       0.00
  clock network delay (ideal)                             0.00       0.00
  u_ASYNC_FIFO/memory_core/mem_reg[2][6]/CK (SDFFRQX2M)
                                                          0.00       0.00 r
  u_ASYNC_FIFO/memory_core/mem_reg[2][6]/Q (SDFFRQX2M)
                                                          0.72       0.72 f
  u_ASYNC_FIFO/memory_core/mem_reg[2][7]/SI (SDFFRQX2M)
                                                          0.00       0.72 f
  data arrival time                                                  0.72

  clock SCAN_CLK (rise edge)                              0.00       0.00
  clock network delay (ideal)                             0.00       0.00
  clock uncertainty                                       0.10       0.10
  u_ASYNC_FIFO/memory_core/mem_reg[2][7]/CK (SDFFRQX2M)
                                                          0.00       0.10 r
  library hold time                                      -0.36      -0.26
  data required time                                                -0.26
  --------------------------------------------------------------------------
  data required time                                                -0.26
  data arrival time                                                 -0.72
  --------------------------------------------------------------------------
  slack (MET)                                                        0.98


  Startpoint: u_ASYNC_FIFO/memory_core/mem_reg[2][4]
              (rising edge-triggered flip-flop clocked by SCAN_CLK)
  Endpoint: u_ASYNC_FIFO/memory_core/mem_reg[2][5]
            (rising edge-triggered flip-flop clocked by SCAN_CLK)
  Path Group: SCAN_CLK
  Path Type: min

  Des/Clust/Port     Wire Load Model       Library
  ------------------------------------------------
  SYS_TOP            tsmc13_wl30           scmetro_tsmc_cl013g_rvt_ss_1p08v_125c

  Point                                                   Incr       Path
  --------------------------------------------------------------------------
  clock SCAN_CLK (rise edge)                              0.00       0.00
  clock network delay (ideal)                             0.00       0.00
  u_ASYNC_FIFO/memory_core/mem_reg[2][4]/CK (SDFFRQX2M)
                                                          0.00       0.00 r
  u_ASYNC_FIFO/memory_core/mem_reg[2][4]/Q (SDFFRQX2M)
                                                          0.72       0.72 f
  u_ASYNC_FIFO/memory_core/mem_reg[2][5]/SI (SDFFRQX2M)
                                                          0.00       0.72 f
  data arrival time                                                  0.72

  clock SCAN_CLK (rise edge)                              0.00       0.00
  clock network delay (ideal)                             0.00       0.00
  clock uncertainty                                       0.10       0.10
  u_ASYNC_FIFO/memory_core/mem_reg[2][5]/CK (SDFFRQX2M)
                                                          0.00       0.10 r
  library hold time                                      -0.36      -0.26
  data required time                                                -0.26
  --------------------------------------------------------------------------
  data required time                                                -0.26
  data arrival time                                                 -0.72
  --------------------------------------------------------------------------
  slack (MET)                                                        0.98


  Startpoint: u_ASYNC_FIFO/memory_core/mem_reg[2][3]
              (rising edge-triggered flip-flop clocked by SCAN_CLK)
  Endpoint: u_ASYNC_FIFO/memory_core/mem_reg[2][4]
            (rising edge-triggered flip-flop clocked by SCAN_CLK)
  Path Group: SCAN_CLK
  Path Type: min

  Des/Clust/Port     Wire Load Model       Library
  ------------------------------------------------
  SYS_TOP            tsmc13_wl30           scmetro_tsmc_cl013g_rvt_ss_1p08v_125c

  Point                                                   Incr       Path
  --------------------------------------------------------------------------
  clock SCAN_CLK (rise edge)                              0.00       0.00
  clock network delay (ideal)                             0.00       0.00
  u_ASYNC_FIFO/memory_core/mem_reg[2][3]/CK (SDFFRQX2M)
                                                          0.00       0.00 r
  u_ASYNC_FIFO/memory_core/mem_reg[2][3]/Q (SDFFRQX2M)
                                                          0.72       0.72 f
  u_ASYNC_FIFO/memory_core/mem_reg[2][4]/SI (SDFFRQX2M)
                                                          0.00       0.72 f
  data arrival time                                                  0.72

  clock SCAN_CLK (rise edge)                              0.00       0.00
  clock network delay (ideal)                             0.00       0.00
  clock uncertainty                                       0.10       0.10
  u_ASYNC_FIFO/memory_core/mem_reg[2][4]/CK (SDFFRQX2M)
                                                          0.00       0.10 r
  library hold time                                      -0.36      -0.26
  data required time                                                -0.26
  --------------------------------------------------------------------------
  data required time                                                -0.26
  data arrival time                                                 -0.72
  --------------------------------------------------------------------------
  slack (MET)                                                        0.98


  Startpoint: u_ASYNC_FIFO/memory_core/mem_reg[2][5]
              (rising edge-triggered flip-flop clocked by SCAN_CLK)
  Endpoint: u_ASYNC_FIFO/memory_core/mem_reg[2][6]
            (rising edge-triggered flip-flop clocked by SCAN_CLK)
  Path Group: SCAN_CLK
  Path Type: min

  Des/Clust/Port     Wire Load Model       Library
  ------------------------------------------------
  SYS_TOP            tsmc13_wl30           scmetro_tsmc_cl013g_rvt_ss_1p08v_125c

  Point                                                   Incr       Path
  --------------------------------------------------------------------------
  clock SCAN_CLK (rise edge)                              0.00       0.00
  clock network delay (ideal)                             0.00       0.00
  u_ASYNC_FIFO/memory_core/mem_reg[2][5]/CK (SDFFRQX2M)
                                                          0.00       0.00 r
  u_ASYNC_FIFO/memory_core/mem_reg[2][5]/Q (SDFFRQX2M)
                                                          0.72       0.72 f
  u_ASYNC_FIFO/memory_core/mem_reg[2][6]/SI (SDFFRQX2M)
                                                          0.00       0.72 f
  data arrival time                                                  0.72

  clock SCAN_CLK (rise edge)                              0.00       0.00
  clock network delay (ideal)                             0.00       0.00
  clock uncertainty                                       0.10       0.10
  u_ASYNC_FIFO/memory_core/mem_reg[2][6]/CK (SDFFRQX2M)
                                                          0.00       0.10 r
  library hold time                                      -0.36      -0.26
  data required time                                                -0.26
  --------------------------------------------------------------------------
  data required time                                                -0.26
  data arrival time                                                 -0.72
  --------------------------------------------------------------------------
  slack (MET)                                                        0.98


  Startpoint: u_ASYNC_FIFO/memory_core/mem_reg[2][2]
              (rising edge-triggered flip-flop clocked by SCAN_CLK)
  Endpoint: u_ASYNC_FIFO/memory_core/mem_reg[2][3]
            (rising edge-triggered flip-flop clocked by SCAN_CLK)
  Path Group: SCAN_CLK
  Path Type: min

  Des/Clust/Port     Wire Load Model       Library
  ------------------------------------------------
  SYS_TOP            tsmc13_wl30           scmetro_tsmc_cl013g_rvt_ss_1p08v_125c

  Point                                                   Incr       Path
  --------------------------------------------------------------------------
  clock SCAN_CLK (rise edge)                              0.00       0.00
  clock network delay (ideal)                             0.00       0.00
  u_ASYNC_FIFO/memory_core/mem_reg[2][2]/CK (SDFFRQX2M)
                                                          0.00       0.00 r
  u_ASYNC_FIFO/memory_core/mem_reg[2][2]/Q (SDFFRQX2M)
                                                          0.72       0.72 f
  u_ASYNC_FIFO/memory_core/mem_reg[2][3]/SI (SDFFRQX2M)
                                                          0.00       0.72 f
  data arrival time                                                  0.72

  clock SCAN_CLK (rise edge)                              0.00       0.00
  clock network delay (ideal)                             0.00       0.00
  clock uncertainty                                       0.10       0.10
  u_ASYNC_FIFO/memory_core/mem_reg[2][3]/CK (SDFFRQX2M)
                                                          0.00       0.10 r
  library hold time                                      -0.36      -0.26
  data required time                                                -0.26
  --------------------------------------------------------------------------
  data required time                                                -0.26
  data arrival time                                                 -0.72
  --------------------------------------------------------------------------
  slack (MET)                                                        0.98


  Startpoint: u_ASYNC_FIFO/memory_core/mem_reg[2][1]
              (rising edge-triggered flip-flop clocked by SCAN_CLK)
  Endpoint: u_ASYNC_FIFO/memory_core/mem_reg[2][2]
            (rising edge-triggered flip-flop clocked by SCAN_CLK)
  Path Group: SCAN_CLK
  Path Type: min

  Des/Clust/Port     Wire Load Model       Library
  ------------------------------------------------
  SYS_TOP            tsmc13_wl30           scmetro_tsmc_cl013g_rvt_ss_1p08v_125c

  Point                                                   Incr       Path
  --------------------------------------------------------------------------
  clock SCAN_CLK (rise edge)                              0.00       0.00
  clock network delay (ideal)                             0.00       0.00
  u_ASYNC_FIFO/memory_core/mem_reg[2][1]/CK (SDFFRQX2M)
                                                          0.00       0.00 r
  u_ASYNC_FIFO/memory_core/mem_reg[2][1]/Q (SDFFRQX2M)
                                                          0.72       0.72 f
  u_ASYNC_FIFO/memory_core/mem_reg[2][2]/SI (SDFFRQX2M)
                                                          0.00       0.72 f
  data arrival time                                                  0.72

  clock SCAN_CLK (rise edge)                              0.00       0.00
  clock network delay (ideal)                             0.00       0.00
  clock uncertainty                                       0.10       0.10
  u_ASYNC_FIFO/memory_core/mem_reg[2][2]/CK (SDFFRQX2M)
                                                          0.00       0.10 r
  library hold time                                      -0.36      -0.26
  data required time                                                -0.26
  --------------------------------------------------------------------------
  data required time                                                -0.26
  data arrival time                                                 -0.72
  --------------------------------------------------------------------------
  slack (MET)                                                        0.98


  Startpoint: u_ASYNC_FIFO/memory_core/mem_reg[2][0]
              (rising edge-triggered flip-flop clocked by SCAN_CLK)
  Endpoint: u_ASYNC_FIFO/memory_core/mem_reg[2][1]
            (rising edge-triggered flip-flop clocked by SCAN_CLK)
  Path Group: SCAN_CLK
  Path Type: min

  Des/Clust/Port     Wire Load Model       Library
  ------------------------------------------------
  SYS_TOP            tsmc13_wl30           scmetro_tsmc_cl013g_rvt_ss_1p08v_125c

  Point                                                   Incr       Path
  --------------------------------------------------------------------------
  clock SCAN_CLK (rise edge)                              0.00       0.00
  clock network delay (ideal)                             0.00       0.00
  u_ASYNC_FIFO/memory_core/mem_reg[2][0]/CK (SDFFRQX2M)
                                                          0.00       0.00 r
  u_ASYNC_FIFO/memory_core/mem_reg[2][0]/Q (SDFFRQX2M)
                                                          0.72       0.72 f
  u_ASYNC_FIFO/memory_core/mem_reg[2][1]/SI (SDFFRQX2M)
                                                          0.00       0.72 f
  data arrival time                                                  0.72

  clock SCAN_CLK (rise edge)                              0.00       0.00
  clock network delay (ideal)                             0.00       0.00
  clock uncertainty                                       0.10       0.10
  u_ASYNC_FIFO/memory_core/mem_reg[2][1]/CK (SDFFRQX2M)
                                                          0.00       0.10 r
  library hold time                                      -0.36      -0.26
  data required time                                                -0.26
  --------------------------------------------------------------------------
  data required time                                                -0.26
  data arrival time                                                 -0.72
  --------------------------------------------------------------------------
  slack (MET)                                                        0.98


  Startpoint: u_ASYNC_FIFO/memory_core/mem_reg[3][4]
              (rising edge-triggered flip-flop clocked by SCAN_CLK)
  Endpoint: u_ASYNC_FIFO/memory_core/mem_reg[3][5]
            (rising edge-triggered flip-flop clocked by SCAN_CLK)
  Path Group: SCAN_CLK
  Path Type: min

  Des/Clust/Port     Wire Load Model       Library
  ------------------------------------------------
  SYS_TOP            tsmc13_wl30           scmetro_tsmc_cl013g_rvt_ss_1p08v_125c

  Point                                                   Incr       Path
  --------------------------------------------------------------------------
  clock SCAN_CLK (rise edge)                              0.00       0.00
  clock network delay (ideal)                             0.00       0.00
  u_ASYNC_FIFO/memory_core/mem_reg[3][4]/CK (SDFFRQX2M)
                                                          0.00       0.00 r
  u_ASYNC_FIFO/memory_core/mem_reg[3][4]/Q (SDFFRQX2M)
                                                          0.72       0.72 f
  u_ASYNC_FIFO/memory_core/mem_reg[3][5]/SI (SDFFRQX2M)
                                                          0.00       0.72 f
  data arrival time                                                  0.72

  clock SCAN_CLK (rise edge)                              0.00       0.00
  clock network delay (ideal)                             0.00       0.00
  clock uncertainty                                       0.10       0.10
  u_ASYNC_FIFO/memory_core/mem_reg[3][5]/CK (SDFFRQX2M)
                                                          0.00       0.10 r
  library hold time                                      -0.36      -0.26
  data required time                                                -0.26
  --------------------------------------------------------------------------
  data required time                                                -0.26
  data arrival time                                                 -0.72
  --------------------------------------------------------------------------
  slack (MET)                                                        0.98


  Startpoint: u_ASYNC_FIFO/memory_core/mem_reg[3][3]
              (rising edge-triggered flip-flop clocked by SCAN_CLK)
  Endpoint: u_ASYNC_FIFO/memory_core/mem_reg[3][4]
            (rising edge-triggered flip-flop clocked by SCAN_CLK)
  Path Group: SCAN_CLK
  Path Type: min

  Des/Clust/Port     Wire Load Model       Library
  ------------------------------------------------
  SYS_TOP            tsmc13_wl30           scmetro_tsmc_cl013g_rvt_ss_1p08v_125c

  Point                                                   Incr       Path
  --------------------------------------------------------------------------
  clock SCAN_CLK (rise edge)                              0.00       0.00
  clock network delay (ideal)                             0.00       0.00
  u_ASYNC_FIFO/memory_core/mem_reg[3][3]/CK (SDFFRQX2M)
                                                          0.00       0.00 r
  u_ASYNC_FIFO/memory_core/mem_reg[3][3]/Q (SDFFRQX2M)
                                                          0.72       0.72 f
  u_ASYNC_FIFO/memory_core/mem_reg[3][4]/SI (SDFFRQX2M)
                                                          0.00       0.72 f
  data arrival time                                                  0.72

  clock SCAN_CLK (rise edge)                              0.00       0.00
  clock network delay (ideal)                             0.00       0.00
  clock uncertainty                                       0.10       0.10
  u_ASYNC_FIFO/memory_core/mem_reg[3][4]/CK (SDFFRQX2M)
                                                          0.00       0.10 r
  library hold time                                      -0.36      -0.26
  data required time                                                -0.26
  --------------------------------------------------------------------------
  data required time                                                -0.26
  data arrival time                                                 -0.72
  --------------------------------------------------------------------------
  slack (MET)                                                        0.98


  Startpoint: u_ASYNC_FIFO/memory_core/mem_reg[3][2]
              (rising edge-triggered flip-flop clocked by SCAN_CLK)
  Endpoint: u_ASYNC_FIFO/memory_core/mem_reg[3][3]
            (rising edge-triggered flip-flop clocked by SCAN_CLK)
  Path Group: SCAN_CLK
  Path Type: min

  Des/Clust/Port     Wire Load Model       Library
  ------------------------------------------------
  SYS_TOP            tsmc13_wl30           scmetro_tsmc_cl013g_rvt_ss_1p08v_125c

  Point                                                   Incr       Path
  --------------------------------------------------------------------------
  clock SCAN_CLK (rise edge)                              0.00       0.00
  clock network delay (ideal)                             0.00       0.00
  u_ASYNC_FIFO/memory_core/mem_reg[3][2]/CK (SDFFRQX2M)
                                                          0.00       0.00 r
  u_ASYNC_FIFO/memory_core/mem_reg[3][2]/Q (SDFFRQX2M)
                                                          0.72       0.72 f
  u_ASYNC_FIFO/memory_core/mem_reg[3][3]/SI (SDFFRQX2M)
                                                          0.00       0.72 f
  data arrival time                                                  0.72

  clock SCAN_CLK (rise edge)                              0.00       0.00
  clock network delay (ideal)                             0.00       0.00
  clock uncertainty                                       0.10       0.10
  u_ASYNC_FIFO/memory_core/mem_reg[3][3]/CK (SDFFRQX2M)
                                                          0.00       0.10 r
  library hold time                                      -0.36      -0.26
  data required time                                                -0.26
  --------------------------------------------------------------------------
  data required time                                                -0.26
  data arrival time                                                 -0.72
  --------------------------------------------------------------------------
  slack (MET)                                                        0.98


  Startpoint: u_ASYNC_FIFO/memory_core/mem_reg[3][1]
              (rising edge-triggered flip-flop clocked by SCAN_CLK)
  Endpoint: u_ASYNC_FIFO/memory_core/mem_reg[3][2]
            (rising edge-triggered flip-flop clocked by SCAN_CLK)
  Path Group: SCAN_CLK
  Path Type: min

  Des/Clust/Port     Wire Load Model       Library
  ------------------------------------------------
  SYS_TOP            tsmc13_wl30           scmetro_tsmc_cl013g_rvt_ss_1p08v_125c

  Point                                                   Incr       Path
  --------------------------------------------------------------------------
  clock SCAN_CLK (rise edge)                              0.00       0.00
  clock network delay (ideal)                             0.00       0.00
  u_ASYNC_FIFO/memory_core/mem_reg[3][1]/CK (SDFFRQX2M)
                                                          0.00       0.00 r
  u_ASYNC_FIFO/memory_core/mem_reg[3][1]/Q (SDFFRQX2M)
                                                          0.72       0.72 f
  u_ASYNC_FIFO/memory_core/mem_reg[3][2]/SI (SDFFRQX2M)
                                                          0.00       0.72 f
  data arrival time                                                  0.72

  clock SCAN_CLK (rise edge)                              0.00       0.00
  clock network delay (ideal)                             0.00       0.00
  clock uncertainty                                       0.10       0.10
  u_ASYNC_FIFO/memory_core/mem_reg[3][2]/CK (SDFFRQX2M)
                                                          0.00       0.10 r
  library hold time                                      -0.36      -0.26
  data required time                                                -0.26
  --------------------------------------------------------------------------
  data required time                                                -0.26
  data arrival time                                                 -0.72
  --------------------------------------------------------------------------
  slack (MET)                                                        0.98


  Startpoint: u_ASYNC_FIFO/memory_core/mem_reg[3][0]
              (rising edge-triggered flip-flop clocked by SCAN_CLK)
  Endpoint: u_ASYNC_FIFO/memory_core/mem_reg[3][1]
            (rising edge-triggered flip-flop clocked by SCAN_CLK)
  Path Group: SCAN_CLK
  Path Type: min

  Des/Clust/Port     Wire Load Model       Library
  ------------------------------------------------
  SYS_TOP            tsmc13_wl30           scmetro_tsmc_cl013g_rvt_ss_1p08v_125c

  Point                                                   Incr       Path
  --------------------------------------------------------------------------
  clock SCAN_CLK (rise edge)                              0.00       0.00
  clock network delay (ideal)                             0.00       0.00
  u_ASYNC_FIFO/memory_core/mem_reg[3][0]/CK (SDFFRQX2M)
                                                          0.00       0.00 r
  u_ASYNC_FIFO/memory_core/mem_reg[3][0]/Q (SDFFRQX2M)
                                                          0.72       0.72 f
  u_ASYNC_FIFO/memory_core/mem_reg[3][1]/SI (SDFFRQX2M)
                                                          0.00       0.72 f
  data arrival time                                                  0.72

  clock SCAN_CLK (rise edge)                              0.00       0.00
  clock network delay (ideal)                             0.00       0.00
  clock uncertainty                                       0.10       0.10
  u_ASYNC_FIFO/memory_core/mem_reg[3][1]/CK (SDFFRQX2M)
                                                          0.00       0.10 r
  library hold time                                      -0.36      -0.26
  data required time                                                -0.26
  --------------------------------------------------------------------------
  data required time                                                -0.26
  data arrival time                                                 -0.72
  --------------------------------------------------------------------------
  slack (MET)                                                        0.98


1
