 
****************************************
Report : timing
        -path full
        -delay max
        -max_paths 100
Design : SYS_TOP
Version: O-2018.06-SP1
Date   : Tue Sep 29 01:46:15 2026
****************************************

Operating Conditions: scmetro_tsmc_cl013g_rvt_ss_1p08v_125c   Library: scmetro_tsmc_cl013g_rvt_ss_1p08v_125c
Wire Load Model Mode: top

  Startpoint: u_ALU/ALU_OUT_reg[7]
              (rising edge-triggered flip-flop clocked by ALU_CLK)
  Endpoint: u_ALU/ALU_OUT_reg[8]
            (rising edge-triggered flip-flop clocked by ALU_CLK)
  Path Group: ALU_CLK
  Path Type: max

  Des/Clust/Port     Wire Load Model       Library
  ------------------------------------------------
  SYS_TOP            tsmc13_wl30           scmetro_tsmc_cl013g_rvt_ss_1p08v_125c

  Point                                    Incr       Path
  -----------------------------------------------------------
  clock ALU_CLK (rise edge)                0.00       0.00
  clock network delay (ideal)              0.00       0.00
  u_ALU/ALU_OUT_reg[7]/CK (SDFFRQX1M)      0.00       0.00 r
  u_ALU/ALU_OUT_reg[7]/Q (SDFFRQX1M)       0.77       0.77 f
  u_ALU/ALU_OUT_reg[8]/SI (SDFFRQX1M)      0.00       0.77 f
  data arrival time                                   0.77

  clock ALU_CLK (rise edge)               20.00      20.00
  clock network delay (ideal)              0.00      20.00
  clock uncertainty                       -0.20      19.80
  u_ALU/ALU_OUT_reg[8]/CK (SDFFRQX1M)      0.00      19.80 r
  library setup time                      -0.61      19.19
  data required time                                 19.19
  -----------------------------------------------------------
  data required time                                 19.19
  data arrival time                                  -0.77
  -----------------------------------------------------------
  slack (MET)                                        18.42


  Startpoint: u_ALU/ALU_OUT_reg[6]
              (rising edge-triggered flip-flop clocked by ALU_CLK)
  Endpoint: u_ALU/ALU_OUT_reg[7]
            (rising edge-triggered flip-flop clocked by ALU_CLK)
  Path Group: ALU_CLK
  Path Type: max

  Des/Clust/Port     Wire Load Model       Library
  ------------------------------------------------
  SYS_TOP            tsmc13_wl30           scmetro_tsmc_cl013g_rvt_ss_1p08v_125c

  Point                                    Incr       Path
  -----------------------------------------------------------
  clock ALU_CLK (rise edge)                0.00       0.00
  clock network delay (ideal)              0.00       0.00
  u_ALU/ALU_OUT_reg[6]/CK (SDFFRQX1M)      0.00       0.00 r
  u_ALU/ALU_OUT_reg[6]/Q (SDFFRQX1M)       0.77       0.77 f
  u_ALU/ALU_OUT_reg[7]/SI (SDFFRQX1M)      0.00       0.77 f
  data arrival time                                   0.77

  clock ALU_CLK (rise edge)               20.00      20.00
  clock network delay (ideal)              0.00      20.00
  clock uncertainty                       -0.20      19.80
  u_ALU/ALU_OUT_reg[7]/CK (SDFFRQX1M)      0.00      19.80 r
  library setup time                      -0.61      19.19
  data required time                                 19.19
  -----------------------------------------------------------
  data required time                                 19.19
  data arrival time                                  -0.77
  -----------------------------------------------------------
  slack (MET)                                        18.42


  Startpoint: u_ALU/ALU_OUT_reg[5]
              (rising edge-triggered flip-flop clocked by ALU_CLK)
  Endpoint: u_ALU/ALU_OUT_reg[6]
            (rising edge-triggered flip-flop clocked by ALU_CLK)
  Path Group: ALU_CLK
  Path Type: max

  Des/Clust/Port     Wire Load Model       Library
  ------------------------------------------------
  SYS_TOP            tsmc13_wl30           scmetro_tsmc_cl013g_rvt_ss_1p08v_125c

  Point                                    Incr       Path
  -----------------------------------------------------------
  clock ALU_CLK (rise edge)                0.00       0.00
  clock network delay (ideal)              0.00       0.00
  u_ALU/ALU_OUT_reg[5]/CK (SDFFRQX1M)      0.00       0.00 r
  u_ALU/ALU_OUT_reg[5]/Q (SDFFRQX1M)       0.77       0.77 f
  u_ALU/ALU_OUT_reg[6]/SI (SDFFRQX1M)      0.00       0.77 f
  data arrival time                                   0.77

  clock ALU_CLK (rise edge)               20.00      20.00
  clock network delay (ideal)              0.00      20.00
  clock uncertainty                       -0.20      19.80
  u_ALU/ALU_OUT_reg[6]/CK (SDFFRQX1M)      0.00      19.80 r
  library setup time                      -0.61      19.19
  data required time                                 19.19
  -----------------------------------------------------------
  data required time                                 19.19
  data arrival time                                  -0.77
  -----------------------------------------------------------
  slack (MET)                                        18.42


  Startpoint: u_ALU/ALU_OUT_reg[4]
              (rising edge-triggered flip-flop clocked by ALU_CLK)
  Endpoint: u_ALU/ALU_OUT_reg[5]
            (rising edge-triggered flip-flop clocked by ALU_CLK)
  Path Group: ALU_CLK
  Path Type: max

  Des/Clust/Port     Wire Load Model       Library
  ------------------------------------------------
  SYS_TOP            tsmc13_wl30           scmetro_tsmc_cl013g_rvt_ss_1p08v_125c

  Point                                    Incr       Path
  -----------------------------------------------------------
  clock ALU_CLK (rise edge)                0.00       0.00
  clock network delay (ideal)              0.00       0.00
  u_ALU/ALU_OUT_reg[4]/CK (SDFFRQX1M)      0.00       0.00 r
  u_ALU/ALU_OUT_reg[4]/Q (SDFFRQX1M)       0.77       0.77 f
  u_ALU/ALU_OUT_reg[5]/SI (SDFFRQX1M)      0.00       0.77 f
  data arrival time                                   0.77

  clock ALU_CLK (rise edge)               20.00      20.00
  clock network delay (ideal)              0.00      20.00
  clock uncertainty                       -0.20      19.80
  u_ALU/ALU_OUT_reg[5]/CK (SDFFRQX1M)      0.00      19.80 r
  library setup time                      -0.61      19.19
  data required time                                 19.19
  -----------------------------------------------------------
  data required time                                 19.19
  data arrival time                                  -0.77
  -----------------------------------------------------------
  slack (MET)                                        18.42


  Startpoint: u_ALU/ALU_OUT_reg[3]
              (rising edge-triggered flip-flop clocked by ALU_CLK)
  Endpoint: u_ALU/ALU_OUT_reg[4]
            (rising edge-triggered flip-flop clocked by ALU_CLK)
  Path Group: ALU_CLK
  Path Type: max

  Des/Clust/Port     Wire Load Model       Library
  ------------------------------------------------
  SYS_TOP            tsmc13_wl30           scmetro_tsmc_cl013g_rvt_ss_1p08v_125c

  Point                                    Incr       Path
  -----------------------------------------------------------
  clock ALU_CLK (rise edge)                0.00       0.00
  clock network delay (ideal)              0.00       0.00
  u_ALU/ALU_OUT_reg[3]/CK (SDFFRQX1M)      0.00       0.00 r
  u_ALU/ALU_OUT_reg[3]/Q (SDFFRQX1M)       0.77       0.77 f
  u_ALU/ALU_OUT_reg[4]/SI (SDFFRQX1M)      0.00       0.77 f
  data arrival time                                   0.77

  clock ALU_CLK (rise edge)               20.00      20.00
  clock network delay (ideal)              0.00      20.00
  clock uncertainty                       -0.20      19.80
  u_ALU/ALU_OUT_reg[4]/CK (SDFFRQX1M)      0.00      19.80 r
  library setup time                      -0.61      19.19
  data required time                                 19.19
  -----------------------------------------------------------
  data required time                                 19.19
  data arrival time                                  -0.77
  -----------------------------------------------------------
  slack (MET)                                        18.42


  Startpoint: u_ALU/ALU_OUT_reg[2]
              (rising edge-triggered flip-flop clocked by ALU_CLK)
  Endpoint: u_ALU/ALU_OUT_reg[3]
            (rising edge-triggered flip-flop clocked by ALU_CLK)
  Path Group: ALU_CLK
  Path Type: max

  Des/Clust/Port     Wire Load Model       Library
  ------------------------------------------------
  SYS_TOP            tsmc13_wl30           scmetro_tsmc_cl013g_rvt_ss_1p08v_125c

  Point                                    Incr       Path
  -----------------------------------------------------------
  clock ALU_CLK (rise edge)                0.00       0.00
  clock network delay (ideal)              0.00       0.00
  u_ALU/ALU_OUT_reg[2]/CK (SDFFRQX1M)      0.00       0.00 r
  u_ALU/ALU_OUT_reg[2]/Q (SDFFRQX1M)       0.77       0.77 f
  u_ALU/ALU_OUT_reg[3]/SI (SDFFRQX1M)      0.00       0.77 f
  data arrival time                                   0.77

  clock ALU_CLK (rise edge)               20.00      20.00
  clock network delay (ideal)              0.00      20.00
  clock uncertainty                       -0.20      19.80
  u_ALU/ALU_OUT_reg[3]/CK (SDFFRQX1M)      0.00      19.80 r
  library setup time                      -0.61      19.19
  data required time                                 19.19
  -----------------------------------------------------------
  data required time                                 19.19
  data arrival time                                  -0.77
  -----------------------------------------------------------
  slack (MET)                                        18.42


  Startpoint: u_ALU/ALU_OUT_reg[1]
              (rising edge-triggered flip-flop clocked by ALU_CLK)
  Endpoint: u_ALU/ALU_OUT_reg[2]
            (rising edge-triggered flip-flop clocked by ALU_CLK)
  Path Group: ALU_CLK
  Path Type: max

  Des/Clust/Port     Wire Load Model       Library
  ------------------------------------------------
  SYS_TOP            tsmc13_wl30           scmetro_tsmc_cl013g_rvt_ss_1p08v_125c

  Point                                    Incr       Path
  -----------------------------------------------------------
  clock ALU_CLK (rise edge)                0.00       0.00
  clock network delay (ideal)              0.00       0.00
  u_ALU/ALU_OUT_reg[1]/CK (SDFFRQX1M)      0.00       0.00 r
  u_ALU/ALU_OUT_reg[1]/Q (SDFFRQX1M)       0.77       0.77 f
  u_ALU/ALU_OUT_reg[2]/SI (SDFFRQX1M)      0.00       0.77 f
  data arrival time                                   0.77

  clock ALU_CLK (rise edge)               20.00      20.00
  clock network delay (ideal)              0.00      20.00
  clock uncertainty                       -0.20      19.80
  u_ALU/ALU_OUT_reg[2]/CK (SDFFRQX1M)      0.00      19.80 r
  library setup time                      -0.61      19.19
  data required time                                 19.19
  -----------------------------------------------------------
  data required time                                 19.19
  data arrival time                                  -0.77
  -----------------------------------------------------------
  slack (MET)                                        18.42


  Startpoint: u_ALU/ALU_OUT_reg[0]
              (rising edge-triggered flip-flop clocked by ALU_CLK)
  Endpoint: u_ALU/ALU_OUT_reg[1]
            (rising edge-triggered flip-flop clocked by ALU_CLK)
  Path Group: ALU_CLK
  Path Type: max

  Des/Clust/Port     Wire Load Model       Library
  ------------------------------------------------
  SYS_TOP            tsmc13_wl30           scmetro_tsmc_cl013g_rvt_ss_1p08v_125c

  Point                                    Incr       Path
  -----------------------------------------------------------
  clock ALU_CLK (rise edge)                0.00       0.00
  clock network delay (ideal)              0.00       0.00
  u_ALU/ALU_OUT_reg[0]/CK (SDFFRQX1M)      0.00       0.00 r
  u_ALU/ALU_OUT_reg[0]/Q (SDFFRQX1M)       0.77       0.77 f
  u_ALU/ALU_OUT_reg[1]/SI (SDFFRQX1M)      0.00       0.77 f
  data arrival time                                   0.77

  clock ALU_CLK (rise edge)               20.00      20.00
  clock network delay (ideal)              0.00      20.00
  clock uncertainty                       -0.20      19.80
  u_ALU/ALU_OUT_reg[1]/CK (SDFFRQX1M)      0.00      19.80 r
  library setup time                      -0.61      19.19
  data required time                                 19.19
  -----------------------------------------------------------
  data required time                                 19.19
  data arrival time                                  -0.77
  -----------------------------------------------------------
  slack (MET)                                        18.42


  Startpoint: u_ALU/ALU_OUT_reg[14]
              (rising edge-triggered flip-flop clocked by ALU_CLK)
  Endpoint: u_ALU/ALU_OUT_reg[15]
            (rising edge-triggered flip-flop clocked by ALU_CLK)
  Path Group: ALU_CLK
  Path Type: max

  Des/Clust/Port     Wire Load Model       Library
  ------------------------------------------------
  SYS_TOP            tsmc13_wl30           scmetro_tsmc_cl013g_rvt_ss_1p08v_125c

  Point                                                   Incr       Path
  --------------------------------------------------------------------------
  clock ALU_CLK (rise edge)                               0.00       0.00
  clock network delay (ideal)                             0.00       0.00
  u_ALU/ALU_OUT_reg[14]/CK (SDFFRQX1M)                    0.00       0.00 r
  u_ALU/ALU_OUT_reg[14]/Q (SDFFRQX1M)                     0.77       0.77 f
  u_ALU/ALU_OUT_reg[15]/SI (SDFFRQX1M)                    0.00       0.77 f
  data arrival time                                                  0.77

  clock ALU_CLK (rise edge)                              20.00      20.00
  clock network delay (ideal)                             0.00      20.00
  clock uncertainty                                      -0.20      19.80
  u_ALU/ALU_OUT_reg[15]/CK (SDFFRQX1M)                    0.00      19.80 r
  library setup time                                     -0.61      19.19
  data required time                                                19.19
  --------------------------------------------------------------------------
  data required time                                                19.19
  data arrival time                                                 -0.77
  --------------------------------------------------------------------------
  slack (MET)                                                       18.43


  Startpoint: u_ALU/ALU_OUT_reg[13]
              (rising edge-triggered flip-flop clocked by ALU_CLK)
  Endpoint: u_ALU/ALU_OUT_reg[14]
            (rising edge-triggered flip-flop clocked by ALU_CLK)
  Path Group: ALU_CLK
  Path Type: max

  Des/Clust/Port     Wire Load Model       Library
  ------------------------------------------------
  SYS_TOP            tsmc13_wl30           scmetro_tsmc_cl013g_rvt_ss_1p08v_125c

  Point                                                   Incr       Path
  --------------------------------------------------------------------------
  clock ALU_CLK (rise edge)                               0.00       0.00
  clock network delay (ideal)                             0.00       0.00
  u_ALU/ALU_OUT_reg[13]/CK (SDFFRQX1M)                    0.00       0.00 r
  u_ALU/ALU_OUT_reg[13]/Q (SDFFRQX1M)                     0.77       0.77 f
  u_ALU/ALU_OUT_reg[14]/SI (SDFFRQX1M)                    0.00       0.77 f
  data arrival time                                                  0.77

  clock ALU_CLK (rise edge)                              20.00      20.00
  clock network delay (ideal)                             0.00      20.00
  clock uncertainty                                      -0.20      19.80
  u_ALU/ALU_OUT_reg[14]/CK (SDFFRQX1M)                    0.00      19.80 r
  library setup time                                     -0.61      19.19
  data required time                                                19.19
  --------------------------------------------------------------------------
  data required time                                                19.19
  data arrival time                                                 -0.77
  --------------------------------------------------------------------------
  slack (MET)                                                       18.43


  Startpoint: u_ALU/ALU_OUT_reg[12]
              (rising edge-triggered flip-flop clocked by ALU_CLK)
  Endpoint: u_ALU/ALU_OUT_reg[13]
            (rising edge-triggered flip-flop clocked by ALU_CLK)
  Path Group: ALU_CLK
  Path Type: max

  Des/Clust/Port     Wire Load Model       Library
  ------------------------------------------------
  SYS_TOP            tsmc13_wl30           scmetro_tsmc_cl013g_rvt_ss_1p08v_125c

  Point                                                   Incr       Path
  --------------------------------------------------------------------------
  clock ALU_CLK (rise edge)                               0.00       0.00
  clock network delay (ideal)                             0.00       0.00
  u_ALU/ALU_OUT_reg[12]/CK (SDFFRQX1M)                    0.00       0.00 r
  u_ALU/ALU_OUT_reg[12]/Q (SDFFRQX1M)                     0.77       0.77 f
  u_ALU/ALU_OUT_reg[13]/SI (SDFFRQX1M)                    0.00       0.77 f
  data arrival time                                                  0.77

  clock ALU_CLK (rise edge)                              20.00      20.00
  clock network delay (ideal)                             0.00      20.00
  clock uncertainty                                      -0.20      19.80
  u_ALU/ALU_OUT_reg[13]/CK (SDFFRQX1M)                    0.00      19.80 r
  library setup time                                     -0.61      19.19
  data required time                                                19.19
  --------------------------------------------------------------------------
  data required time                                                19.19
  data arrival time                                                 -0.77
  --------------------------------------------------------------------------
  slack (MET)                                                       18.43


  Startpoint: u_ALU/ALU_OUT_reg[11]
              (rising edge-triggered flip-flop clocked by ALU_CLK)
  Endpoint: u_ALU/ALU_OUT_reg[12]
            (rising edge-triggered flip-flop clocked by ALU_CLK)
  Path Group: ALU_CLK
  Path Type: max

  Des/Clust/Port     Wire Load Model       Library
  ------------------------------------------------
  SYS_TOP            tsmc13_wl30           scmetro_tsmc_cl013g_rvt_ss_1p08v_125c

  Point                                                   Incr       Path
  --------------------------------------------------------------------------
  clock ALU_CLK (rise edge)                               0.00       0.00
  clock network delay (ideal)                             0.00       0.00
  u_ALU/ALU_OUT_reg[11]/CK (SDFFRQX1M)                    0.00       0.00 r
  u_ALU/ALU_OUT_reg[11]/Q (SDFFRQX1M)                     0.77       0.77 f
  u_ALU/ALU_OUT_reg[12]/SI (SDFFRQX1M)                    0.00       0.77 f
  data arrival time                                                  0.77

  clock ALU_CLK (rise edge)                              20.00      20.00
  clock network delay (ideal)                             0.00      20.00
  clock uncertainty                                      -0.20      19.80
  u_ALU/ALU_OUT_reg[12]/CK (SDFFRQX1M)                    0.00      19.80 r
  library setup time                                     -0.61      19.19
  data required time                                                19.19
  --------------------------------------------------------------------------
  data required time                                                19.19
  data arrival time                                                 -0.77
  --------------------------------------------------------------------------
  slack (MET)                                                       18.43


  Startpoint: u_ALU/ALU_OUT_reg[10]
              (rising edge-triggered flip-flop clocked by ALU_CLK)
  Endpoint: u_ALU/ALU_OUT_reg[11]
            (rising edge-triggered flip-flop clocked by ALU_CLK)
  Path Group: ALU_CLK
  Path Type: max

  Des/Clust/Port     Wire Load Model       Library
  ------------------------------------------------
  SYS_TOP            tsmc13_wl30           scmetro_tsmc_cl013g_rvt_ss_1p08v_125c

  Point                                                   Incr       Path
  --------------------------------------------------------------------------
  clock ALU_CLK (rise edge)                               0.00       0.00
  clock network delay (ideal)                             0.00       0.00
  u_ALU/ALU_OUT_reg[10]/CK (SDFFRQX1M)                    0.00       0.00 r
  u_ALU/ALU_OUT_reg[10]/Q (SDFFRQX1M)                     0.77       0.77 f
  u_ALU/ALU_OUT_reg[11]/SI (SDFFRQX1M)                    0.00       0.77 f
  data arrival time                                                  0.77

  clock ALU_CLK (rise edge)                              20.00      20.00
  clock network delay (ideal)                             0.00      20.00
  clock uncertainty                                      -0.20      19.80
  u_ALU/ALU_OUT_reg[11]/CK (SDFFRQX1M)                    0.00      19.80 r
  library setup time                                     -0.61      19.19
  data required time                                                19.19
  --------------------------------------------------------------------------
  data required time                                                19.19
  data arrival time                                                 -0.77
  --------------------------------------------------------------------------
  slack (MET)                                                       18.43


  Startpoint: u_ALU/ALU_OUT_reg[9]
              (rising edge-triggered flip-flop clocked by ALU_CLK)
  Endpoint: u_ALU/ALU_OUT_reg[10]
            (rising edge-triggered flip-flop clocked by ALU_CLK)
  Path Group: ALU_CLK
  Path Type: max

  Des/Clust/Port     Wire Load Model       Library
  ------------------------------------------------
  SYS_TOP            tsmc13_wl30           scmetro_tsmc_cl013g_rvt_ss_1p08v_125c

  Point                                                   Incr       Path
  --------------------------------------------------------------------------
  clock ALU_CLK (rise edge)                               0.00       0.00
  clock network delay (ideal)                             0.00       0.00
  u_ALU/ALU_OUT_reg[9]/CK (SDFFRQX1M)                     0.00       0.00 r
  u_ALU/ALU_OUT_reg[9]/Q (SDFFRQX1M)                      0.77       0.77 f
  u_ALU/ALU_OUT_reg[10]/SI (SDFFRQX1M)                    0.00       0.77 f
  data arrival time                                                  0.77

  clock ALU_CLK (rise edge)                              20.00      20.00
  clock network delay (ideal)                             0.00      20.00
  clock uncertainty                                      -0.20      19.80
  u_ALU/ALU_OUT_reg[10]/CK (SDFFRQX1M)                    0.00      19.80 r
  library setup time                                     -0.61      19.19
  data required time                                                19.19
  --------------------------------------------------------------------------
  data required time                                                19.19
  data arrival time                                                 -0.77
  --------------------------------------------------------------------------
  slack (MET)                                                       18.43


  Startpoint: u_ALU/ALU_OUT_reg[8]
              (rising edge-triggered flip-flop clocked by ALU_CLK)
  Endpoint: u_ALU/ALU_OUT_reg[9]
            (rising edge-triggered flip-flop clocked by ALU_CLK)
  Path Group: ALU_CLK
  Path Type: max

  Des/Clust/Port     Wire Load Model       Library
  ------------------------------------------------
  SYS_TOP            tsmc13_wl30           scmetro_tsmc_cl013g_rvt_ss_1p08v_125c

  Point                                    Incr       Path
  -----------------------------------------------------------
  clock ALU_CLK (rise edge)                0.00       0.00
  clock network delay (ideal)              0.00       0.00
  u_ALU/ALU_OUT_reg[8]/CK (SDFFRQX1M)      0.00       0.00 r
  u_ALU/ALU_OUT_reg[8]/Q (SDFFRQX1M)       0.77       0.77 f
  u_ALU/ALU_OUT_reg[9]/SI (SDFFRQX1M)      0.00       0.77 f
  data arrival time                                   0.77

  clock ALU_CLK (rise edge)               20.00      20.00
  clock network delay (ideal)              0.00      20.00
  clock uncertainty                       -0.20      19.80
  u_ALU/ALU_OUT_reg[9]/CK (SDFFRQX1M)      0.00      19.80 r
  library setup time                      -0.61      19.19
  data required time                                 19.19
  -----------------------------------------------------------
  data required time                                 19.19
  data arrival time                                  -0.77
  -----------------------------------------------------------
  slack (MET)                                        18.43


  Startpoint: u_ALU/ALU_OUT_reg[15]
              (rising edge-triggered flip-flop clocked by ALU_CLK)
  Endpoint: u_ALU/Valid_reg
            (rising edge-triggered flip-flop clocked by ALU_CLK)
  Path Group: ALU_CLK
  Path Type: max

  Des/Clust/Port     Wire Load Model       Library
  ------------------------------------------------
  SYS_TOP            tsmc13_wl30           scmetro_tsmc_cl013g_rvt_ss_1p08v_125c

  Point                                                   Incr       Path
  --------------------------------------------------------------------------
  clock ALU_CLK (rise edge)                               0.00       0.00
  clock network delay (ideal)                             0.00       0.00
  u_ALU/ALU_OUT_reg[15]/CK (SDFFRQX1M)                    0.00       0.00 r
  u_ALU/ALU_OUT_reg[15]/Q (SDFFRQX1M)                     0.77       0.77 f
  u_ALU/Valid_reg/SI (SDFFRQX1M)                          0.00       0.77 f
  data arrival time                                                  0.77

  clock ALU_CLK (rise edge)                              20.00      20.00
  clock network delay (ideal)                             0.00      20.00
  clock uncertainty                                      -0.20      19.80
  u_ALU/Valid_reg/CK (SDFFRQX1M)                          0.00      19.80 r
  library setup time                                     -0.61      19.19
  data required time                                                19.19
  --------------------------------------------------------------------------
  data required time                                                19.19
  data arrival time                                                 -0.77
  --------------------------------------------------------------------------
  slack (MET)                                                       18.43


  Startpoint: u_RegFile/mem_reg[2][2]
              (rising edge-triggered flip-flop clocked by SCAN_CLK)
  Endpoint: u_CLK_DIV_RX/t2_neg_reg
            (falling edge-triggered flip-flop clocked by SCAN_CLK)
  Path Group: SCAN_CLK
  Path Type: max

  Des/Clust/Port     Wire Load Model       Library
  ------------------------------------------------
  SYS_TOP            tsmc13_wl30           scmetro_tsmc_cl013g_rvt_ss_1p08v_125c

  Point                                                   Incr       Path
  --------------------------------------------------------------------------
  clock SCAN_CLK (rise edge)                              0.00       0.00
  clock network delay (ideal)                             0.00       0.00
  u_RegFile/mem_reg[2][2]/CK (SDFFRQX1M)                  0.00       0.00 r
  u_RegFile/mem_reg[2][2]/Q (SDFFRQX1M)                   0.85       0.85 r
  u_RegFile/U161/Y (INVXLM)                               0.58       1.43 f
  u_RegFile/U162/Y (INVX6M)                               0.98       2.41 r
  u_RegFile/REG2[2] (RegisterFile_DATA_WIDTH8_DATA_DEPTH16_ADDR_WIDTH4_test_1)
                                                          0.00       2.41 r
  div_50/b[0] (SYS_TOP_DW_div_uns_0)                      0.00       2.41 r
  div_50/U1/Y (INVX8M)                                    0.69       3.10 f
  div_50/U20/Y (OR2X2M)                                   0.39       3.49 f
  div_50/U56/Y (AND4X1M)                                  0.59       4.08 f
  div_50/U40/Y (CLKMX2X2M)                                0.66       4.74 r
  div_50/u_div/u_fa_PartRem_0_6_1/CO (ADDFX2M)            0.71       5.45 r
  div_50/U4/Y (AND3X2M)                                   0.73       6.18 r
  div_50/U43/Y (CLKMX2X2M)                                0.69       6.87 f
  div_50/u_div/u_fa_PartRem_0_5_1/CO (ADDFX2M)            0.73       7.60 f
  div_50/u_div/u_fa_PartRem_0_5_2/CO (ADDFX2M)            0.50       8.10 f
  div_50/U11/Y (CLKAND2X2M)                               0.94       9.04 f
  div_50/U46/Y (CLKMX2X2M)                                0.76       9.80 r
  div_50/u_div/u_fa_PartRem_0_4_1/CO (ADDFX2M)            0.72      10.53 r
  div_50/u_div/u_fa_PartRem_0_4_2/CO (ADDFX2M)            0.47      10.99 r
  div_50/u_div/u_fa_PartRem_0_4_3/CO (ADDFX2M)            0.46      11.46 r
  div_50/U2/Y (AND3X4M)                                   0.67      12.13 r
  div_50/U49/Y (CLKMX2X2M)                                0.68      12.81 f
  div_50/u_div/u_fa_PartRem_0_3_1/CO (ADDFX2M)            0.73      13.54 f
  div_50/u_div/u_fa_PartRem_0_3_2/CO (ADDFX2M)            0.51      14.05 f
  div_50/u_div/u_fa_PartRem_0_3_3/CO (ADDFX2M)            0.51      14.55 f
  div_50/u_div/u_fa_PartRem_0_3_4/CO (ADDFX2M)            0.50      15.05 f
  div_50/U3/Y (CLKAND2X4M)                                0.77      15.83 f
  div_50/U52/Y (CLKMX2X2M)                                0.73      16.56 r
  div_50/u_div/u_fa_PartRem_0_2_1/CO (ADDFX2M)            0.72      17.28 r
  div_50/u_div/u_fa_PartRem_0_2_2/CO (ADDFX2M)            0.47      17.75 r
  div_50/u_div/u_fa_PartRem_0_2_3/CO (ADDFX2M)            0.47      18.21 r
  div_50/u_div/u_fa_PartRem_0_2_4/CO (ADDFX2M)            0.47      18.68 r
  div_50/u_div/u_fa_PartRem_0_2_5/CO (ADDFX4M)            1.00      19.68 r
  div_50/U54/Y (CLKMX2X2M)                                0.70      20.39 f
  div_50/u_div/u_fa_PartRem_0_1_1/CO (ADDFX2M)            0.73      21.12 f
  div_50/u_div/u_fa_PartRem_0_1_2/CO (ADDFX2M)            0.51      21.62 f
  div_50/u_div/u_fa_PartRem_0_1_3/CO (ADDFX2M)            0.51      22.13 f
  div_50/u_div/u_fa_PartRem_0_1_4/CO (ADDFX2M)            0.51      22.64 f
  div_50/u_div/u_fa_PartRem_0_1_5/CO (ADDFX2M)            0.50      23.14 f
  div_50/U16/Y (OR2X4M)                                   0.57      23.71 f
  div_50/U55/Y (CLKMX2X2M)                                0.49      24.20 r
  div_50/u_div/u_fa_PartRem_0_0_1/CO (ADDFX2M)            0.69      24.89 r
  div_50/u_div/u_fa_PartRem_0_0_2/CO (ADDFX2M)            0.47      25.36 r
  div_50/u_div/u_fa_PartRem_0_0_3/CO (ADDFX2M)            0.47      25.83 r
  div_50/u_div/u_fa_PartRem_0_0_4/CO (ADDFX2M)            0.47      26.30 r
  div_50/u_div/u_fa_PartRem_0_0_5/CO (ADDFX2M)            0.46      26.75 r
  div_50/U17/Y (OR2X2M)                                   0.33      27.08 r
  div_50/quotient[0] (SYS_TOP_DW_div_uns_0)               0.00      27.08 r
  U42/Y (AO22X4M)                                         0.69      27.77 r
  u_CLK_DIV_RX/i_div_ratio[0] (CLK_DIV_test_1)            0.00      27.77 r
  u_CLK_DIV_RX/add_20_round/A[0] (CLK_DIV_1_DW01_inc_1)
                                                          0.00      27.77 r
  u_CLK_DIV_RX/add_20_round/U1_1_1/CO (ADDHX1M)           0.48      28.25 r
  u_CLK_DIV_RX/add_20_round/U1_1_2/CO (ADDHX1M)           0.45      28.70 r
  u_CLK_DIV_RX/add_20_round/U1_1_3/CO (ADDHX1M)           0.45      29.15 r
  u_CLK_DIV_RX/add_20_round/U1_1_4/CO (ADDHX1M)           0.45      29.60 r
  u_CLK_DIV_RX/add_20_round/U1_1_5/CO (ADDHX1M)           0.45      30.04 r
  u_CLK_DIV_RX/add_20_round/U1_1_6/CO (ADDHX1M)           0.45      30.49 r
  u_CLK_DIV_RX/add_20_round/U1_1_7/S (ADDHX1M)            0.52      31.01 r
  u_CLK_DIV_RX/add_20_round/SUM[7] (CLK_DIV_1_DW01_inc_1)
                                                          0.00      31.01 r
  u_CLK_DIV_RX/U79/Y (XNOR2X1M)                           0.50      31.51 f
  u_CLK_DIV_RX/U76/Y (NOR4X1M)                            1.02      32.53 r
  u_CLK_DIV_RX/U70/Y (CLKNAND2X2M)                        0.66      33.19 f
  u_CLK_DIV_RX/U69/Y (CLKXOR2X2M)                         0.49      33.69 f
  u_CLK_DIV_RX/U68/Y (NOR2X1M)                            0.63      34.32 r
  u_CLK_DIV_RX/t2_neg_reg/D (SDFFNSRHX1M)                 0.00      34.32 r
  data arrival time                                                 34.32

  clock SCAN_CLK (fall edge)                             50.00      50.00
  clock network delay (ideal)                             0.00      50.00
  clock uncertainty                                      -0.20      49.80
  u_CLK_DIV_RX/t2_neg_reg/CKN (SDFFNSRHX1M)               0.00      49.80 f
  library setup time                                     -0.29      49.51
  data required time                                                49.51
  --------------------------------------------------------------------------
  data required time                                                49.51
  data arrival time                                                -34.32
  --------------------------------------------------------------------------
  slack (MET)                                                       15.19


  Startpoint: SE (input port clocked by SCAN_CLK)
  Endpoint: u_CLK_DIV_TX/t2_neg_reg
            (falling edge-triggered flip-flop clocked by SCAN_CLK)
  Path Group: SCAN_CLK
  Path Type: max

  Des/Clust/Port     Wire Load Model       Library
  ------------------------------------------------
  SYS_TOP            tsmc13_wl30           scmetro_tsmc_cl013g_rvt_ss_1p08v_125c

  Point                                                   Incr       Path
  --------------------------------------------------------------------------
  clock SCAN_CLK (rise edge)                              0.00       0.00
  clock network delay (ideal)                             0.00       0.00
  input external delay                                   20.00      20.00 r
  SE (in)                                                 0.66      20.66 r
  U137/Y (INVXLM)                                         0.57      21.24 f
  U103/Y (INVXLM)                                         0.61      21.85 r
  U78/Y (DLY1X1M)                                         0.88      22.73 r
  U104/Y (INVXLM)                                         0.55      23.27 f
  U79/Y (DLY1X1M)                                         0.83      24.10 f
  U138/Y (INVXLM)                                         0.62      24.72 r
  U122/Y (INVXLM)                                         0.48      25.20 f
  U84/Y (DLY1X1M)                                         0.81      26.01 f
  U124/Y (INVXLM)                                         0.62      26.64 r
  U114/Y (DLY1X1M)                                        0.88      27.51 r
  u_CLK_DIV_TX/test_se (CLK_DIV_test_0)                   0.00      27.51 r
  u_CLK_DIV_TX/U107/Y (DLY1X1M)                           0.88      28.39 r
  u_CLK_DIV_TX/U109/Y (DLY1X1M)                           0.90      29.29 r
  u_CLK_DIV_TX/t2_neg_reg/SE (SDFFNSRHX1M)                0.00      29.29 r
  data arrival time                                                 29.29

  clock SCAN_CLK (fall edge)                             50.00      50.00
  clock network delay (ideal)                             0.00      50.00
  clock uncertainty                                      -0.20      49.80
  u_CLK_DIV_TX/t2_neg_reg/CKN (SDFFNSRHX1M)               0.00      49.80 f
  library setup time                                     -0.51      49.29
  data required time                                                49.29
  --------------------------------------------------------------------------
  data required time                                                49.29
  data arrival time                                                -29.29
  --------------------------------------------------------------------------
  slack (MET)                                                       20.00


  Startpoint: SE (input port clocked by SCAN_CLK)
  Endpoint: u_CLK_DIV_RX/t2_neg_reg
            (falling edge-triggered flip-flop clocked by SCAN_CLK)
  Path Group: SCAN_CLK
  Path Type: max

  Des/Clust/Port     Wire Load Model       Library
  ------------------------------------------------
  SYS_TOP            tsmc13_wl30           scmetro_tsmc_cl013g_rvt_ss_1p08v_125c

  Point                                                   Incr       Path
  --------------------------------------------------------------------------
  clock SCAN_CLK (rise edge)                              0.00       0.00
  clock network delay (ideal)                             0.00       0.00
  input external delay                                   20.00      20.00 r
  SE (in)                                                 0.66      20.66 r
  U137/Y (INVXLM)                                         0.57      21.24 f
  U103/Y (INVXLM)                                         0.61      21.85 r
  U78/Y (DLY1X1M)                                         0.88      22.73 r
  U105/Y (INVXLM)                                         0.55      23.27 f
  U139/Y (INVXLM)                                         0.60      23.88 r
  U85/Y (DLY1X1M)                                         0.88      24.75 r
  U69/Y (DLY1X1M)                                         0.88      25.63 r
  u_CLK_DIV_RX/test_se (CLK_DIV_test_1)                   0.00      25.63 r
  u_CLK_DIV_RX/U107/Y (DLY1X1M)                           0.88      26.51 r
  u_CLK_DIV_RX/U109/Y (DLY1X1M)                           0.90      27.41 r
  u_CLK_DIV_RX/t2_neg_reg/SE (SDFFNSRHX1M)                0.00      27.41 r
  data arrival time                                                 27.41

  clock SCAN_CLK (fall edge)                             50.00      50.00
  clock network delay (ideal)                             0.00      50.00
  clock uncertainty                                      -0.20      49.80
  u_CLK_DIV_RX/t2_neg_reg/CKN (SDFFNSRHX1M)               0.00      49.80 f
  library setup time                                     -0.51      49.29
  data required time                                                49.29
  --------------------------------------------------------------------------
  data required time                                                49.29
  data arrival time                                                -27.41
  --------------------------------------------------------------------------
  slack (MET)                                                       21.88


  Startpoint: SI[0] (input port clocked by SCAN_CLK)
  Endpoint: u_CLK_DIV_RX/t2_neg_reg
            (falling edge-triggered flip-flop clocked by SCAN_CLK)
  Path Group: SCAN_CLK
  Path Type: max

  Des/Clust/Port     Wire Load Model       Library
  ------------------------------------------------
  SYS_TOP            tsmc13_wl30           scmetro_tsmc_cl013g_rvt_ss_1p08v_125c

  Point                                                   Incr       Path
  --------------------------------------------------------------------------
  clock SCAN_CLK (rise edge)                              0.00       0.00
  clock network delay (ideal)                             0.00       0.00
  input external delay                                   20.00      20.00 f
  SI[0] (in)                                              0.10      20.10 f
  u_CLK_DIV_RX/test_si1 (CLK_DIV_test_1)                  0.00      20.10 f
  u_CLK_DIV_RX/t2_neg_reg/SI (SDFFNSRHX1M)                0.00      20.10 f
  data arrival time                                                 20.10

  clock SCAN_CLK (fall edge)                             50.00      50.00
  clock network delay (ideal)                             0.00      50.00
  clock uncertainty                                      -0.20      49.80
  u_CLK_DIV_RX/t2_neg_reg/CKN (SDFFNSRHX1M)               0.00      49.80 f
  library setup time                                     -0.42      49.38
  data required time                                                49.38
  --------------------------------------------------------------------------
  data required time                                                49.38
  data arrival time                                                -20.10
  --------------------------------------------------------------------------
  slack (MET)                                                       29.27


  Startpoint: u_RegFile/mem_reg[3][1]
              (rising edge-triggered flip-flop clocked by SCAN_CLK)
  Endpoint: u_CLK_DIV_TX/t2_neg_reg
            (falling edge-triggered flip-flop clocked by SCAN_CLK)
  Path Group: SCAN_CLK
  Path Type: max

  Des/Clust/Port     Wire Load Model       Library
  ------------------------------------------------
  SYS_TOP            tsmc13_wl30           scmetro_tsmc_cl013g_rvt_ss_1p08v_125c

  Point                                                   Incr       Path
  --------------------------------------------------------------------------
  clock SCAN_CLK (rise edge)                              0.00       0.00
  clock network delay (ideal)                             0.00       0.00
  u_RegFile/mem_reg[3][1]/CK (SDFFRQX1M)                  0.00       0.00 r
  u_RegFile/mem_reg[3][1]/Q (SDFFRQX1M)                   0.85       0.85 r
  u_RegFile/U177/Y (INVXLM)                               0.58       1.43 f
  u_RegFile/U178/Y (INVX6M)                               0.90       2.33 r
  u_RegFile/REG3[1] (RegisterFile_DATA_WIDTH8_DATA_DEPTH16_ADDR_WIDTH4_test_1)
                                                          0.00       2.33 r
  u_CLK_DIV_TX/i_div_ratio[1] (CLK_DIV_test_0)            0.00       2.33 r
  u_CLK_DIV_TX/add_20_round/A[1] (CLK_DIV_0_DW01_inc_1)
                                                          0.00       2.33 r
  u_CLK_DIV_TX/add_20_round/U1_1_1/CO (ADDHX1M)           0.45       2.79 r
  u_CLK_DIV_TX/add_20_round/U1_1_2/CO (ADDHX1M)           0.45       3.24 r
  u_CLK_DIV_TX/add_20_round/U1_1_3/CO (ADDHX1M)           0.45       3.69 r
  u_CLK_DIV_TX/add_20_round/U1_1_4/CO (ADDHX1M)           0.45       4.13 r
  u_CLK_DIV_TX/add_20_round/U1_1_5/CO (ADDHX1M)           0.45       4.58 r
  u_CLK_DIV_TX/add_20_round/U1_1_6/CO (ADDHX1M)           0.45       5.03 r
  u_CLK_DIV_TX/add_20_round/U1_1_7/S (ADDHX1M)            0.52       5.55 r
  u_CLK_DIV_TX/add_20_round/SUM[7] (CLK_DIV_0_DW01_inc_1)
                                                          0.00       5.55 r
  u_CLK_DIV_TX/U79/Y (XNOR2X1M)                           0.50       6.05 f
  u_CLK_DIV_TX/U76/Y (NOR4X1M)                            1.02       7.07 r
  u_CLK_DIV_TX/U70/Y (CLKNAND2X2M)                        0.66       7.74 f
  u_CLK_DIV_TX/U69/Y (CLKXOR2X2M)                         0.49       8.23 f
  u_CLK_DIV_TX/U68/Y (NOR2X1M)                            0.63       8.86 r
  u_CLK_DIV_TX/t2_neg_reg/D (SDFFNSRHX1M)                 0.00       8.86 r
  data arrival time                                                  8.86

  clock SCAN_CLK (fall edge)                             50.00      50.00
  clock network delay (ideal)                             0.00      50.00
  clock uncertainty                                      -0.20      49.80
  u_CLK_DIV_TX/t2_neg_reg/CKN (SDFFNSRHX1M)               0.00      49.80 f
  library setup time                                     -0.29      49.51
  data required time                                                49.51
  --------------------------------------------------------------------------
  data required time                                                49.51
  data arrival time                                                 -8.86
  --------------------------------------------------------------------------
  slack (MET)                                                       40.65


  Startpoint: u_CLK_DIV_TX/t2_neg_reg
              (falling edge-triggered flip-flop clocked by SCAN_CLK)
  Endpoint: sync_clk_div_en_ff1_reg
            (rising edge-triggered flip-flop clocked by SCAN_CLK)
  Path Group: SCAN_CLK
  Path Type: max

  Des/Clust/Port     Wire Load Model       Library
  ------------------------------------------------
  SYS_TOP            tsmc13_wl30           scmetro_tsmc_cl013g_rvt_ss_1p08v_125c

  Point                                                   Incr       Path
  --------------------------------------------------------------------------
  clock SCAN_CLK (fall edge)                             50.00      50.00
  clock network delay (ideal)                             0.00      50.00
  u_CLK_DIV_TX/t2_neg_reg/CKN (SDFFNSRHX1M)               0.00      50.00 f
  u_CLK_DIV_TX/t2_neg_reg/QN (SDFFNSRHX1M)                1.00      51.00 f
  u_CLK_DIV_TX/test_so1 (CLK_DIV_test_0)                  0.00      51.00 f
  sync_clk_div_en_ff1_reg/SI (SDFFRQX1M)                  0.00      51.00 f
  data arrival time                                                 51.00

  clock SCAN_CLK (rise edge)                            100.00     100.00
  clock network delay (ideal)                             0.00     100.00
  clock uncertainty                                      -0.20      99.80
  sync_clk_div_en_ff1_reg/CK (SDFFRQX1M)                  0.00      99.80 r
  library setup time                                     -0.59      99.21
  data required time                                                99.21
  --------------------------------------------------------------------------
  data required time                                                99.21
  data arrival time                                                -51.00
  --------------------------------------------------------------------------
  slack (MET)                                                       48.22


  Startpoint: SE (input port clocked by SCAN_CLK)
  Endpoint: u_RegFile/mem_reg[2][3]
            (rising edge-triggered flip-flop clocked by SCAN_CLK)
  Path Group: SCAN_CLK
  Path Type: max

  Des/Clust/Port     Wire Load Model       Library
  ------------------------------------------------
  SYS_TOP            tsmc13_wl30           scmetro_tsmc_cl013g_rvt_ss_1p08v_125c

  Point                                                   Incr       Path
  --------------------------------------------------------------------------
  clock SCAN_CLK (rise edge)                              0.00       0.00
  clock network delay (ideal)                             0.00       0.00
  input external delay                                   20.00      20.00 r
  SE (in)                                                 0.66      20.66 r
  U137/Y (INVXLM)                                         0.57      21.24 f
  U103/Y (INVXLM)                                         0.61      21.85 r
  U78/Y (DLY1X1M)                                         0.88      22.73 r
  U104/Y (INVXLM)                                         0.55      23.27 f
  U79/Y (DLY1X1M)                                         0.83      24.10 f
  U138/Y (INVXLM)                                         0.62      24.72 r
  U122/Y (INVXLM)                                         0.48      25.20 f
  U84/Y (DLY1X1M)                                         0.81      26.01 f
  U123/Y (INVXLM)                                         0.62      26.64 r
  U113/Y (DLY1X1M)                                        0.89      27.52 r
  U136/Y (DLY1X1M)                                        0.88      28.40 r
  U135/Y (DLY1X1M)                                        0.88      29.28 r
  u_RegFile/test_se (RegisterFile_DATA_WIDTH8_DATA_DEPTH16_ADDR_WIDTH4_test_1)
                                                          0.00      29.28 r
  u_RegFile/U629/Y (DLY1X1M)                              0.88      30.15 r
  u_RegFile/U652/Y (DLY1X1M)                              0.88      31.03 r
  u_RegFile/U648/Y (DLY1X1M)                              0.88      31.91 r
  u_RegFile/U631/Y (DLY1X1M)                              0.89      32.79 r
  u_RegFile/U689/Y (DLY1X1M)                              0.88      33.67 r
  u_RegFile/U577/Y (DLY1X1M)                              0.89      34.55 r
  u_RegFile/U693/Y (DLY1X1M)                              0.88      35.43 r
  u_RegFile/U694/Y (DLY1X1M)                              0.89      36.32 r
  u_RegFile/U606/Y (DLY1X1M)                              0.90      37.21 r
  u_RegFile/mem_reg[2][3]/SE (SDFFRQX1M)                  0.00      37.21 r
  data arrival time                                                 37.21

  clock SCAN_CLK (rise edge)                            100.00     100.00
  clock network delay (ideal)                             0.00     100.00
  clock uncertainty                                      -0.20      99.80
  u_RegFile/mem_reg[2][3]/CK (SDFFRQX1M)                  0.00      99.80 r
  library setup time                                     -0.60      99.20
  data required time                                                99.20
  --------------------------------------------------------------------------
  data required time                                                99.20
  data arrival time                                                -37.21
  --------------------------------------------------------------------------
  slack (MET)                                                       61.99


  Startpoint: SE (input port clocked by SCAN_CLK)
  Endpoint: u_RegFile/mem_reg[2][2]
            (rising edge-triggered flip-flop clocked by SCAN_CLK)
  Path Group: SCAN_CLK
  Path Type: max

  Des/Clust/Port     Wire Load Model       Library
  ------------------------------------------------
  SYS_TOP            tsmc13_wl30           scmetro_tsmc_cl013g_rvt_ss_1p08v_125c

  Point                                                   Incr       Path
  --------------------------------------------------------------------------
  clock SCAN_CLK (rise edge)                              0.00       0.00
  clock network delay (ideal)                             0.00       0.00
  input external delay                                   20.00      20.00 r
  SE (in)                                                 0.66      20.66 r
  U137/Y (INVXLM)                                         0.57      21.24 f
  U103/Y (INVXLM)                                         0.61      21.85 r
  U78/Y (DLY1X1M)                                         0.88      22.73 r
  U104/Y (INVXLM)                                         0.55      23.27 f
  U79/Y (DLY1X1M)                                         0.83      24.10 f
  U138/Y (INVXLM)                                         0.62      24.72 r
  U122/Y (INVXLM)                                         0.48      25.20 f
  U84/Y (DLY1X1M)                                         0.81      26.01 f
  U123/Y (INVXLM)                                         0.62      26.64 r
  U113/Y (DLY1X1M)                                        0.89      27.52 r
  U136/Y (DLY1X1M)                                        0.88      28.40 r
  U135/Y (DLY1X1M)                                        0.88      29.28 r
  u_RegFile/test_se (RegisterFile_DATA_WIDTH8_DATA_DEPTH16_ADDR_WIDTH4_test_1)
                                                          0.00      29.28 r
  u_RegFile/U629/Y (DLY1X1M)                              0.88      30.15 r
  u_RegFile/U652/Y (DLY1X1M)                              0.88      31.03 r
  u_RegFile/U648/Y (DLY1X1M)                              0.88      31.91 r
  u_RegFile/U631/Y (DLY1X1M)                              0.89      32.79 r
  u_RegFile/U689/Y (DLY1X1M)                              0.88      33.67 r
  u_RegFile/U577/Y (DLY1X1M)                              0.89      34.55 r
  u_RegFile/U693/Y (DLY1X1M)                              0.88      35.43 r
  u_RegFile/U694/Y (DLY1X1M)                              0.89      36.32 r
  u_RegFile/U606/Y (DLY1X1M)                              0.90      37.21 r
  u_RegFile/mem_reg[2][2]/SE (SDFFRQX1M)                  0.00      37.21 r
  data arrival time                                                 37.21

  clock SCAN_CLK (rise edge)                            100.00     100.00
  clock network delay (ideal)                             0.00     100.00
  clock uncertainty                                      -0.20      99.80
  u_RegFile/mem_reg[2][2]/CK (SDFFRQX1M)                  0.00      99.80 r
  library setup time                                     -0.60      99.20
  data required time                                                99.20
  --------------------------------------------------------------------------
  data required time                                                99.20
  data arrival time                                                -37.21
  --------------------------------------------------------------------------
  slack (MET)                                                       61.99


  Startpoint: SE (input port clocked by SCAN_CLK)
  Endpoint: u_RegFile/mem_reg[3][2]
            (rising edge-triggered flip-flop clocked by SCAN_CLK)
  Path Group: SCAN_CLK
  Path Type: max

  Des/Clust/Port     Wire Load Model       Library
  ------------------------------------------------
  SYS_TOP            tsmc13_wl30           scmetro_tsmc_cl013g_rvt_ss_1p08v_125c

  Point                                                   Incr       Path
  --------------------------------------------------------------------------
  clock SCAN_CLK (rise edge)                              0.00       0.00
  clock network delay (ideal)                             0.00       0.00
  input external delay                                   20.00      20.00 r
  SE (in)                                                 0.66      20.66 r
  U137/Y (INVXLM)                                         0.57      21.24 f
  U103/Y (INVXLM)                                         0.61      21.85 r
  U78/Y (DLY1X1M)                                         0.88      22.73 r
  U104/Y (INVXLM)                                         0.55      23.27 f
  U79/Y (DLY1X1M)                                         0.83      24.10 f
  U138/Y (INVXLM)                                         0.62      24.72 r
  U122/Y (INVXLM)                                         0.48      25.20 f
  U84/Y (DLY1X1M)                                         0.81      26.01 f
  U123/Y (INVXLM)                                         0.62      26.64 r
  U113/Y (DLY1X1M)                                        0.89      27.52 r
  U136/Y (DLY1X1M)                                        0.88      28.40 r
  U135/Y (DLY1X1M)                                        0.88      29.28 r
  u_RegFile/test_se (RegisterFile_DATA_WIDTH8_DATA_DEPTH16_ADDR_WIDTH4_test_1)
                                                          0.00      29.28 r
  u_RegFile/U563/Y (DLY1X1M)                              0.88      30.15 r
  u_RegFile/U630/Y (DLY1X1M)                              0.88      31.03 r
  u_RegFile/U653/Y (DLY1X1M)                              0.88      31.91 r
  u_RegFile/U636/Y (DLY1X1M)                              0.88      32.78 r
  u_RegFile/U690/Y (DLY1X1M)                              0.88      33.66 r
  u_RegFile/U572/Y (DLY1X1M)                              0.89      34.54 r
  u_RegFile/U695/Y (DLY1X1M)                              0.88      35.42 r
  u_RegFile/U696/Y (DLY1X1M)                              0.89      36.31 r
  u_RegFile/U607/Y (DLY1X1M)                              0.90      37.20 r
  u_RegFile/mem_reg[3][2]/SE (SDFFRQX1M)                  0.00      37.20 r
  data arrival time                                                 37.20

  clock SCAN_CLK (rise edge)                            100.00     100.00
  clock network delay (ideal)                             0.00     100.00
  clock uncertainty                                      -0.20      99.80
  u_RegFile/mem_reg[3][2]/CK (SDFFRQX1M)                  0.00      99.80 r
  library setup time                                     -0.60      99.20
  data required time                                                99.20
  --------------------------------------------------------------------------
  data required time                                                99.20
  data arrival time                                                -37.20
  --------------------------------------------------------------------------
  slack (MET)                                                       62.00


  Startpoint: SE (input port clocked by SCAN_CLK)
  Endpoint: u_RegFile/mem_reg[3][1]
            (rising edge-triggered flip-flop clocked by SCAN_CLK)
  Path Group: SCAN_CLK
  Path Type: max

  Des/Clust/Port     Wire Load Model       Library
  ------------------------------------------------
  SYS_TOP            tsmc13_wl30           scmetro_tsmc_cl013g_rvt_ss_1p08v_125c

  Point                                                   Incr       Path
  --------------------------------------------------------------------------
  clock SCAN_CLK (rise edge)                              0.00       0.00
  clock network delay (ideal)                             0.00       0.00
  input external delay                                   20.00      20.00 r
  SE (in)                                                 0.66      20.66 r
  U137/Y (INVXLM)                                         0.57      21.24 f
  U103/Y (INVXLM)                                         0.61      21.85 r
  U78/Y (DLY1X1M)                                         0.88      22.73 r
  U104/Y (INVXLM)                                         0.55      23.27 f
  U79/Y (DLY1X1M)                                         0.83      24.10 f
  U138/Y (INVXLM)                                         0.62      24.72 r
  U122/Y (INVXLM)                                         0.48      25.20 f
  U84/Y (DLY1X1M)                                         0.81      26.01 f
  U123/Y (INVXLM)                                         0.62      26.64 r
  U113/Y (DLY1X1M)                                        0.89      27.52 r
  U136/Y (DLY1X1M)                                        0.88      28.40 r
  U135/Y (DLY1X1M)                                        0.88      29.28 r
  u_RegFile/test_se (RegisterFile_DATA_WIDTH8_DATA_DEPTH16_ADDR_WIDTH4_test_1)
                                                          0.00      29.28 r
  u_RegFile/U563/Y (DLY1X1M)                              0.88      30.15 r
  u_RegFile/U630/Y (DLY1X1M)                              0.88      31.03 r
  u_RegFile/U653/Y (DLY1X1M)                              0.88      31.91 r
  u_RegFile/U636/Y (DLY1X1M)                              0.88      32.78 r
  u_RegFile/U690/Y (DLY1X1M)                              0.88      33.66 r
  u_RegFile/U572/Y (DLY1X1M)                              0.89      34.54 r
  u_RegFile/U695/Y (DLY1X1M)                              0.88      35.42 r
  u_RegFile/U696/Y (DLY1X1M)                              0.89      36.31 r
  u_RegFile/U607/Y (DLY1X1M)                              0.90      37.20 r
  u_RegFile/mem_reg[3][1]/SE (SDFFRQX1M)                  0.00      37.20 r
  data arrival time                                                 37.20

  clock SCAN_CLK (rise edge)                            100.00     100.00
  clock network delay (ideal)                             0.00     100.00
  clock uncertainty                                      -0.20      99.80
  u_RegFile/mem_reg[3][1]/CK (SDFFRQX1M)                  0.00      99.80 r
  library setup time                                     -0.60      99.20
  data required time                                                99.20
  --------------------------------------------------------------------------
  data required time                                                99.20
  data arrival time                                                -37.20
  --------------------------------------------------------------------------
  slack (MET)                                                       62.00


  Startpoint: SE (input port clocked by SCAN_CLK)
  Endpoint: u_RegFile/mem_reg[3][5]
            (rising edge-triggered flip-flop clocked by SCAN_CLK)
  Path Group: SCAN_CLK
  Path Type: max

  Des/Clust/Port     Wire Load Model       Library
  ------------------------------------------------
  SYS_TOP            tsmc13_wl30           scmetro_tsmc_cl013g_rvt_ss_1p08v_125c

  Point                                                   Incr       Path
  --------------------------------------------------------------------------
  clock SCAN_CLK (rise edge)                              0.00       0.00
  clock network delay (ideal)                             0.00       0.00
  input external delay                                   20.00      20.00 r
  SE (in)                                                 0.66      20.66 r
  U137/Y (INVXLM)                                         0.57      21.24 f
  U103/Y (INVXLM)                                         0.61      21.85 r
  U78/Y (DLY1X1M)                                         0.88      22.73 r
  U104/Y (INVXLM)                                         0.55      23.27 f
  U79/Y (DLY1X1M)                                         0.83      24.10 f
  U138/Y (INVXLM)                                         0.62      24.72 r
  U122/Y (INVXLM)                                         0.48      25.20 f
  U84/Y (DLY1X1M)                                         0.81      26.01 f
  U123/Y (INVXLM)                                         0.62      26.64 r
  U113/Y (DLY1X1M)                                        0.89      27.52 r
  U136/Y (DLY1X1M)                                        0.88      28.40 r
  U135/Y (DLY1X1M)                                        0.88      29.28 r
  u_RegFile/test_se (RegisterFile_DATA_WIDTH8_DATA_DEPTH16_ADDR_WIDTH4_test_1)
                                                          0.00      29.28 r
  u_RegFile/U563/Y (DLY1X1M)                              0.88      30.15 r
  u_RegFile/U630/Y (DLY1X1M)                              0.88      31.03 r
  u_RegFile/U653/Y (DLY1X1M)                              0.88      31.91 r
  u_RegFile/U636/Y (DLY1X1M)                              0.88      32.78 r
  u_RegFile/U690/Y (DLY1X1M)                              0.88      33.66 r
  u_RegFile/U697/Y (DLY1X1M)                              0.88      34.53 r
  u_RegFile/U571/Y (DLY1X1M)                              0.88      35.41 r
  u_RegFile/U634/Y (DLY1X1M)                              0.90      36.31 r
  u_RegFile/mem_reg[3][5]/SE (SDFFSQX2M)                  0.00      36.31 r
  data arrival time                                                 36.31

  clock SCAN_CLK (rise edge)                            100.00     100.00
  clock network delay (ideal)                             0.00     100.00
  clock uncertainty                                      -0.20      99.80
  u_RegFile/mem_reg[3][5]/CK (SDFFSQX2M)                  0.00      99.80 r
  library setup time                                     -0.64      99.16
  data required time                                                99.16
  --------------------------------------------------------------------------
  data required time                                                99.16
  data arrival time                                                -36.31
  --------------------------------------------------------------------------
  slack (MET)                                                       62.86


  Startpoint: SE (input port clocked by SCAN_CLK)
  Endpoint: u_RegFile/mem_reg[2][0]
            (rising edge-triggered flip-flop clocked by SCAN_CLK)
  Path Group: SCAN_CLK
  Path Type: max

  Des/Clust/Port     Wire Load Model       Library
  ------------------------------------------------
  SYS_TOP            tsmc13_wl30           scmetro_tsmc_cl013g_rvt_ss_1p08v_125c

  Point                                                   Incr       Path
  --------------------------------------------------------------------------
  clock SCAN_CLK (rise edge)                              0.00       0.00
  clock network delay (ideal)                             0.00       0.00
  input external delay                                   20.00      20.00 r
  SE (in)                                                 0.66      20.66 r
  U137/Y (INVXLM)                                         0.57      21.24 f
  U103/Y (INVXLM)                                         0.61      21.85 r
  U78/Y (DLY1X1M)                                         0.88      22.73 r
  U104/Y (INVXLM)                                         0.55      23.27 f
  U79/Y (DLY1X1M)                                         0.83      24.10 f
  U138/Y (INVXLM)                                         0.62      24.72 r
  U122/Y (INVXLM)                                         0.48      25.20 f
  U84/Y (DLY1X1M)                                         0.81      26.01 f
  U123/Y (INVXLM)                                         0.62      26.64 r
  U113/Y (DLY1X1M)                                        0.89      27.52 r
  U136/Y (DLY1X1M)                                        0.88      28.40 r
  U135/Y (DLY1X1M)                                        0.88      29.28 r
  u_RegFile/test_se (RegisterFile_DATA_WIDTH8_DATA_DEPTH16_ADDR_WIDTH4_test_1)
                                                          0.00      29.28 r
  u_RegFile/U563/Y (DLY1X1M)                              0.88      30.15 r
  u_RegFile/U630/Y (DLY1X1M)                              0.88      31.03 r
  u_RegFile/U653/Y (DLY1X1M)                              0.88      31.91 r
  u_RegFile/U636/Y (DLY1X1M)                              0.88      32.78 r
  u_RegFile/U690/Y (DLY1X1M)                              0.88      33.66 r
  u_RegFile/U697/Y (DLY1X1M)                              0.88      34.53 r
  u_RegFile/U571/Y (DLY1X1M)                              0.88      35.41 r
  u_RegFile/U634/Y (DLY1X1M)                              0.90      36.31 r
  u_RegFile/mem_reg[2][0]/SE (SDFFSQX2M)                  0.00      36.31 r
  data arrival time                                                 36.31

  clock SCAN_CLK (rise edge)                            100.00     100.00
  clock network delay (ideal)                             0.00     100.00
  clock uncertainty                                      -0.20      99.80
  u_RegFile/mem_reg[2][0]/CK (SDFFSQX2M)                  0.00      99.80 r
  library setup time                                     -0.64      99.16
  data required time                                                99.16
  --------------------------------------------------------------------------
  data required time                                                99.16
  data arrival time                                                -36.31
  --------------------------------------------------------------------------
  slack (MET)                                                       62.86


  Startpoint: SE (input port clocked by SCAN_CLK)
  Endpoint: u_RegFile/mem_reg[2][5]
            (rising edge-triggered flip-flop clocked by SCAN_CLK)
  Path Group: SCAN_CLK
  Path Type: max

  Des/Clust/Port     Wire Load Model       Library
  ------------------------------------------------
  SYS_TOP            tsmc13_wl30           scmetro_tsmc_cl013g_rvt_ss_1p08v_125c

  Point                                                   Incr       Path
  --------------------------------------------------------------------------
  clock SCAN_CLK (rise edge)                              0.00       0.00
  clock network delay (ideal)                             0.00       0.00
  input external delay                                   20.00      20.00 r
  SE (in)                                                 0.66      20.66 r
  U137/Y (INVXLM)                                         0.57      21.24 f
  U103/Y (INVXLM)                                         0.61      21.85 r
  U78/Y (DLY1X1M)                                         0.88      22.73 r
  U104/Y (INVXLM)                                         0.55      23.27 f
  U79/Y (DLY1X1M)                                         0.83      24.10 f
  U138/Y (INVXLM)                                         0.62      24.72 r
  U122/Y (INVXLM)                                         0.48      25.20 f
  U84/Y (DLY1X1M)                                         0.81      26.01 f
  U123/Y (INVXLM)                                         0.62      26.64 r
  U113/Y (DLY1X1M)                                        0.89      27.52 r
  U136/Y (DLY1X1M)                                        0.88      28.40 r
  U135/Y (DLY1X1M)                                        0.88      29.28 r
  u_RegFile/test_se (RegisterFile_DATA_WIDTH8_DATA_DEPTH16_ADDR_WIDTH4_test_1)
                                                          0.00      29.28 r
  u_RegFile/U563/Y (DLY1X1M)                              0.88      30.15 r
  u_RegFile/U630/Y (DLY1X1M)                              0.88      31.03 r
  u_RegFile/U653/Y (DLY1X1M)                              0.88      31.91 r
  u_RegFile/U636/Y (DLY1X1M)                              0.88      32.78 r
  u_RegFile/U690/Y (DLY1X1M)                              0.88      33.66 r
  u_RegFile/U697/Y (DLY1X1M)                              0.88      34.53 r
  u_RegFile/U571/Y (DLY1X1M)                              0.88      35.41 r
  u_RegFile/U635/Y (DLY1X1M)                              0.90      36.31 r
  u_RegFile/mem_reg[2][5]/SE (SDFFSQX2M)                  0.00      36.31 r
  data arrival time                                                 36.31

  clock SCAN_CLK (rise edge)                            100.00     100.00
  clock network delay (ideal)                             0.00     100.00
  clock uncertainty                                      -0.20      99.80
  u_RegFile/mem_reg[2][5]/CK (SDFFSQX2M)                  0.00      99.80 r
  library setup time                                     -0.64      99.16
  data required time                                                99.16
  --------------------------------------------------------------------------
  data required time                                                99.16
  data arrival time                                                -36.31
  --------------------------------------------------------------------------
  slack (MET)                                                       62.86


  Startpoint: SE (input port clocked by SCAN_CLK)
  Endpoint: u_RegFile/mem_reg[7][3]
            (rising edge-triggered flip-flop clocked by SCAN_CLK)
  Path Group: SCAN_CLK
  Path Type: max

  Des/Clust/Port     Wire Load Model       Library
  ------------------------------------------------
  SYS_TOP            tsmc13_wl30           scmetro_tsmc_cl013g_rvt_ss_1p08v_125c

  Point                                                   Incr       Path
  --------------------------------------------------------------------------
  clock SCAN_CLK (rise edge)                              0.00       0.00
  clock network delay (ideal)                             0.00       0.00
  input external delay                                   20.00      20.00 r
  SE (in)                                                 0.66      20.66 r
  U137/Y (INVXLM)                                         0.57      21.24 f
  U103/Y (INVXLM)                                         0.61      21.85 r
  U78/Y (DLY1X1M)                                         0.88      22.73 r
  U104/Y (INVXLM)                                         0.55      23.27 f
  U79/Y (DLY1X1M)                                         0.83      24.10 f
  U138/Y (INVXLM)                                         0.62      24.72 r
  U122/Y (INVXLM)                                         0.48      25.20 f
  U84/Y (DLY1X1M)                                         0.81      26.01 f
  U123/Y (INVXLM)                                         0.62      26.64 r
  U113/Y (DLY1X1M)                                        0.89      27.52 r
  U136/Y (DLY1X1M)                                        0.88      28.40 r
  U135/Y (DLY1X1M)                                        0.88      29.28 r
  u_RegFile/test_se (RegisterFile_DATA_WIDTH8_DATA_DEPTH16_ADDR_WIDTH4_test_1)
                                                          0.00      29.28 r
  u_RegFile/U563/Y (DLY1X1M)                              0.88      30.15 r
  u_RegFile/U566/Y (DLY1X1M)                              0.88      31.03 r
  u_RegFile/U628/Y (DLY1X1M)                              0.88      31.91 r
  u_RegFile/U565/Y (DLY1X1M)                              0.88      32.78 r
  u_RegFile/U646/Y (DLY1X1M)                              0.89      33.67 r
  u_RegFile/U679/Y (DLY1X1M)                              0.88      34.54 r
  u_RegFile/U680/Y (DLY1X1M)                              0.89      35.43 r
  u_RegFile/U622/Y (DLY1X1M)                              0.90      36.33 r
  u_RegFile/mem_reg[7][3]/SE (SDFFRQX2M)                  0.00      36.33 r
  data arrival time                                                 36.33

  clock SCAN_CLK (rise edge)                            100.00     100.00
  clock network delay (ideal)                             0.00     100.00
  clock uncertainty                                      -0.20      99.80
  u_RegFile/mem_reg[7][3]/CK (SDFFRQX2M)                  0.00      99.80 r
  library setup time                                     -0.61      99.19
  data required time                                                99.19
  --------------------------------------------------------------------------
  data required time                                                99.19
  data arrival time                                                -36.33
  --------------------------------------------------------------------------
  slack (MET)                                                       62.87


  Startpoint: SE (input port clocked by SCAN_CLK)
  Endpoint: u_RegFile/mem_reg[7][2]
            (rising edge-triggered flip-flop clocked by SCAN_CLK)
  Path Group: SCAN_CLK
  Path Type: max

  Des/Clust/Port     Wire Load Model       Library
  ------------------------------------------------
  SYS_TOP            tsmc13_wl30           scmetro_tsmc_cl013g_rvt_ss_1p08v_125c

  Point                                                   Incr       Path
  --------------------------------------------------------------------------
  clock SCAN_CLK (rise edge)                              0.00       0.00
  clock network delay (ideal)                             0.00       0.00
  input external delay                                   20.00      20.00 r
  SE (in)                                                 0.66      20.66 r
  U137/Y (INVXLM)                                         0.57      21.24 f
  U103/Y (INVXLM)                                         0.61      21.85 r
  U78/Y (DLY1X1M)                                         0.88      22.73 r
  U104/Y (INVXLM)                                         0.55      23.27 f
  U79/Y (DLY1X1M)                                         0.83      24.10 f
  U138/Y (INVXLM)                                         0.62      24.72 r
  U122/Y (INVXLM)                                         0.48      25.20 f
  U84/Y (DLY1X1M)                                         0.81      26.01 f
  U123/Y (INVXLM)                                         0.62      26.64 r
  U113/Y (DLY1X1M)                                        0.89      27.52 r
  U136/Y (DLY1X1M)                                        0.88      28.40 r
  U135/Y (DLY1X1M)                                        0.88      29.28 r
  u_RegFile/test_se (RegisterFile_DATA_WIDTH8_DATA_DEPTH16_ADDR_WIDTH4_test_1)
                                                          0.00      29.28 r
  u_RegFile/U563/Y (DLY1X1M)                              0.88      30.15 r
  u_RegFile/U566/Y (DLY1X1M)                              0.88      31.03 r
  u_RegFile/U628/Y (DLY1X1M)                              0.88      31.91 r
  u_RegFile/U565/Y (DLY1X1M)                              0.88      32.78 r
  u_RegFile/U646/Y (DLY1X1M)                              0.89      33.67 r
  u_RegFile/U679/Y (DLY1X1M)                              0.88      34.54 r
  u_RegFile/U680/Y (DLY1X1M)                              0.89      35.43 r
  u_RegFile/U622/Y (DLY1X1M)                              0.90      36.33 r
  u_RegFile/mem_reg[7][2]/SE (SDFFRQX2M)                  0.00      36.33 r
  data arrival time                                                 36.33

  clock SCAN_CLK (rise edge)                            100.00     100.00
  clock network delay (ideal)                             0.00     100.00
  clock uncertainty                                      -0.20      99.80
  u_RegFile/mem_reg[7][2]/CK (SDFFRQX2M)                  0.00      99.80 r
  library setup time                                     -0.61      99.19
  data required time                                                99.19
  --------------------------------------------------------------------------
  data required time                                                99.19
  data arrival time                                                -36.33
  --------------------------------------------------------------------------
  slack (MET)                                                       62.87


  Startpoint: SE (input port clocked by SCAN_CLK)
  Endpoint: u_RegFile/mem_reg[9][6]
            (rising edge-triggered flip-flop clocked by SCAN_CLK)
  Path Group: SCAN_CLK
  Path Type: max

  Des/Clust/Port     Wire Load Model       Library
  ------------------------------------------------
  SYS_TOP            tsmc13_wl30           scmetro_tsmc_cl013g_rvt_ss_1p08v_125c

  Point                                                   Incr       Path
  --------------------------------------------------------------------------
  clock SCAN_CLK (rise edge)                              0.00       0.00
  clock network delay (ideal)                             0.00       0.00
  input external delay                                   20.00      20.00 r
  SE (in)                                                 0.66      20.66 r
  U137/Y (INVXLM)                                         0.57      21.24 f
  U103/Y (INVXLM)                                         0.61      21.85 r
  U78/Y (DLY1X1M)                                         0.88      22.73 r
  U104/Y (INVXLM)                                         0.55      23.27 f
  U79/Y (DLY1X1M)                                         0.83      24.10 f
  U138/Y (INVXLM)                                         0.62      24.72 r
  U122/Y (INVXLM)                                         0.48      25.20 f
  U84/Y (DLY1X1M)                                         0.81      26.01 f
  U123/Y (INVXLM)                                         0.62      26.64 r
  U113/Y (DLY1X1M)                                        0.89      27.52 r
  U136/Y (DLY1X1M)                                        0.88      28.40 r
  U135/Y (DLY1X1M)                                        0.88      29.28 r
  u_RegFile/test_se (RegisterFile_DATA_WIDTH8_DATA_DEPTH16_ADDR_WIDTH4_test_1)
                                                          0.00      29.28 r
  u_RegFile/U563/Y (DLY1X1M)                              0.88      30.15 r
  u_RegFile/U630/Y (DLY1X1M)                              0.88      31.03 r
  u_RegFile/U627/Y (DLY1X1M)                              0.88      31.91 r
  u_RegFile/U564/Y (DLY1X1M)                              0.88      32.78 r
  u_RegFile/U642/Y (DLY1X1M)                              0.89      33.67 r
  u_RegFile/U677/Y (DLY1X1M)                              0.88      34.54 r
  u_RegFile/U678/Y (DLY1X1M)                              0.89      35.43 r
  u_RegFile/U621/Y (DLY1X1M)                              0.90      36.33 r
  u_RegFile/mem_reg[9][6]/SE (SDFFRQX2M)                  0.00      36.33 r
  data arrival time                                                 36.33

  clock SCAN_CLK (rise edge)                            100.00     100.00
  clock network delay (ideal)                             0.00     100.00
  clock uncertainty                                      -0.20      99.80
  u_RegFile/mem_reg[9][6]/CK (SDFFRQX2M)                  0.00      99.80 r
  library setup time                                     -0.61      99.19
  data required time                                                99.19
  --------------------------------------------------------------------------
  data required time                                                99.19
  data arrival time                                                -36.33
  --------------------------------------------------------------------------
  slack (MET)                                                       62.87


  Startpoint: SE (input port clocked by SCAN_CLK)
  Endpoint: u_RegFile/mem_reg[9][5]
            (rising edge-triggered flip-flop clocked by SCAN_CLK)
  Path Group: SCAN_CLK
  Path Type: max

  Des/Clust/Port     Wire Load Model       Library
  ------------------------------------------------
  SYS_TOP            tsmc13_wl30           scmetro_tsmc_cl013g_rvt_ss_1p08v_125c

  Point                                                   Incr       Path
  --------------------------------------------------------------------------
  clock SCAN_CLK (rise edge)                              0.00       0.00
  clock network delay (ideal)                             0.00       0.00
  input external delay                                   20.00      20.00 r
  SE (in)                                                 0.66      20.66 r
  U137/Y (INVXLM)                                         0.57      21.24 f
  U103/Y (INVXLM)                                         0.61      21.85 r
  U78/Y (DLY1X1M)                                         0.88      22.73 r
  U104/Y (INVXLM)                                         0.55      23.27 f
  U79/Y (DLY1X1M)                                         0.83      24.10 f
  U138/Y (INVXLM)                                         0.62      24.72 r
  U122/Y (INVXLM)                                         0.48      25.20 f
  U84/Y (DLY1X1M)                                         0.81      26.01 f
  U123/Y (INVXLM)                                         0.62      26.64 r
  U113/Y (DLY1X1M)                                        0.89      27.52 r
  U136/Y (DLY1X1M)                                        0.88      28.40 r
  U135/Y (DLY1X1M)                                        0.88      29.28 r
  u_RegFile/test_se (RegisterFile_DATA_WIDTH8_DATA_DEPTH16_ADDR_WIDTH4_test_1)
                                                          0.00      29.28 r
  u_RegFile/U563/Y (DLY1X1M)                              0.88      30.15 r
  u_RegFile/U630/Y (DLY1X1M)                              0.88      31.03 r
  u_RegFile/U627/Y (DLY1X1M)                              0.88      31.91 r
  u_RegFile/U564/Y (DLY1X1M)                              0.88      32.78 r
  u_RegFile/U642/Y (DLY1X1M)                              0.89      33.67 r
  u_RegFile/U677/Y (DLY1X1M)                              0.88      34.54 r
  u_RegFile/U678/Y (DLY1X1M)                              0.89      35.43 r
  u_RegFile/U621/Y (DLY1X1M)                              0.90      36.33 r
  u_RegFile/mem_reg[9][5]/SE (SDFFRQX2M)                  0.00      36.33 r
  data arrival time                                                 36.33

  clock SCAN_CLK (rise edge)                            100.00     100.00
  clock network delay (ideal)                             0.00     100.00
  clock uncertainty                                      -0.20      99.80
  u_RegFile/mem_reg[9][5]/CK (SDFFRQX2M)                  0.00      99.80 r
  library setup time                                     -0.61      99.19
  data required time                                                99.19
  --------------------------------------------------------------------------
  data required time                                                99.19
  data arrival time                                                -36.33
  --------------------------------------------------------------------------
  slack (MET)                                                       62.87


  Startpoint: SE (input port clocked by SCAN_CLK)
  Endpoint: u_RegFile/mem_reg[1][6]
            (rising edge-triggered flip-flop clocked by SCAN_CLK)
  Path Group: SCAN_CLK
  Path Type: max

  Des/Clust/Port     Wire Load Model       Library
  ------------------------------------------------
  SYS_TOP            tsmc13_wl30           scmetro_tsmc_cl013g_rvt_ss_1p08v_125c

  Point                                                   Incr       Path
  --------------------------------------------------------------------------
  clock SCAN_CLK (rise edge)                              0.00       0.00
  clock network delay (ideal)                             0.00       0.00
  input external delay                                   20.00      20.00 r
  SE (in)                                                 0.66      20.66 r
  U137/Y (INVXLM)                                         0.57      21.24 f
  U103/Y (INVXLM)                                         0.61      21.85 r
  U78/Y (DLY1X1M)                                         0.88      22.73 r
  U104/Y (INVXLM)                                         0.55      23.27 f
  U79/Y (DLY1X1M)                                         0.83      24.10 f
  U138/Y (INVXLM)                                         0.62      24.72 r
  U122/Y (INVXLM)                                         0.48      25.20 f
  U84/Y (DLY1X1M)                                         0.81      26.01 f
  U123/Y (INVXLM)                                         0.62      26.64 r
  U113/Y (DLY1X1M)                                        0.89      27.52 r
  U136/Y (DLY1X1M)                                        0.88      28.40 r
  U135/Y (DLY1X1M)                                        0.88      29.28 r
  u_RegFile/test_se (RegisterFile_DATA_WIDTH8_DATA_DEPTH16_ADDR_WIDTH4_test_1)
                                                          0.00      29.28 r
  u_RegFile/U629/Y (DLY1X1M)                              0.88      30.15 r
  u_RegFile/U652/Y (DLY1X1M)                              0.88      31.03 r
  u_RegFile/U648/Y (DLY1X1M)                              0.88      31.91 r
  u_RegFile/U631/Y (DLY1X1M)                              0.89      32.79 r
  u_RegFile/U689/Y (DLY1X1M)                              0.88      33.67 r
  u_RegFile/U577/Y (DLY1X1M)                              0.89      34.55 r
  u_RegFile/U693/Y (DLY1X1M)                              0.88      35.43 r
  u_RegFile/U579/Y (DLY1X1M)                              0.90      36.33 r
  u_RegFile/mem_reg[1][6]/SE (SDFFRQX1M)                  0.00      36.33 r
  data arrival time                                                 36.33

  clock SCAN_CLK (rise edge)                            100.00     100.00
  clock network delay (ideal)                             0.00     100.00
  clock uncertainty                                      -0.20      99.80
  u_RegFile/mem_reg[1][6]/CK (SDFFRQX1M)                  0.00      99.80 r
  library setup time                                     -0.60      99.20
  data required time                                                99.20
  --------------------------------------------------------------------------
  data required time                                                99.20
  data arrival time                                                -36.33
  --------------------------------------------------------------------------
  slack (MET)                                                       62.87


  Startpoint: SE (input port clocked by SCAN_CLK)
  Endpoint: u_RegFile/mem_reg[1][5]
            (rising edge-triggered flip-flop clocked by SCAN_CLK)
  Path Group: SCAN_CLK
  Path Type: max

  Des/Clust/Port     Wire Load Model       Library
  ------------------------------------------------
  SYS_TOP            tsmc13_wl30           scmetro_tsmc_cl013g_rvt_ss_1p08v_125c

  Point                                                   Incr       Path
  --------------------------------------------------------------------------
  clock SCAN_CLK (rise edge)                              0.00       0.00
  clock network delay (ideal)                             0.00       0.00
  input external delay                                   20.00      20.00 r
  SE (in)                                                 0.66      20.66 r
  U137/Y (INVXLM)                                         0.57      21.24 f
  U103/Y (INVXLM)                                         0.61      21.85 r
  U78/Y (DLY1X1M)                                         0.88      22.73 r
  U104/Y (INVXLM)                                         0.55      23.27 f
  U79/Y (DLY1X1M)                                         0.83      24.10 f
  U138/Y (INVXLM)                                         0.62      24.72 r
  U122/Y (INVXLM)                                         0.48      25.20 f
  U84/Y (DLY1X1M)                                         0.81      26.01 f
  U123/Y (INVXLM)                                         0.62      26.64 r
  U113/Y (DLY1X1M)                                        0.89      27.52 r
  U136/Y (DLY1X1M)                                        0.88      28.40 r
  U135/Y (DLY1X1M)                                        0.88      29.28 r
  u_RegFile/test_se (RegisterFile_DATA_WIDTH8_DATA_DEPTH16_ADDR_WIDTH4_test_1)
                                                          0.00      29.28 r
  u_RegFile/U629/Y (DLY1X1M)                              0.88      30.15 r
  u_RegFile/U652/Y (DLY1X1M)                              0.88      31.03 r
  u_RegFile/U648/Y (DLY1X1M)                              0.88      31.91 r
  u_RegFile/U631/Y (DLY1X1M)                              0.89      32.79 r
  u_RegFile/U689/Y (DLY1X1M)                              0.88      33.67 r
  u_RegFile/U577/Y (DLY1X1M)                              0.89      34.55 r
  u_RegFile/U693/Y (DLY1X1M)                              0.88      35.43 r
  u_RegFile/U579/Y (DLY1X1M)                              0.90      36.33 r
  u_RegFile/mem_reg[1][5]/SE (SDFFRQX1M)                  0.00      36.33 r
  data arrival time                                                 36.33

  clock SCAN_CLK (rise edge)                            100.00     100.00
  clock network delay (ideal)                             0.00     100.00
  clock uncertainty                                      -0.20      99.80
  u_RegFile/mem_reg[1][5]/CK (SDFFRQX1M)                  0.00      99.80 r
  library setup time                                     -0.60      99.20
  data required time                                                99.20
  --------------------------------------------------------------------------
  data required time                                                99.20
  data arrival time                                                -36.33
  --------------------------------------------------------------------------
  slack (MET)                                                       62.87


  Startpoint: SE (input port clocked by SCAN_CLK)
  Endpoint: u_RegFile/mem_reg[1][4]
            (rising edge-triggered flip-flop clocked by SCAN_CLK)
  Path Group: SCAN_CLK
  Path Type: max

  Des/Clust/Port     Wire Load Model       Library
  ------------------------------------------------
  SYS_TOP            tsmc13_wl30           scmetro_tsmc_cl013g_rvt_ss_1p08v_125c

  Point                                                   Incr       Path
  --------------------------------------------------------------------------
  clock SCAN_CLK (rise edge)                              0.00       0.00
  clock network delay (ideal)                             0.00       0.00
  input external delay                                   20.00      20.00 r
  SE (in)                                                 0.66      20.66 r
  U137/Y (INVXLM)                                         0.57      21.24 f
  U103/Y (INVXLM)                                         0.61      21.85 r
  U78/Y (DLY1X1M)                                         0.88      22.73 r
  U104/Y (INVXLM)                                         0.55      23.27 f
  U79/Y (DLY1X1M)                                         0.83      24.10 f
  U138/Y (INVXLM)                                         0.62      24.72 r
  U122/Y (INVXLM)                                         0.48      25.20 f
  U84/Y (DLY1X1M)                                         0.81      26.01 f
  U123/Y (INVXLM)                                         0.62      26.64 r
  U113/Y (DLY1X1M)                                        0.89      27.52 r
  U136/Y (DLY1X1M)                                        0.88      28.40 r
  U135/Y (DLY1X1M)                                        0.88      29.28 r
  u_RegFile/test_se (RegisterFile_DATA_WIDTH8_DATA_DEPTH16_ADDR_WIDTH4_test_1)
                                                          0.00      29.28 r
  u_RegFile/U629/Y (DLY1X1M)                              0.88      30.15 r
  u_RegFile/U652/Y (DLY1X1M)                              0.88      31.03 r
  u_RegFile/U648/Y (DLY1X1M)                              0.88      31.91 r
  u_RegFile/U631/Y (DLY1X1M)                              0.89      32.79 r
  u_RegFile/U689/Y (DLY1X1M)                              0.88      33.67 r
  u_RegFile/U691/Y (DLY1X1M)                              0.88      34.54 r
  u_RegFile/U692/Y (DLY1X1M)                              0.89      35.43 r
  u_RegFile/U605/Y (DLY1X1M)                              0.90      36.33 r
  u_RegFile/mem_reg[1][4]/SE (SDFFRQX1M)                  0.00      36.33 r
  data arrival time                                                 36.33

  clock SCAN_CLK (rise edge)                            100.00     100.00
  clock network delay (ideal)                             0.00     100.00
  clock uncertainty                                      -0.20      99.80
  u_RegFile/mem_reg[1][4]/CK (SDFFRQX1M)                  0.00      99.80 r
  library setup time                                     -0.60      99.20
  data required time                                                99.20
  --------------------------------------------------------------------------
  data required time                                                99.20
  data arrival time                                                -36.33
  --------------------------------------------------------------------------
  slack (MET)                                                       62.87


  Startpoint: SE (input port clocked by SCAN_CLK)
  Endpoint: u_RegFile/mem_reg[1][3]
            (rising edge-triggered flip-flop clocked by SCAN_CLK)
  Path Group: SCAN_CLK
  Path Type: max

  Des/Clust/Port     Wire Load Model       Library
  ------------------------------------------------
  SYS_TOP            tsmc13_wl30           scmetro_tsmc_cl013g_rvt_ss_1p08v_125c

  Point                                                   Incr       Path
  --------------------------------------------------------------------------
  clock SCAN_CLK (rise edge)                              0.00       0.00
  clock network delay (ideal)                             0.00       0.00
  input external delay                                   20.00      20.00 r
  SE (in)                                                 0.66      20.66 r
  U137/Y (INVXLM)                                         0.57      21.24 f
  U103/Y (INVXLM)                                         0.61      21.85 r
  U78/Y (DLY1X1M)                                         0.88      22.73 r
  U104/Y (INVXLM)                                         0.55      23.27 f
  U79/Y (DLY1X1M)                                         0.83      24.10 f
  U138/Y (INVXLM)                                         0.62      24.72 r
  U122/Y (INVXLM)                                         0.48      25.20 f
  U84/Y (DLY1X1M)                                         0.81      26.01 f
  U123/Y (INVXLM)                                         0.62      26.64 r
  U113/Y (DLY1X1M)                                        0.89      27.52 r
  U136/Y (DLY1X1M)                                        0.88      28.40 r
  U135/Y (DLY1X1M)                                        0.88      29.28 r
  u_RegFile/test_se (RegisterFile_DATA_WIDTH8_DATA_DEPTH16_ADDR_WIDTH4_test_1)
                                                          0.00      29.28 r
  u_RegFile/U629/Y (DLY1X1M)                              0.88      30.15 r
  u_RegFile/U652/Y (DLY1X1M)                              0.88      31.03 r
  u_RegFile/U648/Y (DLY1X1M)                              0.88      31.91 r
  u_RegFile/U631/Y (DLY1X1M)                              0.89      32.79 r
  u_RegFile/U689/Y (DLY1X1M)                              0.88      33.67 r
  u_RegFile/U691/Y (DLY1X1M)                              0.88      34.54 r
  u_RegFile/U692/Y (DLY1X1M)                              0.89      35.43 r
  u_RegFile/U605/Y (DLY1X1M)                              0.90      36.33 r
  u_RegFile/mem_reg[1][3]/SE (SDFFRQX1M)                  0.00      36.33 r
  data arrival time                                                 36.33

  clock SCAN_CLK (rise edge)                            100.00     100.00
  clock network delay (ideal)                             0.00     100.00
  clock uncertainty                                      -0.20      99.80
  u_RegFile/mem_reg[1][3]/CK (SDFFRQX1M)                  0.00      99.80 r
  library setup time                                     -0.60      99.20
  data required time                                                99.20
  --------------------------------------------------------------------------
  data required time                                                99.20
  data arrival time                                                -36.33
  --------------------------------------------------------------------------
  slack (MET)                                                       62.87


  Startpoint: SE (input port clocked by SCAN_CLK)
  Endpoint: u_RegFile/RdData_reg[1]
            (rising edge-triggered flip-flop clocked by SCAN_CLK)
  Path Group: SCAN_CLK
  Path Type: max

  Des/Clust/Port     Wire Load Model       Library
  ------------------------------------------------
  SYS_TOP            tsmc13_wl30           scmetro_tsmc_cl013g_rvt_ss_1p08v_125c

  Point                                                   Incr       Path
  --------------------------------------------------------------------------
  clock SCAN_CLK (rise edge)                              0.00       0.00
  clock network delay (ideal)                             0.00       0.00
  input external delay                                   20.00      20.00 r
  SE (in)                                                 0.66      20.66 r
  U137/Y (INVXLM)                                         0.57      21.24 f
  U103/Y (INVXLM)                                         0.61      21.85 r
  U78/Y (DLY1X1M)                                         0.88      22.73 r
  U104/Y (INVXLM)                                         0.55      23.27 f
  U79/Y (DLY1X1M)                                         0.83      24.10 f
  U138/Y (INVXLM)                                         0.62      24.72 r
  U122/Y (INVXLM)                                         0.48      25.20 f
  U84/Y (DLY1X1M)                                         0.81      26.01 f
  U123/Y (INVXLM)                                         0.62      26.64 r
  U113/Y (DLY1X1M)                                        0.89      27.52 r
  U136/Y (DLY1X1M)                                        0.88      28.40 r
  U135/Y (DLY1X1M)                                        0.88      29.28 r
  u_RegFile/test_se (RegisterFile_DATA_WIDTH8_DATA_DEPTH16_ADDR_WIDTH4_test_1)
                                                          0.00      29.28 r
  u_RegFile/U563/Y (DLY1X1M)                              0.88      30.15 r
  u_RegFile/U566/Y (DLY1X1M)                              0.88      31.03 r
  u_RegFile/U654/Y (DLY1X1M)                              0.88      31.91 r
  u_RegFile/U569/Y (DLY1X1M)                              0.88      32.78 r
  u_RegFile/U643/Y (DLY1X1M)                              0.88      33.66 r
  u_RegFile/U685/Y (DLY1X1M)                              0.88      34.53 r
  u_RegFile/U686/Y (DLY1X1M)                              0.89      35.42 r
  u_RegFile/U625/Y (DLY1X1M)                              0.90      36.32 r
  u_RegFile/RdData_reg[1]/SE (SDFFRQX2M)                  0.00      36.32 r
  data arrival time                                                 36.32

  clock SCAN_CLK (rise edge)                            100.00     100.00
  clock network delay (ideal)                             0.00     100.00
  clock uncertainty                                      -0.20      99.80
  u_RegFile/RdData_reg[1]/CK (SDFFRQX2M)                  0.00      99.80 r
  library setup time                                     -0.61      99.19
  data required time                                                99.19
  --------------------------------------------------------------------------
  data required time                                                99.19
  data arrival time                                                -36.32
  --------------------------------------------------------------------------
  slack (MET)                                                       62.88


  Startpoint: SE (input port clocked by SCAN_CLK)
  Endpoint: u_RegFile/RdData_reg[0]
            (rising edge-triggered flip-flop clocked by SCAN_CLK)
  Path Group: SCAN_CLK
  Path Type: max

  Des/Clust/Port     Wire Load Model       Library
  ------------------------------------------------
  SYS_TOP            tsmc13_wl30           scmetro_tsmc_cl013g_rvt_ss_1p08v_125c

  Point                                                   Incr       Path
  --------------------------------------------------------------------------
  clock SCAN_CLK (rise edge)                              0.00       0.00
  clock network delay (ideal)                             0.00       0.00
  input external delay                                   20.00      20.00 r
  SE (in)                                                 0.66      20.66 r
  U137/Y (INVXLM)                                         0.57      21.24 f
  U103/Y (INVXLM)                                         0.61      21.85 r
  U78/Y (DLY1X1M)                                         0.88      22.73 r
  U104/Y (INVXLM)                                         0.55      23.27 f
  U79/Y (DLY1X1M)                                         0.83      24.10 f
  U138/Y (INVXLM)                                         0.62      24.72 r
  U122/Y (INVXLM)                                         0.48      25.20 f
  U84/Y (DLY1X1M)                                         0.81      26.01 f
  U123/Y (INVXLM)                                         0.62      26.64 r
  U113/Y (DLY1X1M)                                        0.89      27.52 r
  U136/Y (DLY1X1M)                                        0.88      28.40 r
  U135/Y (DLY1X1M)                                        0.88      29.28 r
  u_RegFile/test_se (RegisterFile_DATA_WIDTH8_DATA_DEPTH16_ADDR_WIDTH4_test_1)
                                                          0.00      29.28 r
  u_RegFile/U563/Y (DLY1X1M)                              0.88      30.15 r
  u_RegFile/U566/Y (DLY1X1M)                              0.88      31.03 r
  u_RegFile/U654/Y (DLY1X1M)                              0.88      31.91 r
  u_RegFile/U569/Y (DLY1X1M)                              0.88      32.78 r
  u_RegFile/U643/Y (DLY1X1M)                              0.88      33.66 r
  u_RegFile/U685/Y (DLY1X1M)                              0.88      34.53 r
  u_RegFile/U686/Y (DLY1X1M)                              0.89      35.42 r
  u_RegFile/U625/Y (DLY1X1M)                              0.90      36.32 r
  u_RegFile/RdData_reg[0]/SE (SDFFRQX2M)                  0.00      36.32 r
  data arrival time                                                 36.32

  clock SCAN_CLK (rise edge)                            100.00     100.00
  clock network delay (ideal)                             0.00     100.00
  clock uncertainty                                      -0.20      99.80
  u_RegFile/RdData_reg[0]/CK (SDFFRQX2M)                  0.00      99.80 r
  library setup time                                     -0.61      99.19
  data required time                                                99.19
  --------------------------------------------------------------------------
  data required time                                                99.19
  data arrival time                                                -36.32
  --------------------------------------------------------------------------
  slack (MET)                                                       62.88


  Startpoint: SE (input port clocked by SCAN_CLK)
  Endpoint: u_RegFile/mem_reg[5][5]
            (rising edge-triggered flip-flop clocked by SCAN_CLK)
  Path Group: SCAN_CLK
  Path Type: max

  Des/Clust/Port     Wire Load Model       Library
  ------------------------------------------------
  SYS_TOP            tsmc13_wl30           scmetro_tsmc_cl013g_rvt_ss_1p08v_125c

  Point                                                   Incr       Path
  --------------------------------------------------------------------------
  clock SCAN_CLK (rise edge)                              0.00       0.00
  clock network delay (ideal)                             0.00       0.00
  input external delay                                   20.00      20.00 r
  SE (in)                                                 0.66      20.66 r
  U137/Y (INVXLM)                                         0.57      21.24 f
  U103/Y (INVXLM)                                         0.61      21.85 r
  U78/Y (DLY1X1M)                                         0.88      22.73 r
  U104/Y (INVXLM)                                         0.55      23.27 f
  U79/Y (DLY1X1M)                                         0.83      24.10 f
  U138/Y (INVXLM)                                         0.62      24.72 r
  U122/Y (INVXLM)                                         0.48      25.20 f
  U84/Y (DLY1X1M)                                         0.81      26.01 f
  U123/Y (INVXLM)                                         0.62      26.64 r
  U113/Y (DLY1X1M)                                        0.89      27.52 r
  U136/Y (DLY1X1M)                                        0.88      28.40 r
  U135/Y (DLY1X1M)                                        0.88      29.28 r
  u_RegFile/test_se (RegisterFile_DATA_WIDTH8_DATA_DEPTH16_ADDR_WIDTH4_test_1)
                                                          0.00      29.28 r
  u_RegFile/U563/Y (DLY1X1M)                              0.88      30.15 r
  u_RegFile/U566/Y (DLY1X1M)                              0.88      31.03 r
  u_RegFile/U654/Y (DLY1X1M)                              0.88      31.91 r
  u_RegFile/U569/Y (DLY1X1M)                              0.88      32.78 r
  u_RegFile/U639/Y (DLY1X1M)                              0.88      33.66 r
  u_RegFile/U683/Y (DLY1X1M)                              0.88      34.53 r
  u_RegFile/U684/Y (DLY1X1M)                              0.89      35.42 r
  u_RegFile/U624/Y (DLY1X1M)                              0.90      36.32 r
  u_RegFile/mem_reg[5][5]/SE (SDFFRQX2M)                  0.00      36.32 r
  data arrival time                                                 36.32

  clock SCAN_CLK (rise edge)                            100.00     100.00
  clock network delay (ideal)                             0.00     100.00
  clock uncertainty                                      -0.20      99.80
  u_RegFile/mem_reg[5][5]/CK (SDFFRQX2M)                  0.00      99.80 r
  library setup time                                     -0.61      99.19
  data required time                                                99.19
  --------------------------------------------------------------------------
  data required time                                                99.19
  data arrival time                                                -36.32
  --------------------------------------------------------------------------
  slack (MET)                                                       62.88


  Startpoint: SE (input port clocked by SCAN_CLK)
  Endpoint: u_RegFile/mem_reg[5][4]
            (rising edge-triggered flip-flop clocked by SCAN_CLK)
  Path Group: SCAN_CLK
  Path Type: max

  Des/Clust/Port     Wire Load Model       Library
  ------------------------------------------------
  SYS_TOP            tsmc13_wl30           scmetro_tsmc_cl013g_rvt_ss_1p08v_125c

  Point                                                   Incr       Path
  --------------------------------------------------------------------------
  clock SCAN_CLK (rise edge)                              0.00       0.00
  clock network delay (ideal)                             0.00       0.00
  input external delay                                   20.00      20.00 r
  SE (in)                                                 0.66      20.66 r
  U137/Y (INVXLM)                                         0.57      21.24 f
  U103/Y (INVXLM)                                         0.61      21.85 r
  U78/Y (DLY1X1M)                                         0.88      22.73 r
  U104/Y (INVXLM)                                         0.55      23.27 f
  U79/Y (DLY1X1M)                                         0.83      24.10 f
  U138/Y (INVXLM)                                         0.62      24.72 r
  U122/Y (INVXLM)                                         0.48      25.20 f
  U84/Y (DLY1X1M)                                         0.81      26.01 f
  U123/Y (INVXLM)                                         0.62      26.64 r
  U113/Y (DLY1X1M)                                        0.89      27.52 r
  U136/Y (DLY1X1M)                                        0.88      28.40 r
  U135/Y (DLY1X1M)                                        0.88      29.28 r
  u_RegFile/test_se (RegisterFile_DATA_WIDTH8_DATA_DEPTH16_ADDR_WIDTH4_test_1)
                                                          0.00      29.28 r
  u_RegFile/U563/Y (DLY1X1M)                              0.88      30.15 r
  u_RegFile/U566/Y (DLY1X1M)                              0.88      31.03 r
  u_RegFile/U654/Y (DLY1X1M)                              0.88      31.91 r
  u_RegFile/U569/Y (DLY1X1M)                              0.88      32.78 r
  u_RegFile/U639/Y (DLY1X1M)                              0.88      33.66 r
  u_RegFile/U683/Y (DLY1X1M)                              0.88      34.53 r
  u_RegFile/U684/Y (DLY1X1M)                              0.89      35.42 r
  u_RegFile/U624/Y (DLY1X1M)                              0.90      36.32 r
  u_RegFile/mem_reg[5][4]/SE (SDFFRQX2M)                  0.00      36.32 r
  data arrival time                                                 36.32

  clock SCAN_CLK (rise edge)                            100.00     100.00
  clock network delay (ideal)                             0.00     100.00
  clock uncertainty                                      -0.20      99.80
  u_RegFile/mem_reg[5][4]/CK (SDFFRQX2M)                  0.00      99.80 r
  library setup time                                     -0.61      99.19
  data required time                                                99.19
  --------------------------------------------------------------------------
  data required time                                                99.19
  data arrival time                                                -36.32
  --------------------------------------------------------------------------
  slack (MET)                                                       62.88


  Startpoint: SE (input port clocked by SCAN_CLK)
  Endpoint: u_RegFile/mem_reg[15][5]
            (rising edge-triggered flip-flop clocked by SCAN_CLK)
  Path Group: SCAN_CLK
  Path Type: max

  Des/Clust/Port     Wire Load Model       Library
  ------------------------------------------------
  SYS_TOP            tsmc13_wl30           scmetro_tsmc_cl013g_rvt_ss_1p08v_125c

  Point                                                   Incr       Path
  --------------------------------------------------------------------------
  clock SCAN_CLK (rise edge)                              0.00       0.00
  clock network delay (ideal)                             0.00       0.00
  input external delay                                   20.00      20.00 r
  SE (in)                                                 0.66      20.66 r
  U137/Y (INVXLM)                                         0.57      21.24 f
  U103/Y (INVXLM)                                         0.61      21.85 r
  U78/Y (DLY1X1M)                                         0.88      22.73 r
  U104/Y (INVXLM)                                         0.55      23.27 f
  U79/Y (DLY1X1M)                                         0.83      24.10 f
  U138/Y (INVXLM)                                         0.62      24.72 r
  U122/Y (INVXLM)                                         0.48      25.20 f
  U84/Y (DLY1X1M)                                         0.81      26.01 f
  U123/Y (INVXLM)                                         0.62      26.64 r
  U113/Y (DLY1X1M)                                        0.89      27.52 r
  U136/Y (DLY1X1M)                                        0.88      28.40 r
  U135/Y (DLY1X1M)                                        0.88      29.28 r
  u_RegFile/test_se (RegisterFile_DATA_WIDTH8_DATA_DEPTH16_ADDR_WIDTH4_test_1)
                                                          0.00      29.28 r
  u_RegFile/U563/Y (DLY1X1M)                              0.88      30.15 r
  u_RegFile/U630/Y (DLY1X1M)                              0.88      31.03 r
  u_RegFile/U653/Y (DLY1X1M)                              0.88      31.91 r
  u_RegFile/U568/Y (DLY1X1M)                              0.88      32.78 r
  u_RegFile/U637/Y (DLY1X1M)                              0.88      33.66 r
  u_RegFile/U667/Y (DLY1X1M)                              0.88      34.53 r
  u_RegFile/U668/Y (DLY1X1M)                              0.89      35.42 r
  u_RegFile/U616/Y (DLY1X1M)                              0.90      36.32 r
  u_RegFile/mem_reg[15][5]/SE (SDFFRQX2M)                 0.00      36.32 r
  data arrival time                                                 36.32

  clock SCAN_CLK (rise edge)                            100.00     100.00
  clock network delay (ideal)                             0.00     100.00
  clock uncertainty                                      -0.20      99.80
  u_RegFile/mem_reg[15][5]/CK (SDFFRQX2M)                 0.00      99.80 r
  library setup time                                     -0.61      99.19
  data required time                                                99.19
  --------------------------------------------------------------------------
  data required time                                                99.19
  data arrival time                                                -36.32
  --------------------------------------------------------------------------
  slack (MET)                                                       62.88


  Startpoint: SE (input port clocked by SCAN_CLK)
  Endpoint: u_RegFile/mem_reg[15][4]
            (rising edge-triggered flip-flop clocked by SCAN_CLK)
  Path Group: SCAN_CLK
  Path Type: max

  Des/Clust/Port     Wire Load Model       Library
  ------------------------------------------------
  SYS_TOP            tsmc13_wl30           scmetro_tsmc_cl013g_rvt_ss_1p08v_125c

  Point                                                   Incr       Path
  --------------------------------------------------------------------------
  clock SCAN_CLK (rise edge)                              0.00       0.00
  clock network delay (ideal)                             0.00       0.00
  input external delay                                   20.00      20.00 r
  SE (in)                                                 0.66      20.66 r
  U137/Y (INVXLM)                                         0.57      21.24 f
  U103/Y (INVXLM)                                         0.61      21.85 r
  U78/Y (DLY1X1M)                                         0.88      22.73 r
  U104/Y (INVXLM)                                         0.55      23.27 f
  U79/Y (DLY1X1M)                                         0.83      24.10 f
  U138/Y (INVXLM)                                         0.62      24.72 r
  U122/Y (INVXLM)                                         0.48      25.20 f
  U84/Y (DLY1X1M)                                         0.81      26.01 f
  U123/Y (INVXLM)                                         0.62      26.64 r
  U113/Y (DLY1X1M)                                        0.89      27.52 r
  U136/Y (DLY1X1M)                                        0.88      28.40 r
  U135/Y (DLY1X1M)                                        0.88      29.28 r
  u_RegFile/test_se (RegisterFile_DATA_WIDTH8_DATA_DEPTH16_ADDR_WIDTH4_test_1)
                                                          0.00      29.28 r
  u_RegFile/U563/Y (DLY1X1M)                              0.88      30.15 r
  u_RegFile/U630/Y (DLY1X1M)                              0.88      31.03 r
  u_RegFile/U653/Y (DLY1X1M)                              0.88      31.91 r
  u_RegFile/U568/Y (DLY1X1M)                              0.88      32.78 r
  u_RegFile/U637/Y (DLY1X1M)                              0.88      33.66 r
  u_RegFile/U667/Y (DLY1X1M)                              0.88      34.53 r
  u_RegFile/U668/Y (DLY1X1M)                              0.89      35.42 r
  u_RegFile/U616/Y (DLY1X1M)                              0.90      36.32 r
  u_RegFile/mem_reg[15][4]/SE (SDFFRQX2M)                 0.00      36.32 r
  data arrival time                                                 36.32

  clock SCAN_CLK (rise edge)                            100.00     100.00
  clock network delay (ideal)                             0.00     100.00
  clock uncertainty                                      -0.20      99.80
  u_RegFile/mem_reg[15][4]/CK (SDFFRQX2M)                 0.00      99.80 r
  library setup time                                     -0.61      99.19
  data required time                                                99.19
  --------------------------------------------------------------------------
  data required time                                                99.19
  data arrival time                                                -36.32
  --------------------------------------------------------------------------
  slack (MET)                                                       62.88


  Startpoint: SE (input port clocked by SCAN_CLK)
  Endpoint: u_RegFile/mem_reg[3][4]
            (rising edge-triggered flip-flop clocked by SCAN_CLK)
  Path Group: SCAN_CLK
  Path Type: max

  Des/Clust/Port     Wire Load Model       Library
  ------------------------------------------------
  SYS_TOP            tsmc13_wl30           scmetro_tsmc_cl013g_rvt_ss_1p08v_125c

  Point                                                   Incr       Path
  --------------------------------------------------------------------------
  clock SCAN_CLK (rise edge)                              0.00       0.00
  clock network delay (ideal)                             0.00       0.00
  input external delay                                   20.00      20.00 r
  SE (in)                                                 0.66      20.66 r
  U137/Y (INVXLM)                                         0.57      21.24 f
  U103/Y (INVXLM)                                         0.61      21.85 r
  U78/Y (DLY1X1M)                                         0.88      22.73 r
  U104/Y (INVXLM)                                         0.55      23.27 f
  U79/Y (DLY1X1M)                                         0.83      24.10 f
  U138/Y (INVXLM)                                         0.62      24.72 r
  U122/Y (INVXLM)                                         0.48      25.20 f
  U84/Y (DLY1X1M)                                         0.81      26.01 f
  U123/Y (INVXLM)                                         0.62      26.64 r
  U113/Y (DLY1X1M)                                        0.89      27.52 r
  U136/Y (DLY1X1M)                                        0.88      28.40 r
  U135/Y (DLY1X1M)                                        0.88      29.28 r
  u_RegFile/test_se (RegisterFile_DATA_WIDTH8_DATA_DEPTH16_ADDR_WIDTH4_test_1)
                                                          0.00      29.28 r
  u_RegFile/U563/Y (DLY1X1M)                              0.88      30.15 r
  u_RegFile/U630/Y (DLY1X1M)                              0.88      31.03 r
  u_RegFile/U653/Y (DLY1X1M)                              0.88      31.91 r
  u_RegFile/U636/Y (DLY1X1M)                              0.88      32.78 r
  u_RegFile/U690/Y (DLY1X1M)                              0.88      33.66 r
  u_RegFile/U697/Y (DLY1X1M)                              0.88      34.53 r
  u_RegFile/U633/Y (DLY1X1M)                              0.89      35.42 r
  u_RegFile/U604/Y (DLY1X1M)                              0.90      36.32 r
  u_RegFile/mem_reg[3][4]/SE (SDFFRQX1M)                  0.00      36.32 r
  data arrival time                                                 36.32

  clock SCAN_CLK (rise edge)                            100.00     100.00
  clock network delay (ideal)                             0.00     100.00
  clock uncertainty                                      -0.20      99.80
  u_RegFile/mem_reg[3][4]/CK (SDFFRQX1M)                  0.00      99.80 r
  library setup time                                     -0.60      99.20
  data required time                                                99.20
  --------------------------------------------------------------------------
  data required time                                                99.20
  data arrival time                                                -36.32
  --------------------------------------------------------------------------
  slack (MET)                                                       62.88


  Startpoint: SE (input port clocked by SCAN_CLK)
  Endpoint: u_RegFile/mem_reg[3][3]
            (rising edge-triggered flip-flop clocked by SCAN_CLK)
  Path Group: SCAN_CLK
  Path Type: max

  Des/Clust/Port     Wire Load Model       Library
  ------------------------------------------------
  SYS_TOP            tsmc13_wl30           scmetro_tsmc_cl013g_rvt_ss_1p08v_125c

  Point                                                   Incr       Path
  --------------------------------------------------------------------------
  clock SCAN_CLK (rise edge)                              0.00       0.00
  clock network delay (ideal)                             0.00       0.00
  input external delay                                   20.00      20.00 r
  SE (in)                                                 0.66      20.66 r
  U137/Y (INVXLM)                                         0.57      21.24 f
  U103/Y (INVXLM)                                         0.61      21.85 r
  U78/Y (DLY1X1M)                                         0.88      22.73 r
  U104/Y (INVXLM)                                         0.55      23.27 f
  U79/Y (DLY1X1M)                                         0.83      24.10 f
  U138/Y (INVXLM)                                         0.62      24.72 r
  U122/Y (INVXLM)                                         0.48      25.20 f
  U84/Y (DLY1X1M)                                         0.81      26.01 f
  U123/Y (INVXLM)                                         0.62      26.64 r
  U113/Y (DLY1X1M)                                        0.89      27.52 r
  U136/Y (DLY1X1M)                                        0.88      28.40 r
  U135/Y (DLY1X1M)                                        0.88      29.28 r
  u_RegFile/test_se (RegisterFile_DATA_WIDTH8_DATA_DEPTH16_ADDR_WIDTH4_test_1)
                                                          0.00      29.28 r
  u_RegFile/U563/Y (DLY1X1M)                              0.88      30.15 r
  u_RegFile/U630/Y (DLY1X1M)                              0.88      31.03 r
  u_RegFile/U653/Y (DLY1X1M)                              0.88      31.91 r
  u_RegFile/U636/Y (DLY1X1M)                              0.88      32.78 r
  u_RegFile/U690/Y (DLY1X1M)                              0.88      33.66 r
  u_RegFile/U697/Y (DLY1X1M)                              0.88      34.53 r
  u_RegFile/U633/Y (DLY1X1M)                              0.89      35.42 r
  u_RegFile/U604/Y (DLY1X1M)                              0.90      36.32 r
  u_RegFile/mem_reg[3][3]/SE (SDFFRQX1M)                  0.00      36.32 r
  data arrival time                                                 36.32

  clock SCAN_CLK (rise edge)                            100.00     100.00
  clock network delay (ideal)                             0.00     100.00
  clock uncertainty                                      -0.20      99.80
  u_RegFile/mem_reg[3][3]/CK (SDFFRQX1M)                  0.00      99.80 r
  library setup time                                     -0.60      99.20
  data required time                                                99.20
  --------------------------------------------------------------------------
  data required time                                                99.20
  data arrival time                                                -36.32
  --------------------------------------------------------------------------
  slack (MET)                                                       62.88


  Startpoint: SE (input port clocked by SCAN_CLK)
  Endpoint: u_RegFile/mem_reg[2][6]
            (rising edge-triggered flip-flop clocked by SCAN_CLK)
  Path Group: SCAN_CLK
  Path Type: max

  Des/Clust/Port     Wire Load Model       Library
  ------------------------------------------------
  SYS_TOP            tsmc13_wl30           scmetro_tsmc_cl013g_rvt_ss_1p08v_125c

  Point                                                   Incr       Path
  --------------------------------------------------------------------------
  clock SCAN_CLK (rise edge)                              0.00       0.00
  clock network delay (ideal)                             0.00       0.00
  input external delay                                   20.00      20.00 r
  SE (in)                                                 0.66      20.66 r
  U137/Y (INVXLM)                                         0.57      21.24 f
  U103/Y (INVXLM)                                         0.61      21.85 r
  U78/Y (DLY1X1M)                                         0.88      22.73 r
  U104/Y (INVXLM)                                         0.55      23.27 f
  U79/Y (DLY1X1M)                                         0.83      24.10 f
  U138/Y (INVXLM)                                         0.62      24.72 r
  U122/Y (INVXLM)                                         0.48      25.20 f
  U84/Y (DLY1X1M)                                         0.81      26.01 f
  U123/Y (INVXLM)                                         0.62      26.64 r
  U113/Y (DLY1X1M)                                        0.89      27.52 r
  U136/Y (DLY1X1M)                                        0.88      28.40 r
  U135/Y (DLY1X1M)                                        0.88      29.28 r
  u_RegFile/test_se (RegisterFile_DATA_WIDTH8_DATA_DEPTH16_ADDR_WIDTH4_test_1)
                                                          0.00      29.28 r
  u_RegFile/U563/Y (DLY1X1M)                              0.88      30.15 r
  u_RegFile/U630/Y (DLY1X1M)                              0.88      31.03 r
  u_RegFile/U653/Y (DLY1X1M)                              0.88      31.91 r
  u_RegFile/U636/Y (DLY1X1M)                              0.88      32.78 r
  u_RegFile/U690/Y (DLY1X1M)                              0.88      33.66 r
  u_RegFile/U572/Y (DLY1X1M)                              0.89      34.54 r
  u_RegFile/U695/Y (DLY1X1M)                              0.88      35.42 r
  u_RegFile/U580/Y (DLY1X1M)                              0.90      36.32 r
  u_RegFile/mem_reg[2][6]/SE (SDFFRQX1M)                  0.00      36.32 r
  data arrival time                                                 36.32

  clock SCAN_CLK (rise edge)                            100.00     100.00
  clock network delay (ideal)                             0.00     100.00
  clock uncertainty                                      -0.20      99.80
  u_RegFile/mem_reg[2][6]/CK (SDFFRQX1M)                  0.00      99.80 r
  library setup time                                     -0.60      99.20
  data required time                                                99.20
  --------------------------------------------------------------------------
  data required time                                                99.20
  data arrival time                                                -36.32
  --------------------------------------------------------------------------
  slack (MET)                                                       62.88


  Startpoint: SE (input port clocked by SCAN_CLK)
  Endpoint: u_RegFile/mem_reg[2][4]
            (rising edge-triggered flip-flop clocked by SCAN_CLK)
  Path Group: SCAN_CLK
  Path Type: max

  Des/Clust/Port     Wire Load Model       Library
  ------------------------------------------------
  SYS_TOP            tsmc13_wl30           scmetro_tsmc_cl013g_rvt_ss_1p08v_125c

  Point                                                   Incr       Path
  --------------------------------------------------------------------------
  clock SCAN_CLK (rise edge)                              0.00       0.00
  clock network delay (ideal)                             0.00       0.00
  input external delay                                   20.00      20.00 r
  SE (in)                                                 0.66      20.66 r
  U137/Y (INVXLM)                                         0.57      21.24 f
  U103/Y (INVXLM)                                         0.61      21.85 r
  U78/Y (DLY1X1M)                                         0.88      22.73 r
  U104/Y (INVXLM)                                         0.55      23.27 f
  U79/Y (DLY1X1M)                                         0.83      24.10 f
  U138/Y (INVXLM)                                         0.62      24.72 r
  U122/Y (INVXLM)                                         0.48      25.20 f
  U84/Y (DLY1X1M)                                         0.81      26.01 f
  U123/Y (INVXLM)                                         0.62      26.64 r
  U113/Y (DLY1X1M)                                        0.89      27.52 r
  U136/Y (DLY1X1M)                                        0.88      28.40 r
  U135/Y (DLY1X1M)                                        0.88      29.28 r
  u_RegFile/test_se (RegisterFile_DATA_WIDTH8_DATA_DEPTH16_ADDR_WIDTH4_test_1)
                                                          0.00      29.28 r
  u_RegFile/U563/Y (DLY1X1M)                              0.88      30.15 r
  u_RegFile/U630/Y (DLY1X1M)                              0.88      31.03 r
  u_RegFile/U653/Y (DLY1X1M)                              0.88      31.91 r
  u_RegFile/U636/Y (DLY1X1M)                              0.88      32.78 r
  u_RegFile/U690/Y (DLY1X1M)                              0.88      33.66 r
  u_RegFile/U572/Y (DLY1X1M)                              0.89      34.54 r
  u_RegFile/U695/Y (DLY1X1M)                              0.88      35.42 r
  u_RegFile/U580/Y (DLY1X1M)                              0.90      36.32 r
  u_RegFile/mem_reg[2][4]/SE (SDFFRQX1M)                  0.00      36.32 r
  data arrival time                                                 36.32

  clock SCAN_CLK (rise edge)                            100.00     100.00
  clock network delay (ideal)                             0.00     100.00
  clock uncertainty                                      -0.20      99.80
  u_RegFile/mem_reg[2][4]/CK (SDFFRQX1M)                  0.00      99.80 r
  library setup time                                     -0.60      99.20
  data required time                                                99.20
  --------------------------------------------------------------------------
  data required time                                                99.20
  data arrival time                                                -36.32
  --------------------------------------------------------------------------
  slack (MET)                                                       62.88


  Startpoint: SE (input port clocked by SCAN_CLK)
  Endpoint: u_RegFile/mem_reg[1][7]
            (rising edge-triggered flip-flop clocked by SCAN_CLK)
  Path Group: SCAN_CLK
  Path Type: max

  Des/Clust/Port     Wire Load Model       Library
  ------------------------------------------------
  SYS_TOP            tsmc13_wl30           scmetro_tsmc_cl013g_rvt_ss_1p08v_125c

  Point                                                   Incr       Path
  --------------------------------------------------------------------------
  clock SCAN_CLK (rise edge)                              0.00       0.00
  clock network delay (ideal)                             0.00       0.00
  input external delay                                   20.00      20.00 r
  SE (in)                                                 0.66      20.66 r
  U137/Y (INVXLM)                                         0.57      21.24 f
  U103/Y (INVXLM)                                         0.61      21.85 r
  U78/Y (DLY1X1M)                                         0.88      22.73 r
  U104/Y (INVXLM)                                         0.55      23.27 f
  U79/Y (DLY1X1M)                                         0.83      24.10 f
  U138/Y (INVXLM)                                         0.62      24.72 r
  U122/Y (INVXLM)                                         0.48      25.20 f
  U84/Y (DLY1X1M)                                         0.81      26.01 f
  U123/Y (INVXLM)                                         0.62      26.64 r
  U113/Y (DLY1X1M)                                        0.89      27.52 r
  U136/Y (DLY1X1M)                                        0.88      28.40 r
  U135/Y (DLY1X1M)                                        0.88      29.28 r
  u_RegFile/test_se (RegisterFile_DATA_WIDTH8_DATA_DEPTH16_ADDR_WIDTH4_test_1)
                                                          0.00      29.28 r
  u_RegFile/U629/Y (DLY1X1M)                              0.88      30.15 r
  u_RegFile/U652/Y (DLY1X1M)                              0.88      31.03 r
  u_RegFile/U648/Y (DLY1X1M)                              0.88      31.91 r
  u_RegFile/U631/Y (DLY1X1M)                              0.89      32.79 r
  u_RegFile/U689/Y (DLY1X1M)                              0.88      33.67 r
  u_RegFile/U577/Y (DLY1X1M)                              0.89      34.55 r
  u_RegFile/U693/Y (DLY1X1M)                              0.88      35.43 r
  u_RegFile/U694/Y (DLY1X1M)                              0.89      36.32 r
  u_RegFile/mem_reg[1][7]/SE (SDFFRQX1M)                  0.00      36.32 r
  data arrival time                                                 36.32

  clock SCAN_CLK (rise edge)                            100.00     100.00
  clock network delay (ideal)                             0.00     100.00
  clock uncertainty                                      -0.20      99.80
  u_RegFile/mem_reg[1][7]/CK (SDFFRQX1M)                  0.00      99.80 r
  library setup time                                     -0.60      99.20
  data required time                                                99.20
  --------------------------------------------------------------------------
  data required time                                                99.20
  data arrival time                                                -36.32
  --------------------------------------------------------------------------
  slack (MET)                                                       62.88


  Startpoint: SE (input port clocked by SCAN_CLK)
  Endpoint: u_RegFile/mem_reg[3][7]
            (rising edge-triggered flip-flop clocked by SCAN_CLK)
  Path Group: SCAN_CLK
  Path Type: max

  Des/Clust/Port     Wire Load Model       Library
  ------------------------------------------------
  SYS_TOP            tsmc13_wl30           scmetro_tsmc_cl013g_rvt_ss_1p08v_125c

  Point                                                   Incr       Path
  --------------------------------------------------------------------------
  clock SCAN_CLK (rise edge)                              0.00       0.00
  clock network delay (ideal)                             0.00       0.00
  input external delay                                   20.00      20.00 r
  SE (in)                                                 0.66      20.66 r
  U137/Y (INVXLM)                                         0.57      21.24 f
  U103/Y (INVXLM)                                         0.61      21.85 r
  U78/Y (DLY1X1M)                                         0.88      22.73 r
  U104/Y (INVXLM)                                         0.55      23.27 f
  U79/Y (DLY1X1M)                                         0.83      24.10 f
  U138/Y (INVXLM)                                         0.62      24.72 r
  U122/Y (INVXLM)                                         0.48      25.20 f
  U84/Y (DLY1X1M)                                         0.81      26.01 f
  U123/Y (INVXLM)                                         0.62      26.64 r
  U113/Y (DLY1X1M)                                        0.89      27.52 r
  U136/Y (DLY1X1M)                                        0.88      28.40 r
  U135/Y (DLY1X1M)                                        0.88      29.28 r
  u_RegFile/test_se (RegisterFile_DATA_WIDTH8_DATA_DEPTH16_ADDR_WIDTH4_test_1)
                                                          0.00      29.28 r
  u_RegFile/U563/Y (DLY1X1M)                              0.88      30.15 r
  u_RegFile/U630/Y (DLY1X1M)                              0.88      31.03 r
  u_RegFile/U653/Y (DLY1X1M)                              0.88      31.91 r
  u_RegFile/U636/Y (DLY1X1M)                              0.88      32.78 r
  u_RegFile/U690/Y (DLY1X1M)                              0.88      33.66 r
  u_RegFile/U697/Y (DLY1X1M)                              0.88      34.53 r
  u_RegFile/U571/Y (DLY1X1M)                              0.88      35.41 r
  u_RegFile/U635/Y (DLY1X1M)                              0.90      36.31 r
  u_RegFile/mem_reg[3][7]/SE (SDFFRQX1M)                  0.00      36.31 r
  data arrival time                                                 36.31

  clock SCAN_CLK (rise edge)                            100.00     100.00
  clock network delay (ideal)                             0.00     100.00
  clock uncertainty                                      -0.20      99.80
  u_RegFile/mem_reg[3][7]/CK (SDFFRQX1M)                  0.00      99.80 r
  library setup time                                     -0.60      99.20
  data required time                                                99.20
  --------------------------------------------------------------------------
  data required time                                                99.20
  data arrival time                                                -36.31
  --------------------------------------------------------------------------
  slack (MET)                                                       62.89


  Startpoint: SE (input port clocked by SCAN_CLK)
  Endpoint: u_RegFile/mem_reg[2][7]
            (rising edge-triggered flip-flop clocked by SCAN_CLK)
  Path Group: SCAN_CLK
  Path Type: max

  Des/Clust/Port     Wire Load Model       Library
  ------------------------------------------------
  SYS_TOP            tsmc13_wl30           scmetro_tsmc_cl013g_rvt_ss_1p08v_125c

  Point                                                   Incr       Path
  --------------------------------------------------------------------------
  clock SCAN_CLK (rise edge)                              0.00       0.00
  clock network delay (ideal)                             0.00       0.00
  input external delay                                   20.00      20.00 r
  SE (in)                                                 0.66      20.66 r
  U137/Y (INVXLM)                                         0.57      21.24 f
  U103/Y (INVXLM)                                         0.61      21.85 r
  U78/Y (DLY1X1M)                                         0.88      22.73 r
  U104/Y (INVXLM)                                         0.55      23.27 f
  U79/Y (DLY1X1M)                                         0.83      24.10 f
  U138/Y (INVXLM)                                         0.62      24.72 r
  U122/Y (INVXLM)                                         0.48      25.20 f
  U84/Y (DLY1X1M)                                         0.81      26.01 f
  U123/Y (INVXLM)                                         0.62      26.64 r
  U113/Y (DLY1X1M)                                        0.89      27.52 r
  U136/Y (DLY1X1M)                                        0.88      28.40 r
  U135/Y (DLY1X1M)                                        0.88      29.28 r
  u_RegFile/test_se (RegisterFile_DATA_WIDTH8_DATA_DEPTH16_ADDR_WIDTH4_test_1)
                                                          0.00      29.28 r
  u_RegFile/U563/Y (DLY1X1M)                              0.88      30.15 r
  u_RegFile/U630/Y (DLY1X1M)                              0.88      31.03 r
  u_RegFile/U653/Y (DLY1X1M)                              0.88      31.91 r
  u_RegFile/U636/Y (DLY1X1M)                              0.88      32.78 r
  u_RegFile/U690/Y (DLY1X1M)                              0.88      33.66 r
  u_RegFile/U572/Y (DLY1X1M)                              0.89      34.54 r
  u_RegFile/U695/Y (DLY1X1M)                              0.88      35.42 r
  u_RegFile/U696/Y (DLY1X1M)                              0.89      36.31 r
  u_RegFile/mem_reg[2][7]/SE (SDFFRQX1M)                  0.00      36.31 r
  data arrival time                                                 36.31

  clock SCAN_CLK (rise edge)                            100.00     100.00
  clock network delay (ideal)                             0.00     100.00
  clock uncertainty                                      -0.20      99.80
  u_RegFile/mem_reg[2][7]/CK (SDFFRQX1M)                  0.00      99.80 r
  library setup time                                     -0.60      99.20
  data required time                                                99.20
  --------------------------------------------------------------------------
  data required time                                                99.20
  data arrival time                                                -36.31
  --------------------------------------------------------------------------
  slack (MET)                                                       62.89


  Startpoint: SE (input port clocked by SCAN_CLK)
  Endpoint: u_RegFile/mem_reg[13][2]
            (rising edge-triggered flip-flop clocked by SCAN_CLK)
  Path Group: SCAN_CLK
  Path Type: max

  Des/Clust/Port     Wire Load Model       Library
  ------------------------------------------------
  SYS_TOP            tsmc13_wl30           scmetro_tsmc_cl013g_rvt_ss_1p08v_125c

  Point                                                   Incr       Path
  --------------------------------------------------------------------------
  clock SCAN_CLK (rise edge)                              0.00       0.00
  clock network delay (ideal)                             0.00       0.00
  input external delay                                   20.00      20.00 r
  SE (in)                                                 0.66      20.66 r
  U137/Y (INVXLM)                                         0.57      21.24 f
  U103/Y (INVXLM)                                         0.61      21.85 r
  U78/Y (DLY1X1M)                                         0.88      22.73 r
  U104/Y (INVXLM)                                         0.55      23.27 f
  U79/Y (DLY1X1M)                                         0.83      24.10 f
  U138/Y (INVXLM)                                         0.62      24.72 r
  U122/Y (INVXLM)                                         0.48      25.20 f
  U84/Y (DLY1X1M)                                         0.81      26.01 f
  U123/Y (INVXLM)                                         0.62      26.64 r
  U113/Y (DLY1X1M)                                        0.89      27.52 r
  U136/Y (DLY1X1M)                                        0.88      28.40 r
  U135/Y (DLY1X1M)                                        0.88      29.28 r
  u_RegFile/test_se (RegisterFile_DATA_WIDTH8_DATA_DEPTH16_ADDR_WIDTH4_test_1)
                                                          0.00      29.28 r
  u_RegFile/U563/Y (DLY1X1M)                              0.88      30.15 r
  u_RegFile/U630/Y (DLY1X1M)                              0.88      31.03 r
  u_RegFile/U653/Y (DLY1X1M)                              0.88      31.91 r
  u_RegFile/U568/Y (DLY1X1M)                              0.88      32.78 r
  u_RegFile/U641/Y (DLY1X1M)                              0.88      33.66 r
  u_RegFile/U669/Y (DLY1X1M)                              0.88      34.54 r
  u_RegFile/U3/Y (BUFX2M)                                 0.51      35.05 r
  u_RegFile/U617/Y (DLY1X1M)                              0.89      35.94 r
  u_RegFile/mem_reg[13][2]/SE (SDFFRQX2M)                 0.00      35.94 r
  data arrival time                                                 35.94

  clock SCAN_CLK (rise edge)                            100.00     100.00
  clock network delay (ideal)                             0.00     100.00
  clock uncertainty                                      -0.20      99.80
  u_RegFile/mem_reg[13][2]/CK (SDFFRQX2M)                 0.00      99.80 r
  library setup time                                     -0.61      99.19
  data required time                                                99.19
  --------------------------------------------------------------------------
  data required time                                                99.19
  data arrival time                                                -35.94
  --------------------------------------------------------------------------
  slack (MET)                                                       63.25


  Startpoint: SE (input port clocked by SCAN_CLK)
  Endpoint: u_RegFile/mem_reg[13][1]
            (rising edge-triggered flip-flop clocked by SCAN_CLK)
  Path Group: SCAN_CLK
  Path Type: max

  Des/Clust/Port     Wire Load Model       Library
  ------------------------------------------------
  SYS_TOP            tsmc13_wl30           scmetro_tsmc_cl013g_rvt_ss_1p08v_125c

  Point                                                   Incr       Path
  --------------------------------------------------------------------------
  clock SCAN_CLK (rise edge)                              0.00       0.00
  clock network delay (ideal)                             0.00       0.00
  input external delay                                   20.00      20.00 r
  SE (in)                                                 0.66      20.66 r
  U137/Y (INVXLM)                                         0.57      21.24 f
  U103/Y (INVXLM)                                         0.61      21.85 r
  U78/Y (DLY1X1M)                                         0.88      22.73 r
  U104/Y (INVXLM)                                         0.55      23.27 f
  U79/Y (DLY1X1M)                                         0.83      24.10 f
  U138/Y (INVXLM)                                         0.62      24.72 r
  U122/Y (INVXLM)                                         0.48      25.20 f
  U84/Y (DLY1X1M)                                         0.81      26.01 f
  U123/Y (INVXLM)                                         0.62      26.64 r
  U113/Y (DLY1X1M)                                        0.89      27.52 r
  U136/Y (DLY1X1M)                                        0.88      28.40 r
  U135/Y (DLY1X1M)                                        0.88      29.28 r
  u_RegFile/test_se (RegisterFile_DATA_WIDTH8_DATA_DEPTH16_ADDR_WIDTH4_test_1)
                                                          0.00      29.28 r
  u_RegFile/U563/Y (DLY1X1M)                              0.88      30.15 r
  u_RegFile/U630/Y (DLY1X1M)                              0.88      31.03 r
  u_RegFile/U653/Y (DLY1X1M)                              0.88      31.91 r
  u_RegFile/U568/Y (DLY1X1M)                              0.88      32.78 r
  u_RegFile/U641/Y (DLY1X1M)                              0.88      33.66 r
  u_RegFile/U669/Y (DLY1X1M)                              0.88      34.54 r
  u_RegFile/U3/Y (BUFX2M)                                 0.51      35.05 r
  u_RegFile/U617/Y (DLY1X1M)                              0.89      35.94 r
  u_RegFile/mem_reg[13][1]/SE (SDFFRQX2M)                 0.00      35.94 r
  data arrival time                                                 35.94

  clock SCAN_CLK (rise edge)                            100.00     100.00
  clock network delay (ideal)                             0.00     100.00
  clock uncertainty                                      -0.20      99.80
  u_RegFile/mem_reg[13][1]/CK (SDFFRQX2M)                 0.00      99.80 r
  library setup time                                     -0.61      99.19
  data required time                                                99.19
  --------------------------------------------------------------------------
  data required time                                                99.19
  data arrival time                                                -35.94
  --------------------------------------------------------------------------
  slack (MET)                                                       63.25


  Startpoint: u_RegFile/mem_reg[2][2]
              (rising edge-triggered flip-flop clocked by SCAN_CLK)
  Endpoint: u_CLK_DIV_RX/cnt_reg[6]
            (rising edge-triggered flip-flop clocked by SCAN_CLK)
  Path Group: SCAN_CLK
  Path Type: max

  Des/Clust/Port     Wire Load Model       Library
  ------------------------------------------------
  SYS_TOP            tsmc13_wl30           scmetro_tsmc_cl013g_rvt_ss_1p08v_125c

  Point                                                   Incr       Path
  --------------------------------------------------------------------------
  clock SCAN_CLK (rise edge)                              0.00       0.00
  clock network delay (ideal)                             0.00       0.00
  u_RegFile/mem_reg[2][2]/CK (SDFFRQX1M)                  0.00       0.00 r
  u_RegFile/mem_reg[2][2]/Q (SDFFRQX1M)                   0.85       0.85 r
  u_RegFile/U161/Y (INVXLM)                               0.58       1.43 f
  u_RegFile/U162/Y (INVX6M)                               0.98       2.41 r
  u_RegFile/REG2[2] (RegisterFile_DATA_WIDTH8_DATA_DEPTH16_ADDR_WIDTH4_test_1)
                                                          0.00       2.41 r
  div_50/b[0] (SYS_TOP_DW_div_uns_0)                      0.00       2.41 r
  div_50/U1/Y (INVX8M)                                    0.69       3.10 f
  div_50/U20/Y (OR2X2M)                                   0.39       3.49 f
  div_50/U56/Y (AND4X1M)                                  0.59       4.08 f
  div_50/U40/Y (CLKMX2X2M)                                0.66       4.74 r
  div_50/u_div/u_fa_PartRem_0_6_1/CO (ADDFX2M)            0.71       5.45 r
  div_50/U4/Y (AND3X2M)                                   0.73       6.18 r
  div_50/U43/Y (CLKMX2X2M)                                0.69       6.87 f
  div_50/u_div/u_fa_PartRem_0_5_1/CO (ADDFX2M)            0.73       7.60 f
  div_50/u_div/u_fa_PartRem_0_5_2/CO (ADDFX2M)            0.50       8.10 f
  div_50/U11/Y (CLKAND2X2M)                               0.94       9.04 f
  div_50/U46/Y (CLKMX2X2M)                                0.76       9.80 r
  div_50/u_div/u_fa_PartRem_0_4_1/CO (ADDFX2M)            0.72      10.53 r
  div_50/u_div/u_fa_PartRem_0_4_2/CO (ADDFX2M)            0.47      10.99 r
  div_50/u_div/u_fa_PartRem_0_4_3/CO (ADDFX2M)            0.46      11.46 r
  div_50/U2/Y (AND3X4M)                                   0.67      12.13 r
  div_50/U49/Y (CLKMX2X2M)                                0.68      12.81 f
  div_50/u_div/u_fa_PartRem_0_3_1/CO (ADDFX2M)            0.73      13.54 f
  div_50/u_div/u_fa_PartRem_0_3_2/CO (ADDFX2M)            0.51      14.05 f
  div_50/u_div/u_fa_PartRem_0_3_3/CO (ADDFX2M)            0.51      14.55 f
  div_50/u_div/u_fa_PartRem_0_3_4/CO (ADDFX2M)            0.50      15.05 f
  div_50/U3/Y (CLKAND2X4M)                                0.77      15.83 f
  div_50/U52/Y (CLKMX2X2M)                                0.74      16.57 f
  div_50/u_div/u_fa_PartRem_0_2_1/CO (ADDFX2M)            0.73      17.30 f
  div_50/u_div/u_fa_PartRem_0_2_2/CO (ADDFX2M)            0.51      17.81 f
  div_50/u_div/u_fa_PartRem_0_2_3/CO (ADDFX2M)            0.51      18.31 f
  div_50/u_div/u_fa_PartRem_0_2_4/CO (ADDFX2M)            0.51      18.82 f
  div_50/u_div/u_fa_PartRem_0_2_5/CO (ADDFX4M)            0.85      19.67 f
  div_50/U54/Y (CLKMX2X2M)                                0.67      20.34 r
  div_50/u_div/u_fa_PartRem_0_1_1/CO (ADDFX2M)            0.72      21.06 r
  div_50/u_div/u_fa_PartRem_0_1_2/CO (ADDFX2M)            0.47      21.52 r
  div_50/u_div/u_fa_PartRem_0_1_3/CO (ADDFX2M)            0.47      21.99 r
  div_50/u_div/u_fa_PartRem_0_1_4/CO (ADDFX2M)            0.47      22.46 r
  div_50/u_div/u_fa_PartRem_0_1_5/CO (ADDFX2M)            0.46      22.92 r
  div_50/U16/Y (OR2X4M)                                   0.79      23.71 r
  div_50/U55/Y (CLKMX2X2M)                                0.52      24.24 f
  div_50/u_div/u_fa_PartRem_0_0_1/CO (ADDFX2M)            0.66      24.90 f
  div_50/u_div/u_fa_PartRem_0_0_2/CO (ADDFX2M)            0.51      25.40 f
  div_50/u_div/u_fa_PartRem_0_0_3/CO (ADDFX2M)            0.51      25.91 f
  div_50/u_div/u_fa_PartRem_0_0_4/CO (ADDFX2M)            0.51      26.42 f
  div_50/u_div/u_fa_PartRem_0_0_5/CO (ADDFX2M)            0.50      26.92 f
  div_50/U17/Y (OR2X2M)                                   0.32      27.23 f
  div_50/quotient[0] (SYS_TOP_DW_div_uns_0)               0.00      27.23 f
  U42/Y (AO22X4M)                                         0.54      27.77 f
  u_CLK_DIV_RX/i_div_ratio[0] (CLK_DIV_test_1)            0.00      27.77 f
  u_CLK_DIV_RX/U39/Y (OR2X2M)                             0.53      28.31 f
  u_CLK_DIV_RX/U25/Y (OR2X2M)                             0.53      28.84 f
  u_CLK_DIV_RX/U24/Y (OR2X2M)                             0.54      29.38 f
  u_CLK_DIV_RX/U9/Y (NOR2X4M)                             0.69      30.08 r
  u_CLK_DIV_RX/U47/Y (CLKNAND2X2M)                        1.09      31.17 f
  u_CLK_DIV_RX/U50/Y (NOR2X1M)                            0.86      32.02 r
  u_CLK_DIV_RX/U51/Y (CLKXOR2X2M)                         0.63      32.65 f
  u_CLK_DIV_RX/U100/Y (XNOR2X1M)                          0.59      33.24 r
  u_CLK_DIV_RX/U99/Y (NAND4X1M)                           0.90      34.15 f
  u_CLK_DIV_RX/U23/Y (OAI21X8M)                           1.17      35.32 r
  u_CLK_DIV_RX/U85/Y (NOR2BX1M)                           0.49      35.80 f
  u_CLK_DIV_RX/cnt_reg[6]/D (SDFFRQX2M)                   0.00      35.80 f
  data arrival time                                                 35.80

  clock SCAN_CLK (rise edge)                            100.00     100.00
  clock network delay (ideal)                             0.00     100.00
  clock uncertainty                                      -0.20      99.80
  u_CLK_DIV_RX/cnt_reg[6]/CK (SDFFRQX2M)                  0.00      99.80 r
  library setup time                                     -0.49      99.31
  data required time                                                99.31
  --------------------------------------------------------------------------
  data required time                                                99.31
  data arrival time                                                -35.80
  --------------------------------------------------------------------------
  slack (MET)                                                       63.50


  Startpoint: u_RegFile/mem_reg[2][2]
              (rising edge-triggered flip-flop clocked by SCAN_CLK)
  Endpoint: u_CLK_DIV_RX/cnt_reg[5]
            (rising edge-triggered flip-flop clocked by SCAN_CLK)
  Path Group: SCAN_CLK
  Path Type: max

  Des/Clust/Port     Wire Load Model       Library
  ------------------------------------------------
  SYS_TOP            tsmc13_wl30           scmetro_tsmc_cl013g_rvt_ss_1p08v_125c

  Point                                                   Incr       Path
  --------------------------------------------------------------------------
  clock SCAN_CLK (rise edge)                              0.00       0.00
  clock network delay (ideal)                             0.00       0.00
  u_RegFile/mem_reg[2][2]/CK (SDFFRQX1M)                  0.00       0.00 r
  u_RegFile/mem_reg[2][2]/Q (SDFFRQX1M)                   0.85       0.85 r
  u_RegFile/U161/Y (INVXLM)                               0.58       1.43 f
  u_RegFile/U162/Y (INVX6M)                               0.98       2.41 r
  u_RegFile/REG2[2] (RegisterFile_DATA_WIDTH8_DATA_DEPTH16_ADDR_WIDTH4_test_1)
                                                          0.00       2.41 r
  div_50/b[0] (SYS_TOP_DW_div_uns_0)                      0.00       2.41 r
  div_50/U1/Y (INVX8M)                                    0.69       3.10 f
  div_50/U20/Y (OR2X2M)                                   0.39       3.49 f
  div_50/U56/Y (AND4X1M)                                  0.59       4.08 f
  div_50/U40/Y (CLKMX2X2M)                                0.66       4.74 r
  div_50/u_div/u_fa_PartRem_0_6_1/CO (ADDFX2M)            0.71       5.45 r
  div_50/U4/Y (AND3X2M)                                   0.73       6.18 r
  div_50/U43/Y (CLKMX2X2M)                                0.69       6.87 f
  div_50/u_div/u_fa_PartRem_0_5_1/CO (ADDFX2M)            0.73       7.60 f
  div_50/u_div/u_fa_PartRem_0_5_2/CO (ADDFX2M)            0.50       8.10 f
  div_50/U11/Y (CLKAND2X2M)                               0.94       9.04 f
  div_50/U46/Y (CLKMX2X2M)                                0.76       9.80 r
  div_50/u_div/u_fa_PartRem_0_4_1/CO (ADDFX2M)            0.72      10.53 r
  div_50/u_div/u_fa_PartRem_0_4_2/CO (ADDFX2M)            0.47      10.99 r
  div_50/u_div/u_fa_PartRem_0_4_3/CO (ADDFX2M)            0.46      11.46 r
  div_50/U2/Y (AND3X4M)                                   0.67      12.13 r
  div_50/U49/Y (CLKMX2X2M)                                0.68      12.81 f
  div_50/u_div/u_fa_PartRem_0_3_1/CO (ADDFX2M)            0.73      13.54 f
  div_50/u_div/u_fa_PartRem_0_3_2/CO (ADDFX2M)            0.51      14.05 f
  div_50/u_div/u_fa_PartRem_0_3_3/CO (ADDFX2M)            0.51      14.55 f
  div_50/u_div/u_fa_PartRem_0_3_4/CO (ADDFX2M)            0.50      15.05 f
  div_50/U3/Y (CLKAND2X4M)                                0.77      15.83 f
  div_50/U52/Y (CLKMX2X2M)                                0.74      16.57 f
  div_50/u_div/u_fa_PartRem_0_2_1/CO (ADDFX2M)            0.73      17.30 f
  div_50/u_div/u_fa_PartRem_0_2_2/CO (ADDFX2M)            0.51      17.81 f
  div_50/u_div/u_fa_PartRem_0_2_3/CO (ADDFX2M)            0.51      18.31 f
  div_50/u_div/u_fa_PartRem_0_2_4/CO (ADDFX2M)            0.51      18.82 f
  div_50/u_div/u_fa_PartRem_0_2_5/CO (ADDFX4M)            0.85      19.67 f
  div_50/U54/Y (CLKMX2X2M)                                0.67      20.34 r
  div_50/u_div/u_fa_PartRem_0_1_1/CO (ADDFX2M)            0.72      21.06 r
  div_50/u_div/u_fa_PartRem_0_1_2/CO (ADDFX2M)            0.47      21.52 r
  div_50/u_div/u_fa_PartRem_0_1_3/CO (ADDFX2M)            0.47      21.99 r
  div_50/u_div/u_fa_PartRem_0_1_4/CO (ADDFX2M)            0.47      22.46 r
  div_50/u_div/u_fa_PartRem_0_1_5/CO (ADDFX2M)            0.46      22.92 r
  div_50/U16/Y (OR2X4M)                                   0.79      23.71 r
  div_50/U55/Y (CLKMX2X2M)                                0.52      24.24 f
  div_50/u_div/u_fa_PartRem_0_0_1/CO (ADDFX2M)            0.66      24.90 f
  div_50/u_div/u_fa_PartRem_0_0_2/CO (ADDFX2M)            0.51      25.40 f
  div_50/u_div/u_fa_PartRem_0_0_3/CO (ADDFX2M)            0.51      25.91 f
  div_50/u_div/u_fa_PartRem_0_0_4/CO (ADDFX2M)            0.51      26.42 f
  div_50/u_div/u_fa_PartRem_0_0_5/CO (ADDFX2M)            0.50      26.92 f
  div_50/U17/Y (OR2X2M)                                   0.32      27.23 f
  div_50/quotient[0] (SYS_TOP_DW_div_uns_0)               0.00      27.23 f
  U42/Y (AO22X4M)                                         0.54      27.77 f
  u_CLK_DIV_RX/i_div_ratio[0] (CLK_DIV_test_1)            0.00      27.77 f
  u_CLK_DIV_RX/U39/Y (OR2X2M)                             0.53      28.31 f
  u_CLK_DIV_RX/U25/Y (OR2X2M)                             0.53      28.84 f
  u_CLK_DIV_RX/U24/Y (OR2X2M)                             0.54      29.38 f
  u_CLK_DIV_RX/U9/Y (NOR2X4M)                             0.69      30.08 r
  u_CLK_DIV_RX/U47/Y (CLKNAND2X2M)                        1.09      31.17 f
  u_CLK_DIV_RX/U50/Y (NOR2X1M)                            0.86      32.02 r
  u_CLK_DIV_RX/U51/Y (CLKXOR2X2M)                         0.63      32.65 f
  u_CLK_DIV_RX/U100/Y (XNOR2X1M)                          0.59      33.24 r
  u_CLK_DIV_RX/U99/Y (NAND4X1M)                           0.90      34.15 f
  u_CLK_DIV_RX/U23/Y (OAI21X8M)                           1.17      35.32 r
  u_CLK_DIV_RX/U86/Y (NOR2BX1M)                           0.49      35.80 f
  u_CLK_DIV_RX/cnt_reg[5]/D (SDFFRQX2M)                   0.00      35.80 f
  data arrival time                                                 35.80

  clock SCAN_CLK (rise edge)                            100.00     100.00
  clock network delay (ideal)                             0.00     100.00
  clock uncertainty                                      -0.20      99.80
  u_CLK_DIV_RX/cnt_reg[5]/CK (SDFFRQX2M)                  0.00      99.80 r
  library setup time                                     -0.49      99.31
  data required time                                                99.31
  --------------------------------------------------------------------------
  data required time                                                99.31
  data arrival time                                                -35.80
  --------------------------------------------------------------------------
  slack (MET)                                                       63.50


  Startpoint: u_RegFile/mem_reg[2][2]
              (rising edge-triggered flip-flop clocked by SCAN_CLK)
  Endpoint: u_CLK_DIV_RX/cnt_reg[4]
            (rising edge-triggered flip-flop clocked by SCAN_CLK)
  Path Group: SCAN_CLK
  Path Type: max

  Des/Clust/Port     Wire Load Model       Library
  ------------------------------------------------
  SYS_TOP            tsmc13_wl30           scmetro_tsmc_cl013g_rvt_ss_1p08v_125c

  Point                                                   Incr       Path
  --------------------------------------------------------------------------
  clock SCAN_CLK (rise edge)                              0.00       0.00
  clock network delay (ideal)                             0.00       0.00
  u_RegFile/mem_reg[2][2]/CK (SDFFRQX1M)                  0.00       0.00 r
  u_RegFile/mem_reg[2][2]/Q (SDFFRQX1M)                   0.85       0.85 r
  u_RegFile/U161/Y (INVXLM)                               0.58       1.43 f
  u_RegFile/U162/Y (INVX6M)                               0.98       2.41 r
  u_RegFile/REG2[2] (RegisterFile_DATA_WIDTH8_DATA_DEPTH16_ADDR_WIDTH4_test_1)
                                                          0.00       2.41 r
  div_50/b[0] (SYS_TOP_DW_div_uns_0)                      0.00       2.41 r
  div_50/U1/Y (INVX8M)                                    0.69       3.10 f
  div_50/U20/Y (OR2X2M)                                   0.39       3.49 f
  div_50/U56/Y (AND4X1M)                                  0.59       4.08 f
  div_50/U40/Y (CLKMX2X2M)                                0.66       4.74 r
  div_50/u_div/u_fa_PartRem_0_6_1/CO (ADDFX2M)            0.71       5.45 r
  div_50/U4/Y (AND3X2M)                                   0.73       6.18 r
  div_50/U43/Y (CLKMX2X2M)                                0.69       6.87 f
  div_50/u_div/u_fa_PartRem_0_5_1/CO (ADDFX2M)            0.73       7.60 f
  div_50/u_div/u_fa_PartRem_0_5_2/CO (ADDFX2M)            0.50       8.10 f
  div_50/U11/Y (CLKAND2X2M)                               0.94       9.04 f
  div_50/U46/Y (CLKMX2X2M)                                0.76       9.80 r
  div_50/u_div/u_fa_PartRem_0_4_1/CO (ADDFX2M)            0.72      10.53 r
  div_50/u_div/u_fa_PartRem_0_4_2/CO (ADDFX2M)            0.47      10.99 r
  div_50/u_div/u_fa_PartRem_0_4_3/CO (ADDFX2M)            0.46      11.46 r
  div_50/U2/Y (AND3X4M)                                   0.67      12.13 r
  div_50/U49/Y (CLKMX2X2M)                                0.68      12.81 f
  div_50/u_div/u_fa_PartRem_0_3_1/CO (ADDFX2M)            0.73      13.54 f
  div_50/u_div/u_fa_PartRem_0_3_2/CO (ADDFX2M)            0.51      14.05 f
  div_50/u_div/u_fa_PartRem_0_3_3/CO (ADDFX2M)            0.51      14.55 f
  div_50/u_div/u_fa_PartRem_0_3_4/CO (ADDFX2M)            0.50      15.05 f
  div_50/U3/Y (CLKAND2X4M)                                0.77      15.83 f
  div_50/U52/Y (CLKMX2X2M)                                0.74      16.57 f
  div_50/u_div/u_fa_PartRem_0_2_1/CO (ADDFX2M)            0.73      17.30 f
  div_50/u_div/u_fa_PartRem_0_2_2/CO (ADDFX2M)            0.51      17.81 f
  div_50/u_div/u_fa_PartRem_0_2_3/CO (ADDFX2M)            0.51      18.31 f
  div_50/u_div/u_fa_PartRem_0_2_4/CO (ADDFX2M)            0.51      18.82 f
  div_50/u_div/u_fa_PartRem_0_2_5/CO (ADDFX4M)            0.85      19.67 f
  div_50/U54/Y (CLKMX2X2M)                                0.67      20.34 r
  div_50/u_div/u_fa_PartRem_0_1_1/CO (ADDFX2M)            0.72      21.06 r
  div_50/u_div/u_fa_PartRem_0_1_2/CO (ADDFX2M)            0.47      21.52 r
  div_50/u_div/u_fa_PartRem_0_1_3/CO (ADDFX2M)            0.47      21.99 r
  div_50/u_div/u_fa_PartRem_0_1_4/CO (ADDFX2M)            0.47      22.46 r
  div_50/u_div/u_fa_PartRem_0_1_5/CO (ADDFX2M)            0.46      22.92 r
  div_50/U16/Y (OR2X4M)                                   0.79      23.71 r
  div_50/U55/Y (CLKMX2X2M)                                0.52      24.24 f
  div_50/u_div/u_fa_PartRem_0_0_1/CO (ADDFX2M)            0.66      24.90 f
  div_50/u_div/u_fa_PartRem_0_0_2/CO (ADDFX2M)            0.51      25.40 f
  div_50/u_div/u_fa_PartRem_0_0_3/CO (ADDFX2M)            0.51      25.91 f
  div_50/u_div/u_fa_PartRem_0_0_4/CO (ADDFX2M)            0.51      26.42 f
  div_50/u_div/u_fa_PartRem_0_0_5/CO (ADDFX2M)            0.50      26.92 f
  div_50/U17/Y (OR2X2M)                                   0.32      27.23 f
  div_50/quotient[0] (SYS_TOP_DW_div_uns_0)               0.00      27.23 f
  U42/Y (AO22X4M)                                         0.54      27.77 f
  u_CLK_DIV_RX/i_div_ratio[0] (CLK_DIV_test_1)            0.00      27.77 f
  u_CLK_DIV_RX/U39/Y (OR2X2M)                             0.53      28.31 f
  u_CLK_DIV_RX/U25/Y (OR2X2M)                             0.53      28.84 f
  u_CLK_DIV_RX/U24/Y (OR2X2M)                             0.54      29.38 f
  u_CLK_DIV_RX/U9/Y (NOR2X4M)                             0.69      30.08 r
  u_CLK_DIV_RX/U47/Y (CLKNAND2X2M)                        1.09      31.17 f
  u_CLK_DIV_RX/U50/Y (NOR2X1M)                            0.86      32.02 r
  u_CLK_DIV_RX/U51/Y (CLKXOR2X2M)                         0.63      32.65 f
  u_CLK_DIV_RX/U100/Y (XNOR2X1M)                          0.59      33.24 r
  u_CLK_DIV_RX/U99/Y (NAND4X1M)                           0.90      34.15 f
  u_CLK_DIV_RX/U23/Y (OAI21X8M)                           1.17      35.32 r
  u_CLK_DIV_RX/U87/Y (NOR2BX1M)                           0.49      35.80 f
  u_CLK_DIV_RX/cnt_reg[4]/D (SDFFRQX2M)                   0.00      35.80 f
  data arrival time                                                 35.80

  clock SCAN_CLK (rise edge)                            100.00     100.00
  clock network delay (ideal)                             0.00     100.00
  clock uncertainty                                      -0.20      99.80
  u_CLK_DIV_RX/cnt_reg[4]/CK (SDFFRQX2M)                  0.00      99.80 r
  library setup time                                     -0.49      99.31
  data required time                                                99.31
  --------------------------------------------------------------------------
  data required time                                                99.31
  data arrival time                                                -35.80
  --------------------------------------------------------------------------
  slack (MET)                                                       63.50


  Startpoint: u_RegFile/mem_reg[2][2]
              (rising edge-triggered flip-flop clocked by SCAN_CLK)
  Endpoint: u_CLK_DIV_RX/cnt_reg[3]
            (rising edge-triggered flip-flop clocked by SCAN_CLK)
  Path Group: SCAN_CLK
  Path Type: max

  Des/Clust/Port     Wire Load Model       Library
  ------------------------------------------------
  SYS_TOP            tsmc13_wl30           scmetro_tsmc_cl013g_rvt_ss_1p08v_125c

  Point                                                   Incr       Path
  --------------------------------------------------------------------------
  clock SCAN_CLK (rise edge)                              0.00       0.00
  clock network delay (ideal)                             0.00       0.00
  u_RegFile/mem_reg[2][2]/CK (SDFFRQX1M)                  0.00       0.00 r
  u_RegFile/mem_reg[2][2]/Q (SDFFRQX1M)                   0.85       0.85 r
  u_RegFile/U161/Y (INVXLM)                               0.58       1.43 f
  u_RegFile/U162/Y (INVX6M)                               0.98       2.41 r
  u_RegFile/REG2[2] (RegisterFile_DATA_WIDTH8_DATA_DEPTH16_ADDR_WIDTH4_test_1)
                                                          0.00       2.41 r
  div_50/b[0] (SYS_TOP_DW_div_uns_0)                      0.00       2.41 r
  div_50/U1/Y (INVX8M)                                    0.69       3.10 f
  div_50/U20/Y (OR2X2M)                                   0.39       3.49 f
  div_50/U56/Y (AND4X1M)                                  0.59       4.08 f
  div_50/U40/Y (CLKMX2X2M)                                0.66       4.74 r
  div_50/u_div/u_fa_PartRem_0_6_1/CO (ADDFX2M)            0.71       5.45 r
  div_50/U4/Y (AND3X2M)                                   0.73       6.18 r
  div_50/U43/Y (CLKMX2X2M)                                0.69       6.87 f
  div_50/u_div/u_fa_PartRem_0_5_1/CO (ADDFX2M)            0.73       7.60 f
  div_50/u_div/u_fa_PartRem_0_5_2/CO (ADDFX2M)            0.50       8.10 f
  div_50/U11/Y (CLKAND2X2M)                               0.94       9.04 f
  div_50/U46/Y (CLKMX2X2M)                                0.76       9.80 r
  div_50/u_div/u_fa_PartRem_0_4_1/CO (ADDFX2M)            0.72      10.53 r
  div_50/u_div/u_fa_PartRem_0_4_2/CO (ADDFX2M)            0.47      10.99 r
  div_50/u_div/u_fa_PartRem_0_4_3/CO (ADDFX2M)            0.46      11.46 r
  div_50/U2/Y (AND3X4M)                                   0.67      12.13 r
  div_50/U49/Y (CLKMX2X2M)                                0.68      12.81 f
  div_50/u_div/u_fa_PartRem_0_3_1/CO (ADDFX2M)            0.73      13.54 f
  div_50/u_div/u_fa_PartRem_0_3_2/CO (ADDFX2M)            0.51      14.05 f
  div_50/u_div/u_fa_PartRem_0_3_3/CO (ADDFX2M)            0.51      14.55 f
  div_50/u_div/u_fa_PartRem_0_3_4/CO (ADDFX2M)            0.50      15.05 f
  div_50/U3/Y (CLKAND2X4M)                                0.77      15.83 f
  div_50/U52/Y (CLKMX2X2M)                                0.74      16.57 f
  div_50/u_div/u_fa_PartRem_0_2_1/CO (ADDFX2M)            0.73      17.30 f
  div_50/u_div/u_fa_PartRem_0_2_2/CO (ADDFX2M)            0.51      17.81 f
  div_50/u_div/u_fa_PartRem_0_2_3/CO (ADDFX2M)            0.51      18.31 f
  div_50/u_div/u_fa_PartRem_0_2_4/CO (ADDFX2M)            0.51      18.82 f
  div_50/u_div/u_fa_PartRem_0_2_5/CO (ADDFX4M)            0.85      19.67 f
  div_50/U54/Y (CLKMX2X2M)                                0.67      20.34 r
  div_50/u_div/u_fa_PartRem_0_1_1/CO (ADDFX2M)            0.72      21.06 r
  div_50/u_div/u_fa_PartRem_0_1_2/CO (ADDFX2M)            0.47      21.52 r
  div_50/u_div/u_fa_PartRem_0_1_3/CO (ADDFX2M)            0.47      21.99 r
  div_50/u_div/u_fa_PartRem_0_1_4/CO (ADDFX2M)            0.47      22.46 r
  div_50/u_div/u_fa_PartRem_0_1_5/CO (ADDFX2M)            0.46      22.92 r
  div_50/U16/Y (OR2X4M)                                   0.79      23.71 r
  div_50/U55/Y (CLKMX2X2M)                                0.52      24.24 f
  div_50/u_div/u_fa_PartRem_0_0_1/CO (ADDFX2M)            0.66      24.90 f
  div_50/u_div/u_fa_PartRem_0_0_2/CO (ADDFX2M)            0.51      25.40 f
  div_50/u_div/u_fa_PartRem_0_0_3/CO (ADDFX2M)            0.51      25.91 f
  div_50/u_div/u_fa_PartRem_0_0_4/CO (ADDFX2M)            0.51      26.42 f
  div_50/u_div/u_fa_PartRem_0_0_5/CO (ADDFX2M)            0.50      26.92 f
  div_50/U17/Y (OR2X2M)                                   0.32      27.23 f
  div_50/quotient[0] (SYS_TOP_DW_div_uns_0)               0.00      27.23 f
  U42/Y (AO22X4M)                                         0.54      27.77 f
  u_CLK_DIV_RX/i_div_ratio[0] (CLK_DIV_test_1)            0.00      27.77 f
  u_CLK_DIV_RX/U39/Y (OR2X2M)                             0.53      28.31 f
  u_CLK_DIV_RX/U25/Y (OR2X2M)                             0.53      28.84 f
  u_CLK_DIV_RX/U24/Y (OR2X2M)                             0.54      29.38 f
  u_CLK_DIV_RX/U9/Y (NOR2X4M)                             0.69      30.08 r
  u_CLK_DIV_RX/U47/Y (CLKNAND2X2M)                        1.09      31.17 f
  u_CLK_DIV_RX/U50/Y (NOR2X1M)                            0.86      32.02 r
  u_CLK_DIV_RX/U51/Y (CLKXOR2X2M)                         0.63      32.65 f
  u_CLK_DIV_RX/U100/Y (XNOR2X1M)                          0.59      33.24 r
  u_CLK_DIV_RX/U99/Y (NAND4X1M)                           0.90      34.15 f
  u_CLK_DIV_RX/U23/Y (OAI21X8M)                           1.17      35.32 r
  u_CLK_DIV_RX/U88/Y (NOR2BX1M)                           0.49      35.80 f
  u_CLK_DIV_RX/cnt_reg[3]/D (SDFFRQX2M)                   0.00      35.80 f
  data arrival time                                                 35.80

  clock SCAN_CLK (rise edge)                            100.00     100.00
  clock network delay (ideal)                             0.00     100.00
  clock uncertainty                                      -0.20      99.80
  u_CLK_DIV_RX/cnt_reg[3]/CK (SDFFRQX2M)                  0.00      99.80 r
  library setup time                                     -0.49      99.31
  data required time                                                99.31
  --------------------------------------------------------------------------
  data required time                                                99.31
  data arrival time                                                -35.80
  --------------------------------------------------------------------------
  slack (MET)                                                       63.50


  Startpoint: u_RegFile/mem_reg[2][2]
              (rising edge-triggered flip-flop clocked by SCAN_CLK)
  Endpoint: u_CLK_DIV_RX/cnt_reg[2]
            (rising edge-triggered flip-flop clocked by SCAN_CLK)
  Path Group: SCAN_CLK
  Path Type: max

  Des/Clust/Port     Wire Load Model       Library
  ------------------------------------------------
  SYS_TOP            tsmc13_wl30           scmetro_tsmc_cl013g_rvt_ss_1p08v_125c

  Point                                                   Incr       Path
  --------------------------------------------------------------------------
  clock SCAN_CLK (rise edge)                              0.00       0.00
  clock network delay (ideal)                             0.00       0.00
  u_RegFile/mem_reg[2][2]/CK (SDFFRQX1M)                  0.00       0.00 r
  u_RegFile/mem_reg[2][2]/Q (SDFFRQX1M)                   0.85       0.85 r
  u_RegFile/U161/Y (INVXLM)                               0.58       1.43 f
  u_RegFile/U162/Y (INVX6M)                               0.98       2.41 r
  u_RegFile/REG2[2] (RegisterFile_DATA_WIDTH8_DATA_DEPTH16_ADDR_WIDTH4_test_1)
                                                          0.00       2.41 r
  div_50/b[0] (SYS_TOP_DW_div_uns_0)                      0.00       2.41 r
  div_50/U1/Y (INVX8M)                                    0.69       3.10 f
  div_50/U20/Y (OR2X2M)                                   0.39       3.49 f
  div_50/U56/Y (AND4X1M)                                  0.59       4.08 f
  div_50/U40/Y (CLKMX2X2M)                                0.66       4.74 r
  div_50/u_div/u_fa_PartRem_0_6_1/CO (ADDFX2M)            0.71       5.45 r
  div_50/U4/Y (AND3X2M)                                   0.73       6.18 r
  div_50/U43/Y (CLKMX2X2M)                                0.69       6.87 f
  div_50/u_div/u_fa_PartRem_0_5_1/CO (ADDFX2M)            0.73       7.60 f
  div_50/u_div/u_fa_PartRem_0_5_2/CO (ADDFX2M)            0.50       8.10 f
  div_50/U11/Y (CLKAND2X2M)                               0.94       9.04 f
  div_50/U46/Y (CLKMX2X2M)                                0.76       9.80 r
  div_50/u_div/u_fa_PartRem_0_4_1/CO (ADDFX2M)            0.72      10.53 r
  div_50/u_div/u_fa_PartRem_0_4_2/CO (ADDFX2M)            0.47      10.99 r
  div_50/u_div/u_fa_PartRem_0_4_3/CO (ADDFX2M)            0.46      11.46 r
  div_50/U2/Y (AND3X4M)                                   0.67      12.13 r
  div_50/U49/Y (CLKMX2X2M)                                0.68      12.81 f
  div_50/u_div/u_fa_PartRem_0_3_1/CO (ADDFX2M)            0.73      13.54 f
  div_50/u_div/u_fa_PartRem_0_3_2/CO (ADDFX2M)            0.51      14.05 f
  div_50/u_div/u_fa_PartRem_0_3_3/CO (ADDFX2M)            0.51      14.55 f
  div_50/u_div/u_fa_PartRem_0_3_4/CO (ADDFX2M)            0.50      15.05 f
  div_50/U3/Y (CLKAND2X4M)                                0.77      15.83 f
  div_50/U52/Y (CLKMX2X2M)                                0.74      16.57 f
  div_50/u_div/u_fa_PartRem_0_2_1/CO (ADDFX2M)            0.73      17.30 f
  div_50/u_div/u_fa_PartRem_0_2_2/CO (ADDFX2M)            0.51      17.81 f
  div_50/u_div/u_fa_PartRem_0_2_3/CO (ADDFX2M)            0.51      18.31 f
  div_50/u_div/u_fa_PartRem_0_2_4/CO (ADDFX2M)            0.51      18.82 f
  div_50/u_div/u_fa_PartRem_0_2_5/CO (ADDFX4M)            0.85      19.67 f
  div_50/U54/Y (CLKMX2X2M)                                0.67      20.34 r
  div_50/u_div/u_fa_PartRem_0_1_1/CO (ADDFX2M)            0.72      21.06 r
  div_50/u_div/u_fa_PartRem_0_1_2/CO (ADDFX2M)            0.47      21.52 r
  div_50/u_div/u_fa_PartRem_0_1_3/CO (ADDFX2M)            0.47      21.99 r
  div_50/u_div/u_fa_PartRem_0_1_4/CO (ADDFX2M)            0.47      22.46 r
  div_50/u_div/u_fa_PartRem_0_1_5/CO (ADDFX2M)            0.46      22.92 r
  div_50/U16/Y (OR2X4M)                                   0.79      23.71 r
  div_50/U55/Y (CLKMX2X2M)                                0.52      24.24 f
  div_50/u_div/u_fa_PartRem_0_0_1/CO (ADDFX2M)            0.66      24.90 f
  div_50/u_div/u_fa_PartRem_0_0_2/CO (ADDFX2M)            0.51      25.40 f
  div_50/u_div/u_fa_PartRem_0_0_3/CO (ADDFX2M)            0.51      25.91 f
  div_50/u_div/u_fa_PartRem_0_0_4/CO (ADDFX2M)            0.51      26.42 f
  div_50/u_div/u_fa_PartRem_0_0_5/CO (ADDFX2M)            0.50      26.92 f
  div_50/U17/Y (OR2X2M)                                   0.32      27.23 f
  div_50/quotient[0] (SYS_TOP_DW_div_uns_0)               0.00      27.23 f
  U42/Y (AO22X4M)                                         0.54      27.77 f
  u_CLK_DIV_RX/i_div_ratio[0] (CLK_DIV_test_1)            0.00      27.77 f
  u_CLK_DIV_RX/U39/Y (OR2X2M)                             0.53      28.31 f
  u_CLK_DIV_RX/U25/Y (OR2X2M)                             0.53      28.84 f
  u_CLK_DIV_RX/U24/Y (OR2X2M)                             0.54      29.38 f
  u_CLK_DIV_RX/U9/Y (NOR2X4M)                             0.69      30.08 r
  u_CLK_DIV_RX/U47/Y (CLKNAND2X2M)                        1.09      31.17 f
  u_CLK_DIV_RX/U50/Y (NOR2X1M)                            0.86      32.02 r
  u_CLK_DIV_RX/U51/Y (CLKXOR2X2M)                         0.63      32.65 f
  u_CLK_DIV_RX/U100/Y (XNOR2X1M)                          0.59      33.24 r
  u_CLK_DIV_RX/U99/Y (NAND4X1M)                           0.90      34.15 f
  u_CLK_DIV_RX/U23/Y (OAI21X8M)                           1.17      35.32 r
  u_CLK_DIV_RX/U89/Y (NOR2BX1M)                           0.49      35.80 f
  u_CLK_DIV_RX/cnt_reg[2]/D (SDFFRQX2M)                   0.00      35.80 f
  data arrival time                                                 35.80

  clock SCAN_CLK (rise edge)                            100.00     100.00
  clock network delay (ideal)                             0.00     100.00
  clock uncertainty                                      -0.20      99.80
  u_CLK_DIV_RX/cnt_reg[2]/CK (SDFFRQX2M)                  0.00      99.80 r
  library setup time                                     -0.49      99.31
  data required time                                                99.31
  --------------------------------------------------------------------------
  data required time                                                99.31
  data arrival time                                                -35.80
  --------------------------------------------------------------------------
  slack (MET)                                                       63.50


  Startpoint: u_RegFile/mem_reg[2][2]
              (rising edge-triggered flip-flop clocked by SCAN_CLK)
  Endpoint: u_CLK_DIV_RX/cnt_reg[1]
            (rising edge-triggered flip-flop clocked by SCAN_CLK)
  Path Group: SCAN_CLK
  Path Type: max

  Des/Clust/Port     Wire Load Model       Library
  ------------------------------------------------
  SYS_TOP            tsmc13_wl30           scmetro_tsmc_cl013g_rvt_ss_1p08v_125c

  Point                                                   Incr       Path
  --------------------------------------------------------------------------
  clock SCAN_CLK (rise edge)                              0.00       0.00
  clock network delay (ideal)                             0.00       0.00
  u_RegFile/mem_reg[2][2]/CK (SDFFRQX1M)                  0.00       0.00 r
  u_RegFile/mem_reg[2][2]/Q (SDFFRQX1M)                   0.85       0.85 r
  u_RegFile/U161/Y (INVXLM)                               0.58       1.43 f
  u_RegFile/U162/Y (INVX6M)                               0.98       2.41 r
  u_RegFile/REG2[2] (RegisterFile_DATA_WIDTH8_DATA_DEPTH16_ADDR_WIDTH4_test_1)
                                                          0.00       2.41 r
  div_50/b[0] (SYS_TOP_DW_div_uns_0)                      0.00       2.41 r
  div_50/U1/Y (INVX8M)                                    0.69       3.10 f
  div_50/U20/Y (OR2X2M)                                   0.39       3.49 f
  div_50/U56/Y (AND4X1M)                                  0.59       4.08 f
  div_50/U40/Y (CLKMX2X2M)                                0.66       4.74 r
  div_50/u_div/u_fa_PartRem_0_6_1/CO (ADDFX2M)            0.71       5.45 r
  div_50/U4/Y (AND3X2M)                                   0.73       6.18 r
  div_50/U43/Y (CLKMX2X2M)                                0.69       6.87 f
  div_50/u_div/u_fa_PartRem_0_5_1/CO (ADDFX2M)            0.73       7.60 f
  div_50/u_div/u_fa_PartRem_0_5_2/CO (ADDFX2M)            0.50       8.10 f
  div_50/U11/Y (CLKAND2X2M)                               0.94       9.04 f
  div_50/U46/Y (CLKMX2X2M)                                0.76       9.80 r
  div_50/u_div/u_fa_PartRem_0_4_1/CO (ADDFX2M)            0.72      10.53 r
  div_50/u_div/u_fa_PartRem_0_4_2/CO (ADDFX2M)            0.47      10.99 r
  div_50/u_div/u_fa_PartRem_0_4_3/CO (ADDFX2M)            0.46      11.46 r
  div_50/U2/Y (AND3X4M)                                   0.67      12.13 r
  div_50/U49/Y (CLKMX2X2M)                                0.68      12.81 f
  div_50/u_div/u_fa_PartRem_0_3_1/CO (ADDFX2M)            0.73      13.54 f
  div_50/u_div/u_fa_PartRem_0_3_2/CO (ADDFX2M)            0.51      14.05 f
  div_50/u_div/u_fa_PartRem_0_3_3/CO (ADDFX2M)            0.51      14.55 f
  div_50/u_div/u_fa_PartRem_0_3_4/CO (ADDFX2M)            0.50      15.05 f
  div_50/U3/Y (CLKAND2X4M)                                0.77      15.83 f
  div_50/U52/Y (CLKMX2X2M)                                0.74      16.57 f
  div_50/u_div/u_fa_PartRem_0_2_1/CO (ADDFX2M)            0.73      17.30 f
  div_50/u_div/u_fa_PartRem_0_2_2/CO (ADDFX2M)            0.51      17.81 f
  div_50/u_div/u_fa_PartRem_0_2_3/CO (ADDFX2M)            0.51      18.31 f
  div_50/u_div/u_fa_PartRem_0_2_4/CO (ADDFX2M)            0.51      18.82 f
  div_50/u_div/u_fa_PartRem_0_2_5/CO (ADDFX4M)            0.85      19.67 f
  div_50/U54/Y (CLKMX2X2M)                                0.67      20.34 r
  div_50/u_div/u_fa_PartRem_0_1_1/CO (ADDFX2M)            0.72      21.06 r
  div_50/u_div/u_fa_PartRem_0_1_2/CO (ADDFX2M)            0.47      21.52 r
  div_50/u_div/u_fa_PartRem_0_1_3/CO (ADDFX2M)            0.47      21.99 r
  div_50/u_div/u_fa_PartRem_0_1_4/CO (ADDFX2M)            0.47      22.46 r
  div_50/u_div/u_fa_PartRem_0_1_5/CO (ADDFX2M)            0.46      22.92 r
  div_50/U16/Y (OR2X4M)                                   0.79      23.71 r
  div_50/U55/Y (CLKMX2X2M)                                0.52      24.24 f
  div_50/u_div/u_fa_PartRem_0_0_1/CO (ADDFX2M)            0.66      24.90 f
  div_50/u_div/u_fa_PartRem_0_0_2/CO (ADDFX2M)            0.51      25.40 f
  div_50/u_div/u_fa_PartRem_0_0_3/CO (ADDFX2M)            0.51      25.91 f
  div_50/u_div/u_fa_PartRem_0_0_4/CO (ADDFX2M)            0.51      26.42 f
  div_50/u_div/u_fa_PartRem_0_0_5/CO (ADDFX2M)            0.50      26.92 f
  div_50/U17/Y (OR2X2M)                                   0.32      27.23 f
  div_50/quotient[0] (SYS_TOP_DW_div_uns_0)               0.00      27.23 f
  U42/Y (AO22X4M)                                         0.54      27.77 f
  u_CLK_DIV_RX/i_div_ratio[0] (CLK_DIV_test_1)            0.00      27.77 f
  u_CLK_DIV_RX/U39/Y (OR2X2M)                             0.53      28.31 f
  u_CLK_DIV_RX/U25/Y (OR2X2M)                             0.53      28.84 f
  u_CLK_DIV_RX/U24/Y (OR2X2M)                             0.54      29.38 f
  u_CLK_DIV_RX/U9/Y (NOR2X4M)                             0.69      30.08 r
  u_CLK_DIV_RX/U47/Y (CLKNAND2X2M)                        1.09      31.17 f
  u_CLK_DIV_RX/U50/Y (NOR2X1M)                            0.86      32.02 r
  u_CLK_DIV_RX/U51/Y (CLKXOR2X2M)                         0.63      32.65 f
  u_CLK_DIV_RX/U100/Y (XNOR2X1M)                          0.59      33.24 r
  u_CLK_DIV_RX/U99/Y (NAND4X1M)                           0.90      34.15 f
  u_CLK_DIV_RX/U23/Y (OAI21X8M)                           1.17      35.32 r
  u_CLK_DIV_RX/U90/Y (NOR2BX1M)                           0.49      35.80 f
  u_CLK_DIV_RX/cnt_reg[1]/D (SDFFRQX2M)                   0.00      35.80 f
  data arrival time                                                 35.80

  clock SCAN_CLK (rise edge)                            100.00     100.00
  clock network delay (ideal)                             0.00     100.00
  clock uncertainty                                      -0.20      99.80
  u_CLK_DIV_RX/cnt_reg[1]/CK (SDFFRQX2M)                  0.00      99.80 r
  library setup time                                     -0.49      99.31
  data required time                                                99.31
  --------------------------------------------------------------------------
  data required time                                                99.31
  data arrival time                                                -35.80
  --------------------------------------------------------------------------
  slack (MET)                                                       63.50


  Startpoint: u_RegFile/mem_reg[2][2]
              (rising edge-triggered flip-flop clocked by SCAN_CLK)
  Endpoint: u_CLK_DIV_RX/cnt_reg[7]
            (rising edge-triggered flip-flop clocked by SCAN_CLK)
  Path Group: SCAN_CLK
  Path Type: max

  Des/Clust/Port     Wire Load Model       Library
  ------------------------------------------------
  SYS_TOP            tsmc13_wl30           scmetro_tsmc_cl013g_rvt_ss_1p08v_125c

  Point                                                   Incr       Path
  --------------------------------------------------------------------------
  clock SCAN_CLK (rise edge)                              0.00       0.00
  clock network delay (ideal)                             0.00       0.00
  u_RegFile/mem_reg[2][2]/CK (SDFFRQX1M)                  0.00       0.00 r
  u_RegFile/mem_reg[2][2]/Q (SDFFRQX1M)                   0.85       0.85 r
  u_RegFile/U161/Y (INVXLM)                               0.58       1.43 f
  u_RegFile/U162/Y (INVX6M)                               0.98       2.41 r
  u_RegFile/REG2[2] (RegisterFile_DATA_WIDTH8_DATA_DEPTH16_ADDR_WIDTH4_test_1)
                                                          0.00       2.41 r
  div_50/b[0] (SYS_TOP_DW_div_uns_0)                      0.00       2.41 r
  div_50/U1/Y (INVX8M)                                    0.69       3.10 f
  div_50/U20/Y (OR2X2M)                                   0.39       3.49 f
  div_50/U56/Y (AND4X1M)                                  0.59       4.08 f
  div_50/U40/Y (CLKMX2X2M)                                0.66       4.74 r
  div_50/u_div/u_fa_PartRem_0_6_1/CO (ADDFX2M)            0.71       5.45 r
  div_50/U4/Y (AND3X2M)                                   0.73       6.18 r
  div_50/U43/Y (CLKMX2X2M)                                0.69       6.87 f
  div_50/u_div/u_fa_PartRem_0_5_1/CO (ADDFX2M)            0.73       7.60 f
  div_50/u_div/u_fa_PartRem_0_5_2/CO (ADDFX2M)            0.50       8.10 f
  div_50/U11/Y (CLKAND2X2M)                               0.94       9.04 f
  div_50/U46/Y (CLKMX2X2M)                                0.76       9.80 r
  div_50/u_div/u_fa_PartRem_0_4_1/CO (ADDFX2M)            0.72      10.53 r
  div_50/u_div/u_fa_PartRem_0_4_2/CO (ADDFX2M)            0.47      10.99 r
  div_50/u_div/u_fa_PartRem_0_4_3/CO (ADDFX2M)            0.46      11.46 r
  div_50/U2/Y (AND3X4M)                                   0.67      12.13 r
  div_50/U49/Y (CLKMX2X2M)                                0.68      12.81 f
  div_50/u_div/u_fa_PartRem_0_3_1/CO (ADDFX2M)            0.73      13.54 f
  div_50/u_div/u_fa_PartRem_0_3_2/CO (ADDFX2M)            0.51      14.05 f
  div_50/u_div/u_fa_PartRem_0_3_3/CO (ADDFX2M)            0.51      14.55 f
  div_50/u_div/u_fa_PartRem_0_3_4/CO (ADDFX2M)            0.50      15.05 f
  div_50/U3/Y (CLKAND2X4M)                                0.77      15.83 f
  div_50/U52/Y (CLKMX2X2M)                                0.74      16.57 f
  div_50/u_div/u_fa_PartRem_0_2_1/CO (ADDFX2M)            0.73      17.30 f
  div_50/u_div/u_fa_PartRem_0_2_2/CO (ADDFX2M)            0.51      17.81 f
  div_50/u_div/u_fa_PartRem_0_2_3/CO (ADDFX2M)            0.51      18.31 f
  div_50/u_div/u_fa_PartRem_0_2_4/CO (ADDFX2M)            0.51      18.82 f
  div_50/u_div/u_fa_PartRem_0_2_5/CO (ADDFX4M)            0.85      19.67 f
  div_50/U54/Y (CLKMX2X2M)                                0.67      20.34 r
  div_50/u_div/u_fa_PartRem_0_1_1/CO (ADDFX2M)            0.72      21.06 r
  div_50/u_div/u_fa_PartRem_0_1_2/CO (ADDFX2M)            0.47      21.52 r
  div_50/u_div/u_fa_PartRem_0_1_3/CO (ADDFX2M)            0.47      21.99 r
  div_50/u_div/u_fa_PartRem_0_1_4/CO (ADDFX2M)            0.47      22.46 r
  div_50/u_div/u_fa_PartRem_0_1_5/CO (ADDFX2M)            0.46      22.92 r
  div_50/U16/Y (OR2X4M)                                   0.79      23.71 r
  div_50/U55/Y (CLKMX2X2M)                                0.52      24.24 f
  div_50/u_div/u_fa_PartRem_0_0_1/CO (ADDFX2M)            0.66      24.90 f
  div_50/u_div/u_fa_PartRem_0_0_2/CO (ADDFX2M)            0.51      25.40 f
  div_50/u_div/u_fa_PartRem_0_0_3/CO (ADDFX2M)            0.51      25.91 f
  div_50/u_div/u_fa_PartRem_0_0_4/CO (ADDFX2M)            0.51      26.42 f
  div_50/u_div/u_fa_PartRem_0_0_5/CO (ADDFX2M)            0.50      26.92 f
  div_50/U17/Y (OR2X2M)                                   0.32      27.23 f
  div_50/quotient[0] (SYS_TOP_DW_div_uns_0)               0.00      27.23 f
  U42/Y (AO22X4M)                                         0.54      27.77 f
  u_CLK_DIV_RX/i_div_ratio[0] (CLK_DIV_test_1)            0.00      27.77 f
  u_CLK_DIV_RX/U39/Y (OR2X2M)                             0.53      28.31 f
  u_CLK_DIV_RX/U25/Y (OR2X2M)                             0.53      28.84 f
  u_CLK_DIV_RX/U24/Y (OR2X2M)                             0.54      29.38 f
  u_CLK_DIV_RX/U9/Y (NOR2X4M)                             0.69      30.08 r
  u_CLK_DIV_RX/U47/Y (CLKNAND2X2M)                        1.09      31.17 f
  u_CLK_DIV_RX/U50/Y (NOR2X1M)                            0.86      32.02 r
  u_CLK_DIV_RX/U51/Y (CLKXOR2X2M)                         0.63      32.65 f
  u_CLK_DIV_RX/U100/Y (XNOR2X1M)                          0.59      33.24 r
  u_CLK_DIV_RX/U99/Y (NAND4X1M)                           0.90      34.15 f
  u_CLK_DIV_RX/U23/Y (OAI21X8M)                           1.17      35.32 r
  u_CLK_DIV_RX/U84/Y (NOR2BX1M)                           0.49      35.80 f
  u_CLK_DIV_RX/cnt_reg[7]/D (SDFFRQX2M)                   0.00      35.80 f
  data arrival time                                                 35.80

  clock SCAN_CLK (rise edge)                            100.00     100.00
  clock network delay (ideal)                             0.00     100.00
  clock uncertainty                                      -0.20      99.80
  u_CLK_DIV_RX/cnt_reg[7]/CK (SDFFRQX2M)                  0.00      99.80 r
  library setup time                                     -0.49      99.31
  data required time                                                99.31
  --------------------------------------------------------------------------
  data required time                                                99.31
  data arrival time                                                -35.80
  --------------------------------------------------------------------------
  slack (MET)                                                       63.50


  Startpoint: u_RegFile/mem_reg[2][2]
              (rising edge-triggered flip-flop clocked by SCAN_CLK)
  Endpoint: u_CLK_DIV_RX/cnt_reg[0]
            (rising edge-triggered flip-flop clocked by SCAN_CLK)
  Path Group: SCAN_CLK
  Path Type: max

  Des/Clust/Port     Wire Load Model       Library
  ------------------------------------------------
  SYS_TOP            tsmc13_wl30           scmetro_tsmc_cl013g_rvt_ss_1p08v_125c

  Point                                                   Incr       Path
  --------------------------------------------------------------------------
  clock SCAN_CLK (rise edge)                              0.00       0.00
  clock network delay (ideal)                             0.00       0.00
  u_RegFile/mem_reg[2][2]/CK (SDFFRQX1M)                  0.00       0.00 r
  u_RegFile/mem_reg[2][2]/Q (SDFFRQX1M)                   0.85       0.85 r
  u_RegFile/U161/Y (INVXLM)                               0.58       1.43 f
  u_RegFile/U162/Y (INVX6M)                               0.98       2.41 r
  u_RegFile/REG2[2] (RegisterFile_DATA_WIDTH8_DATA_DEPTH16_ADDR_WIDTH4_test_1)
                                                          0.00       2.41 r
  div_50/b[0] (SYS_TOP_DW_div_uns_0)                      0.00       2.41 r
  div_50/U1/Y (INVX8M)                                    0.69       3.10 f
  div_50/U20/Y (OR2X2M)                                   0.39       3.49 f
  div_50/U56/Y (AND4X1M)                                  0.59       4.08 f
  div_50/U40/Y (CLKMX2X2M)                                0.66       4.74 r
  div_50/u_div/u_fa_PartRem_0_6_1/CO (ADDFX2M)            0.71       5.45 r
  div_50/U4/Y (AND3X2M)                                   0.73       6.18 r
  div_50/U43/Y (CLKMX2X2M)                                0.69       6.87 f
  div_50/u_div/u_fa_PartRem_0_5_1/CO (ADDFX2M)            0.73       7.60 f
  div_50/u_div/u_fa_PartRem_0_5_2/CO (ADDFX2M)            0.50       8.10 f
  div_50/U11/Y (CLKAND2X2M)                               0.94       9.04 f
  div_50/U46/Y (CLKMX2X2M)                                0.76       9.80 r
  div_50/u_div/u_fa_PartRem_0_4_1/CO (ADDFX2M)            0.72      10.53 r
  div_50/u_div/u_fa_PartRem_0_4_2/CO (ADDFX2M)            0.47      10.99 r
  div_50/u_div/u_fa_PartRem_0_4_3/CO (ADDFX2M)            0.46      11.46 r
  div_50/U2/Y (AND3X4M)                                   0.67      12.13 r
  div_50/U49/Y (CLKMX2X2M)                                0.68      12.81 f
  div_50/u_div/u_fa_PartRem_0_3_1/CO (ADDFX2M)            0.73      13.54 f
  div_50/u_div/u_fa_PartRem_0_3_2/CO (ADDFX2M)            0.51      14.05 f
  div_50/u_div/u_fa_PartRem_0_3_3/CO (ADDFX2M)            0.51      14.55 f
  div_50/u_div/u_fa_PartRem_0_3_4/CO (ADDFX2M)            0.50      15.05 f
  div_50/U3/Y (CLKAND2X4M)                                0.77      15.83 f
  div_50/U52/Y (CLKMX2X2M)                                0.74      16.57 f
  div_50/u_div/u_fa_PartRem_0_2_1/CO (ADDFX2M)            0.73      17.30 f
  div_50/u_div/u_fa_PartRem_0_2_2/CO (ADDFX2M)            0.51      17.81 f
  div_50/u_div/u_fa_PartRem_0_2_3/CO (ADDFX2M)            0.51      18.31 f
  div_50/u_div/u_fa_PartRem_0_2_4/CO (ADDFX2M)            0.51      18.82 f
  div_50/u_div/u_fa_PartRem_0_2_5/CO (ADDFX4M)            0.85      19.67 f
  div_50/U54/Y (CLKMX2X2M)                                0.67      20.34 r
  div_50/u_div/u_fa_PartRem_0_1_1/CO (ADDFX2M)            0.72      21.06 r
  div_50/u_div/u_fa_PartRem_0_1_2/CO (ADDFX2M)            0.47      21.52 r
  div_50/u_div/u_fa_PartRem_0_1_3/CO (ADDFX2M)            0.47      21.99 r
  div_50/u_div/u_fa_PartRem_0_1_4/CO (ADDFX2M)            0.47      22.46 r
  div_50/u_div/u_fa_PartRem_0_1_5/CO (ADDFX2M)            0.46      22.92 r
  div_50/U16/Y (OR2X4M)                                   0.79      23.71 r
  div_50/U55/Y (CLKMX2X2M)                                0.52      24.24 f
  div_50/u_div/u_fa_PartRem_0_0_1/CO (ADDFX2M)            0.66      24.90 f
  div_50/u_div/u_fa_PartRem_0_0_2/CO (ADDFX2M)            0.51      25.40 f
  div_50/u_div/u_fa_PartRem_0_0_3/CO (ADDFX2M)            0.51      25.91 f
  div_50/u_div/u_fa_PartRem_0_0_4/CO (ADDFX2M)            0.51      26.42 f
  div_50/u_div/u_fa_PartRem_0_0_5/CO (ADDFX2M)            0.50      26.92 f
  div_50/U17/Y (OR2X2M)                                   0.32      27.23 f
  div_50/quotient[0] (SYS_TOP_DW_div_uns_0)               0.00      27.23 f
  U42/Y (AO22X4M)                                         0.54      27.77 f
  u_CLK_DIV_RX/i_div_ratio[0] (CLK_DIV_test_1)            0.00      27.77 f
  u_CLK_DIV_RX/U39/Y (OR2X2M)                             0.53      28.31 f
  u_CLK_DIV_RX/U25/Y (OR2X2M)                             0.53      28.84 f
  u_CLK_DIV_RX/U24/Y (OR2X2M)                             0.54      29.38 f
  u_CLK_DIV_RX/U9/Y (NOR2X4M)                             0.69      30.08 r
  u_CLK_DIV_RX/U47/Y (CLKNAND2X2M)                        1.09      31.17 f
  u_CLK_DIV_RX/U50/Y (NOR2X1M)                            0.86      32.02 r
  u_CLK_DIV_RX/U51/Y (CLKXOR2X2M)                         0.63      32.65 f
  u_CLK_DIV_RX/U100/Y (XNOR2X1M)                          0.59      33.24 r
  u_CLK_DIV_RX/U99/Y (NAND4X1M)                           0.90      34.15 f
  u_CLK_DIV_RX/U23/Y (OAI21X8M)                           1.17      35.32 r
  u_CLK_DIV_RX/U91/Y (NOR2BX1M)                           0.49      35.80 f
  u_CLK_DIV_RX/cnt_reg[0]/D (SDFFRQX2M)                   0.00      35.80 f
  data arrival time                                                 35.80

  clock SCAN_CLK (rise edge)                            100.00     100.00
  clock network delay (ideal)                             0.00     100.00
  clock uncertainty                                      -0.20      99.80
  u_CLK_DIV_RX/cnt_reg[0]/CK (SDFFRQX2M)                  0.00      99.80 r
  library setup time                                     -0.49      99.31
  data required time                                                99.31
  --------------------------------------------------------------------------
  data required time                                                99.31
  data arrival time                                                -35.80
  --------------------------------------------------------------------------
  slack (MET)                                                       63.50


  Startpoint: SE (input port clocked by SCAN_CLK)
  Endpoint: u_RegFile/mem_reg[9][1]
            (rising edge-triggered flip-flop clocked by SCAN_CLK)
  Path Group: SCAN_CLK
  Path Type: max

  Des/Clust/Port     Wire Load Model       Library
  ------------------------------------------------
  SYS_TOP            tsmc13_wl30           scmetro_tsmc_cl013g_rvt_ss_1p08v_125c

  Point                                                   Incr       Path
  --------------------------------------------------------------------------
  clock SCAN_CLK (rise edge)                              0.00       0.00
  clock network delay (ideal)                             0.00       0.00
  input external delay                                   20.00      20.00 r
  SE (in)                                                 0.66      20.66 r
  U137/Y (INVXLM)                                         0.57      21.24 f
  U103/Y (INVXLM)                                         0.61      21.85 r
  U78/Y (DLY1X1M)                                         0.88      22.73 r
  U104/Y (INVXLM)                                         0.55      23.27 f
  U79/Y (DLY1X1M)                                         0.83      24.10 f
  U138/Y (INVXLM)                                         0.62      24.72 r
  U122/Y (INVXLM)                                         0.48      25.20 f
  U84/Y (DLY1X1M)                                         0.81      26.01 f
  U123/Y (INVXLM)                                         0.62      26.64 r
  U113/Y (DLY1X1M)                                        0.89      27.52 r
  U136/Y (DLY1X1M)                                        0.88      28.40 r
  U135/Y (DLY1X1M)                                        0.88      29.28 r
  u_RegFile/test_se (RegisterFile_DATA_WIDTH8_DATA_DEPTH16_ADDR_WIDTH4_test_1)
                                                          0.00      29.28 r
  u_RegFile/U563/Y (DLY1X1M)                              0.88      30.15 r
  u_RegFile/U630/Y (DLY1X1M)                              0.88      31.03 r
  u_RegFile/U627/Y (DLY1X1M)                              0.88      31.91 r
  u_RegFile/U638/Y (DLY1X1M)                              0.89      32.79 r
  u_RegFile/U675/Y (DLY1X1M)                              0.88      33.67 r
  u_RegFile/U676/Y (DLY1X1M)                              0.89      34.55 r
  u_RegFile/U620/Y (DLY1X1M)                              0.90      35.45 r
  u_RegFile/mem_reg[9][1]/SE (SDFFRQX2M)                  0.00      35.45 r
  data arrival time                                                 35.45

  clock SCAN_CLK (rise edge)                            100.00     100.00
  clock network delay (ideal)                             0.00     100.00
  clock uncertainty                                      -0.20      99.80
  u_RegFile/mem_reg[9][1]/CK (SDFFRQX2M)                  0.00      99.80 r
  library setup time                                     -0.61      99.19
  data required time                                                99.19
  --------------------------------------------------------------------------
  data required time                                                99.19
  data arrival time                                                -35.45
  --------------------------------------------------------------------------
  slack (MET)                                                       63.74


  Startpoint: SE (input port clocked by SCAN_CLK)
  Endpoint: u_RegFile/mem_reg[9][0]
            (rising edge-triggered flip-flop clocked by SCAN_CLK)
  Path Group: SCAN_CLK
  Path Type: max

  Des/Clust/Port     Wire Load Model       Library
  ------------------------------------------------
  SYS_TOP            tsmc13_wl30           scmetro_tsmc_cl013g_rvt_ss_1p08v_125c

  Point                                                   Incr       Path
  --------------------------------------------------------------------------
  clock SCAN_CLK (rise edge)                              0.00       0.00
  clock network delay (ideal)                             0.00       0.00
  input external delay                                   20.00      20.00 r
  SE (in)                                                 0.66      20.66 r
  U137/Y (INVXLM)                                         0.57      21.24 f
  U103/Y (INVXLM)                                         0.61      21.85 r
  U78/Y (DLY1X1M)                                         0.88      22.73 r
  U104/Y (INVXLM)                                         0.55      23.27 f
  U79/Y (DLY1X1M)                                         0.83      24.10 f
  U138/Y (INVXLM)                                         0.62      24.72 r
  U122/Y (INVXLM)                                         0.48      25.20 f
  U84/Y (DLY1X1M)                                         0.81      26.01 f
  U123/Y (INVXLM)                                         0.62      26.64 r
  U113/Y (DLY1X1M)                                        0.89      27.52 r
  U136/Y (DLY1X1M)                                        0.88      28.40 r
  U135/Y (DLY1X1M)                                        0.88      29.28 r
  u_RegFile/test_se (RegisterFile_DATA_WIDTH8_DATA_DEPTH16_ADDR_WIDTH4_test_1)
                                                          0.00      29.28 r
  u_RegFile/U563/Y (DLY1X1M)                              0.88      30.15 r
  u_RegFile/U630/Y (DLY1X1M)                              0.88      31.03 r
  u_RegFile/U627/Y (DLY1X1M)                              0.88      31.91 r
  u_RegFile/U638/Y (DLY1X1M)                              0.89      32.79 r
  u_RegFile/U675/Y (DLY1X1M)                              0.88      33.67 r
  u_RegFile/U676/Y (DLY1X1M)                              0.89      34.55 r
  u_RegFile/U620/Y (DLY1X1M)                              0.90      35.45 r
  u_RegFile/mem_reg[9][0]/SE (SDFFRQX2M)                  0.00      35.45 r
  data arrival time                                                 35.45

  clock SCAN_CLK (rise edge)                            100.00     100.00
  clock network delay (ideal)                             0.00     100.00
  clock uncertainty                                      -0.20      99.80
  u_RegFile/mem_reg[9][0]/CK (SDFFRQX2M)                  0.00      99.80 r
  library setup time                                     -0.61      99.19
  data required time                                                99.19
  --------------------------------------------------------------------------
  data required time                                                99.19
  data arrival time                                                -35.45
  --------------------------------------------------------------------------
  slack (MET)                                                       63.74


  Startpoint: SE (input port clocked by SCAN_CLK)
  Endpoint: u_RegFile/mem_reg[11][4]
            (rising edge-triggered flip-flop clocked by SCAN_CLK)
  Path Group: SCAN_CLK
  Path Type: max

  Des/Clust/Port     Wire Load Model       Library
  ------------------------------------------------
  SYS_TOP            tsmc13_wl30           scmetro_tsmc_cl013g_rvt_ss_1p08v_125c

  Point                                                   Incr       Path
  --------------------------------------------------------------------------
  clock SCAN_CLK (rise edge)                              0.00       0.00
  clock network delay (ideal)                             0.00       0.00
  input external delay                                   20.00      20.00 r
  SE (in)                                                 0.66      20.66 r
  U137/Y (INVXLM)                                         0.57      21.24 f
  U103/Y (INVXLM)                                         0.61      21.85 r
  U78/Y (DLY1X1M)                                         0.88      22.73 r
  U104/Y (INVXLM)                                         0.55      23.27 f
  U79/Y (DLY1X1M)                                         0.83      24.10 f
  U138/Y (INVXLM)                                         0.62      24.72 r
  U122/Y (INVXLM)                                         0.48      25.20 f
  U84/Y (DLY1X1M)                                         0.81      26.01 f
  U123/Y (INVXLM)                                         0.62      26.64 r
  U113/Y (DLY1X1M)                                        0.89      27.52 r
  U136/Y (DLY1X1M)                                        0.88      28.40 r
  U135/Y (DLY1X1M)                                        0.88      29.28 r
  u_RegFile/test_se (RegisterFile_DATA_WIDTH8_DATA_DEPTH16_ADDR_WIDTH4_test_1)
                                                          0.00      29.28 r
  u_RegFile/U563/Y (DLY1X1M)                              0.88      30.15 r
  u_RegFile/U566/Y (DLY1X1M)                              0.88      31.03 r
  u_RegFile/U628/Y (DLY1X1M)                              0.88      31.91 r
  u_RegFile/U650/Y (DLY1X1M)                              0.89      32.79 r
  u_RegFile/U673/Y (DLY1X1M)                              0.88      33.67 r
  u_RegFile/U674/Y (DLY1X1M)                              0.89      34.55 r
  u_RegFile/U619/Y (DLY1X1M)                              0.90      35.45 r
  u_RegFile/mem_reg[11][4]/SE (SDFFRQX2M)                 0.00      35.45 r
  data arrival time                                                 35.45

  clock SCAN_CLK (rise edge)                            100.00     100.00
  clock network delay (ideal)                             0.00     100.00
  clock uncertainty                                      -0.20      99.80
  u_RegFile/mem_reg[11][4]/CK (SDFFRQX2M)                 0.00      99.80 r
  library setup time                                     -0.61      99.19
  data required time                                                99.19
  --------------------------------------------------------------------------
  data required time                                                99.19
  data arrival time                                                -35.45
  --------------------------------------------------------------------------
  slack (MET)                                                       63.74


  Startpoint: SE (input port clocked by SCAN_CLK)
  Endpoint: u_RegFile/mem_reg[11][3]
            (rising edge-triggered flip-flop clocked by SCAN_CLK)
  Path Group: SCAN_CLK
  Path Type: max

  Des/Clust/Port     Wire Load Model       Library
  ------------------------------------------------
  SYS_TOP            tsmc13_wl30           scmetro_tsmc_cl013g_rvt_ss_1p08v_125c

  Point                                                   Incr       Path
  --------------------------------------------------------------------------
  clock SCAN_CLK (rise edge)                              0.00       0.00
  clock network delay (ideal)                             0.00       0.00
  input external delay                                   20.00      20.00 r
  SE (in)                                                 0.66      20.66 r
  U137/Y (INVXLM)                                         0.57      21.24 f
  U103/Y (INVXLM)                                         0.61      21.85 r
  U78/Y (DLY1X1M)                                         0.88      22.73 r
  U104/Y (INVXLM)                                         0.55      23.27 f
  U79/Y (DLY1X1M)                                         0.83      24.10 f
  U138/Y (INVXLM)                                         0.62      24.72 r
  U122/Y (INVXLM)                                         0.48      25.20 f
  U84/Y (DLY1X1M)                                         0.81      26.01 f
  U123/Y (INVXLM)                                         0.62      26.64 r
  U113/Y (DLY1X1M)                                        0.89      27.52 r
  U136/Y (DLY1X1M)                                        0.88      28.40 r
  U135/Y (DLY1X1M)                                        0.88      29.28 r
  u_RegFile/test_se (RegisterFile_DATA_WIDTH8_DATA_DEPTH16_ADDR_WIDTH4_test_1)
                                                          0.00      29.28 r
  u_RegFile/U563/Y (DLY1X1M)                              0.88      30.15 r
  u_RegFile/U566/Y (DLY1X1M)                              0.88      31.03 r
  u_RegFile/U628/Y (DLY1X1M)                              0.88      31.91 r
  u_RegFile/U650/Y (DLY1X1M)                              0.89      32.79 r
  u_RegFile/U673/Y (DLY1X1M)                              0.88      33.67 r
  u_RegFile/U674/Y (DLY1X1M)                              0.89      34.55 r
  u_RegFile/U619/Y (DLY1X1M)                              0.90      35.45 r
  u_RegFile/mem_reg[11][3]/SE (SDFFRQX2M)                 0.00      35.45 r
  data arrival time                                                 35.45

  clock SCAN_CLK (rise edge)                            100.00     100.00
  clock network delay (ideal)                             0.00     100.00
  clock uncertainty                                      -0.20      99.80
  u_RegFile/mem_reg[11][3]/CK (SDFFRQX2M)                 0.00      99.80 r
  library setup time                                     -0.61      99.19
  data required time                                                99.19
  --------------------------------------------------------------------------
  data required time                                                99.19
  data arrival time                                                -35.45
  --------------------------------------------------------------------------
  slack (MET)                                                       63.74


  Startpoint: SE (input port clocked by SCAN_CLK)
  Endpoint: u_RegFile/mem_reg[8][6]
            (rising edge-triggered flip-flop clocked by SCAN_CLK)
  Path Group: SCAN_CLK
  Path Type: max

  Des/Clust/Port     Wire Load Model       Library
  ------------------------------------------------
  SYS_TOP            tsmc13_wl30           scmetro_tsmc_cl013g_rvt_ss_1p08v_125c

  Point                                                   Incr       Path
  --------------------------------------------------------------------------
  clock SCAN_CLK (rise edge)                              0.00       0.00
  clock network delay (ideal)                             0.00       0.00
  input external delay                                   20.00      20.00 r
  SE (in)                                                 0.66      20.66 r
  U137/Y (INVXLM)                                         0.57      21.24 f
  U103/Y (INVXLM)                                         0.61      21.85 r
  U78/Y (DLY1X1M)                                         0.88      22.73 r
  U104/Y (INVXLM)                                         0.55      23.27 f
  U79/Y (DLY1X1M)                                         0.83      24.10 f
  U138/Y (INVXLM)                                         0.62      24.72 r
  U122/Y (INVXLM)                                         0.48      25.20 f
  U84/Y (DLY1X1M)                                         0.81      26.01 f
  U123/Y (INVXLM)                                         0.62      26.64 r
  U113/Y (DLY1X1M)                                        0.89      27.52 r
  U136/Y (DLY1X1M)                                        0.88      28.40 r
  U135/Y (DLY1X1M)                                        0.88      29.28 r
  u_RegFile/test_se (RegisterFile_DATA_WIDTH8_DATA_DEPTH16_ADDR_WIDTH4_test_1)
                                                          0.00      29.28 r
  u_RegFile/U629/Y (DLY1X1M)                              0.88      30.15 r
  u_RegFile/U652/Y (DLY1X1M)                              0.88      31.03 r
  u_RegFile/U567/Y (DLY1X1M)                              0.88      31.91 r
  u_RegFile/U644/Y (DLY1X1M)                              0.88      32.78 r
  u_RegFile/U575/Y (DLY1X1M)                              0.89      33.67 r
  u_RegFile/U659/Y (DLY1X1M)                              0.89      34.55 r
  u_RegFile/U611/Y (DLY1X1M)                              0.90      35.45 r
  u_RegFile/mem_reg[8][6]/SE (SDFFRQX2M)                  0.00      35.45 r
  data arrival time                                                 35.45

  clock SCAN_CLK (rise edge)                            100.00     100.00
  clock network delay (ideal)                             0.00     100.00
  clock uncertainty                                      -0.20      99.80
  u_RegFile/mem_reg[8][6]/CK (SDFFRQX2M)                  0.00      99.80 r
  library setup time                                     -0.61      99.19
  data required time                                                99.19
  --------------------------------------------------------------------------
  data required time                                                99.19
  data arrival time                                                -35.45
  --------------------------------------------------------------------------
  slack (MET)                                                       63.74


  Startpoint: SE (input port clocked by SCAN_CLK)
  Endpoint: u_RegFile/mem_reg[8][5]
            (rising edge-triggered flip-flop clocked by SCAN_CLK)
  Path Group: SCAN_CLK
  Path Type: max

  Des/Clust/Port     Wire Load Model       Library
  ------------------------------------------------
  SYS_TOP            tsmc13_wl30           scmetro_tsmc_cl013g_rvt_ss_1p08v_125c

  Point                                                   Incr       Path
  --------------------------------------------------------------------------
  clock SCAN_CLK (rise edge)                              0.00       0.00
  clock network delay (ideal)                             0.00       0.00
  input external delay                                   20.00      20.00 r
  SE (in)                                                 0.66      20.66 r
  U137/Y (INVXLM)                                         0.57      21.24 f
  U103/Y (INVXLM)                                         0.61      21.85 r
  U78/Y (DLY1X1M)                                         0.88      22.73 r
  U104/Y (INVXLM)                                         0.55      23.27 f
  U79/Y (DLY1X1M)                                         0.83      24.10 f
  U138/Y (INVXLM)                                         0.62      24.72 r
  U122/Y (INVXLM)                                         0.48      25.20 f
  U84/Y (DLY1X1M)                                         0.81      26.01 f
  U123/Y (INVXLM)                                         0.62      26.64 r
  U113/Y (DLY1X1M)                                        0.89      27.52 r
  U136/Y (DLY1X1M)                                        0.88      28.40 r
  U135/Y (DLY1X1M)                                        0.88      29.28 r
  u_RegFile/test_se (RegisterFile_DATA_WIDTH8_DATA_DEPTH16_ADDR_WIDTH4_test_1)
                                                          0.00      29.28 r
  u_RegFile/U629/Y (DLY1X1M)                              0.88      30.15 r
  u_RegFile/U652/Y (DLY1X1M)                              0.88      31.03 r
  u_RegFile/U567/Y (DLY1X1M)                              0.88      31.91 r
  u_RegFile/U644/Y (DLY1X1M)                              0.88      32.78 r
  u_RegFile/U575/Y (DLY1X1M)                              0.89      33.67 r
  u_RegFile/U659/Y (DLY1X1M)                              0.89      34.55 r
  u_RegFile/U611/Y (DLY1X1M)                              0.90      35.45 r
  u_RegFile/mem_reg[8][5]/SE (SDFFRQX2M)                  0.00      35.45 r
  data arrival time                                                 35.45

  clock SCAN_CLK (rise edge)                            100.00     100.00
  clock network delay (ideal)                             0.00     100.00
  clock uncertainty                                      -0.20      99.80
  u_RegFile/mem_reg[8][5]/CK (SDFFRQX2M)                  0.00      99.80 r
  library setup time                                     -0.61      99.19
  data required time                                                99.19
  --------------------------------------------------------------------------
  data required time                                                99.19
  data arrival time                                                -35.45
  --------------------------------------------------------------------------
  slack (MET)                                                       63.74


  Startpoint: SE (input port clocked by SCAN_CLK)
  Endpoint: u_RegFile/mem_reg[8][3]
            (rising edge-triggered flip-flop clocked by SCAN_CLK)
  Path Group: SCAN_CLK
  Path Type: max

  Des/Clust/Port     Wire Load Model       Library
  ------------------------------------------------
  SYS_TOP            tsmc13_wl30           scmetro_tsmc_cl013g_rvt_ss_1p08v_125c

  Point                                                   Incr       Path
  --------------------------------------------------------------------------
  clock SCAN_CLK (rise edge)                              0.00       0.00
  clock network delay (ideal)                             0.00       0.00
  input external delay                                   20.00      20.00 r
  SE (in)                                                 0.66      20.66 r
  U137/Y (INVXLM)                                         0.57      21.24 f
  U103/Y (INVXLM)                                         0.61      21.85 r
  U78/Y (DLY1X1M)                                         0.88      22.73 r
  U104/Y (INVXLM)                                         0.55      23.27 f
  U79/Y (DLY1X1M)                                         0.83      24.10 f
  U138/Y (INVXLM)                                         0.62      24.72 r
  U122/Y (INVXLM)                                         0.48      25.20 f
  U84/Y (DLY1X1M)                                         0.81      26.01 f
  U123/Y (INVXLM)                                         0.62      26.64 r
  U113/Y (DLY1X1M)                                        0.89      27.52 r
  U136/Y (DLY1X1M)                                        0.88      28.40 r
  U135/Y (DLY1X1M)                                        0.88      29.28 r
  u_RegFile/test_se (RegisterFile_DATA_WIDTH8_DATA_DEPTH16_ADDR_WIDTH4_test_1)
                                                          0.00      29.28 r
  u_RegFile/U563/Y (DLY1X1M)                              0.88      30.15 r
  u_RegFile/U566/Y (DLY1X1M)                              0.88      31.03 r
  u_RegFile/U654/Y (DLY1X1M)                              0.88      31.91 r
  u_RegFile/U640/Y (DLY1X1M)                              0.88      32.78 r
  u_RegFile/U574/Y (DLY1X1M)                              0.89      33.67 r
  u_RegFile/U658/Y (DLY1X1M)                              0.89      34.55 r
  u_RegFile/U610/Y (DLY1X1M)                              0.90      35.45 r
  u_RegFile/mem_reg[8][3]/SE (SDFFRQX2M)                  0.00      35.45 r
  data arrival time                                                 35.45

  clock SCAN_CLK (rise edge)                            100.00     100.00
  clock network delay (ideal)                             0.00     100.00
  clock uncertainty                                      -0.20      99.80
  u_RegFile/mem_reg[8][3]/CK (SDFFRQX2M)                  0.00      99.80 r
  library setup time                                     -0.61      99.19
  data required time                                                99.19
  --------------------------------------------------------------------------
  data required time                                                99.19
  data arrival time                                                -35.45
  --------------------------------------------------------------------------
  slack (MET)                                                       63.74


  Startpoint: SE (input port clocked by SCAN_CLK)
  Endpoint: u_RegFile/mem_reg[8][2]
            (rising edge-triggered flip-flop clocked by SCAN_CLK)
  Path Group: SCAN_CLK
  Path Type: max

  Des/Clust/Port     Wire Load Model       Library
  ------------------------------------------------
  SYS_TOP            tsmc13_wl30           scmetro_tsmc_cl013g_rvt_ss_1p08v_125c

  Point                                                   Incr       Path
  --------------------------------------------------------------------------
  clock SCAN_CLK (rise edge)                              0.00       0.00
  clock network delay (ideal)                             0.00       0.00
  input external delay                                   20.00      20.00 r
  SE (in)                                                 0.66      20.66 r
  U137/Y (INVXLM)                                         0.57      21.24 f
  U103/Y (INVXLM)                                         0.61      21.85 r
  U78/Y (DLY1X1M)                                         0.88      22.73 r
  U104/Y (INVXLM)                                         0.55      23.27 f
  U79/Y (DLY1X1M)                                         0.83      24.10 f
  U138/Y (INVXLM)                                         0.62      24.72 r
  U122/Y (INVXLM)                                         0.48      25.20 f
  U84/Y (DLY1X1M)                                         0.81      26.01 f
  U123/Y (INVXLM)                                         0.62      26.64 r
  U113/Y (DLY1X1M)                                        0.89      27.52 r
  U136/Y (DLY1X1M)                                        0.88      28.40 r
  U135/Y (DLY1X1M)                                        0.88      29.28 r
  u_RegFile/test_se (RegisterFile_DATA_WIDTH8_DATA_DEPTH16_ADDR_WIDTH4_test_1)
                                                          0.00      29.28 r
  u_RegFile/U563/Y (DLY1X1M)                              0.88      30.15 r
  u_RegFile/U566/Y (DLY1X1M)                              0.88      31.03 r
  u_RegFile/U654/Y (DLY1X1M)                              0.88      31.91 r
  u_RegFile/U640/Y (DLY1X1M)                              0.88      32.78 r
  u_RegFile/U574/Y (DLY1X1M)                              0.89      33.67 r
  u_RegFile/U658/Y (DLY1X1M)                              0.89      34.55 r
  u_RegFile/U610/Y (DLY1X1M)                              0.90      35.45 r
  u_RegFile/mem_reg[8][2]/SE (SDFFRQX2M)                  0.00      35.45 r
  data arrival time                                                 35.45

  clock SCAN_CLK (rise edge)                            100.00     100.00
  clock network delay (ideal)                             0.00     100.00
  clock uncertainty                                      -0.20      99.80
  u_RegFile/mem_reg[8][2]/CK (SDFFRQX2M)                  0.00      99.80 r
  library setup time                                     -0.61      99.19
  data required time                                                99.19
  --------------------------------------------------------------------------
  data required time                                                99.19
  data arrival time                                                -35.45
  --------------------------------------------------------------------------
  slack (MET)                                                       63.74


  Startpoint: SE (input port clocked by SCAN_CLK)
  Endpoint: u_RegFile/mem_reg[8][0]
            (rising edge-triggered flip-flop clocked by SCAN_CLK)
  Path Group: SCAN_CLK
  Path Type: max

  Des/Clust/Port     Wire Load Model       Library
  ------------------------------------------------
  SYS_TOP            tsmc13_wl30           scmetro_tsmc_cl013g_rvt_ss_1p08v_125c

  Point                                                   Incr       Path
  --------------------------------------------------------------------------
  clock SCAN_CLK (rise edge)                              0.00       0.00
  clock network delay (ideal)                             0.00       0.00
  input external delay                                   20.00      20.00 r
  SE (in)                                                 0.66      20.66 r
  U137/Y (INVXLM)                                         0.57      21.24 f
  U103/Y (INVXLM)                                         0.61      21.85 r
  U78/Y (DLY1X1M)                                         0.88      22.73 r
  U104/Y (INVXLM)                                         0.55      23.27 f
  U79/Y (DLY1X1M)                                         0.83      24.10 f
  U138/Y (INVXLM)                                         0.62      24.72 r
  U122/Y (INVXLM)                                         0.48      25.20 f
  U84/Y (DLY1X1M)                                         0.81      26.01 f
  U123/Y (INVXLM)                                         0.62      26.64 r
  U113/Y (DLY1X1M)                                        0.89      27.52 r
  U136/Y (DLY1X1M)                                        0.88      28.40 r
  U135/Y (DLY1X1M)                                        0.88      29.28 r
  u_RegFile/test_se (RegisterFile_DATA_WIDTH8_DATA_DEPTH16_ADDR_WIDTH4_test_1)
                                                          0.00      29.28 r
  u_RegFile/U563/Y (DLY1X1M)                              0.88      30.15 r
  u_RegFile/U630/Y (DLY1X1M)                              0.88      31.03 r
  u_RegFile/U653/Y (DLY1X1M)                              0.88      31.91 r
  u_RegFile/U636/Y (DLY1X1M)                              0.88      32.78 r
  u_RegFile/U573/Y (DLY1X1M)                              0.89      33.67 r
  u_RegFile/U657/Y (DLY1X1M)                              0.89      34.55 r
  u_RegFile/U609/Y (DLY1X1M)                              0.90      35.45 r
  u_RegFile/mem_reg[8][0]/SE (SDFFRQX2M)                  0.00      35.45 r
  data arrival time                                                 35.45

  clock SCAN_CLK (rise edge)                            100.00     100.00
  clock network delay (ideal)                             0.00     100.00
  clock uncertainty                                      -0.20      99.80
  u_RegFile/mem_reg[8][0]/CK (SDFFRQX2M)                  0.00      99.80 r
  library setup time                                     -0.61      99.19
  data required time                                                99.19
  --------------------------------------------------------------------------
  data required time                                                99.19
  data arrival time                                                -35.45
  --------------------------------------------------------------------------
  slack (MET)                                                       63.74


  Startpoint: SE (input port clocked by SCAN_CLK)
  Endpoint: u_RegFile/mem_reg[10][7]
            (rising edge-triggered flip-flop clocked by SCAN_CLK)
  Path Group: SCAN_CLK
  Path Type: max

  Des/Clust/Port     Wire Load Model       Library
  ------------------------------------------------
  SYS_TOP            tsmc13_wl30           scmetro_tsmc_cl013g_rvt_ss_1p08v_125c

  Point                                                   Incr       Path
  --------------------------------------------------------------------------
  clock SCAN_CLK (rise edge)                              0.00       0.00
  clock network delay (ideal)                             0.00       0.00
  input external delay                                   20.00      20.00 r
  SE (in)                                                 0.66      20.66 r
  U137/Y (INVXLM)                                         0.57      21.24 f
  U103/Y (INVXLM)                                         0.61      21.85 r
  U78/Y (DLY1X1M)                                         0.88      22.73 r
  U104/Y (INVXLM)                                         0.55      23.27 f
  U79/Y (DLY1X1M)                                         0.83      24.10 f
  U138/Y (INVXLM)                                         0.62      24.72 r
  U122/Y (INVXLM)                                         0.48      25.20 f
  U84/Y (DLY1X1M)                                         0.81      26.01 f
  U123/Y (INVXLM)                                         0.62      26.64 r
  U113/Y (DLY1X1M)                                        0.89      27.52 r
  U136/Y (DLY1X1M)                                        0.88      28.40 r
  U135/Y (DLY1X1M)                                        0.88      29.28 r
  u_RegFile/test_se (RegisterFile_DATA_WIDTH8_DATA_DEPTH16_ADDR_WIDTH4_test_1)
                                                          0.00      29.28 r
  u_RegFile/U563/Y (DLY1X1M)                              0.88      30.15 r
  u_RegFile/U630/Y (DLY1X1M)                              0.88      31.03 r
  u_RegFile/U653/Y (DLY1X1M)                              0.88      31.91 r
  u_RegFile/U636/Y (DLY1X1M)                              0.88      32.78 r
  u_RegFile/U573/Y (DLY1X1M)                              0.89      33.67 r
  u_RegFile/U657/Y (DLY1X1M)                              0.89      34.55 r
  u_RegFile/U609/Y (DLY1X1M)                              0.90      35.45 r
  u_RegFile/mem_reg[10][7]/SE (SDFFRQX2M)                 0.00      35.45 r
  data arrival time                                                 35.45

  clock SCAN_CLK (rise edge)                            100.00     100.00
  clock network delay (ideal)                             0.00     100.00
  clock uncertainty                                      -0.20      99.80
  u_RegFile/mem_reg[10][7]/CK (SDFFRQX2M)                 0.00      99.80 r
  library setup time                                     -0.61      99.19
  data required time                                                99.19
  --------------------------------------------------------------------------
  data required time                                                99.19
  data arrival time                                                -35.45
  --------------------------------------------------------------------------
  slack (MET)                                                       63.74


  Startpoint: SE (input port clocked by SCAN_CLK)
  Endpoint: u_RegFile/RdData_reg[6]
            (rising edge-triggered flip-flop clocked by SCAN_CLK)
  Path Group: SCAN_CLK
  Path Type: max

  Des/Clust/Port     Wire Load Model       Library
  ------------------------------------------------
  SYS_TOP            tsmc13_wl30           scmetro_tsmc_cl013g_rvt_ss_1p08v_125c

  Point                                                   Incr       Path
  --------------------------------------------------------------------------
  clock SCAN_CLK (rise edge)                              0.00       0.00
  clock network delay (ideal)                             0.00       0.00
  input external delay                                   20.00      20.00 r
  SE (in)                                                 0.66      20.66 r
  U137/Y (INVXLM)                                         0.57      21.24 f
  U103/Y (INVXLM)                                         0.61      21.85 r
  U78/Y (DLY1X1M)                                         0.88      22.73 r
  U104/Y (INVXLM)                                         0.55      23.27 f
  U79/Y (DLY1X1M)                                         0.83      24.10 f
  U138/Y (INVXLM)                                         0.62      24.72 r
  U122/Y (INVXLM)                                         0.48      25.20 f
  U84/Y (DLY1X1M)                                         0.81      26.01 f
  U123/Y (INVXLM)                                         0.62      26.64 r
  U113/Y (DLY1X1M)                                        0.89      27.52 r
  U136/Y (DLY1X1M)                                        0.88      28.40 r
  U135/Y (DLY1X1M)                                        0.88      29.28 r
  u_RegFile/test_se (RegisterFile_DATA_WIDTH8_DATA_DEPTH16_ADDR_WIDTH4_test_1)
                                                          0.00      29.28 r
  u_RegFile/U629/Y (DLY1X1M)                              0.88      30.15 r
  u_RegFile/U655/Y (DLY1X1M)                              0.88      31.03 r
  u_RegFile/U570/Y (DLY1X1M)                              0.88      31.91 r
  u_RegFile/U647/Y (DLY1X1M)                              0.88      32.78 r
  u_RegFile/U687/Y (DLY1X1M)                              0.88      33.66 r
  u_RegFile/U688/Y (DLY1X1M)                              0.89      34.54 r
  u_RegFile/U626/Y (DLY1X1M)                              0.90      35.44 r
  u_RegFile/RdData_reg[6]/SE (SDFFRQX2M)                  0.00      35.44 r
  data arrival time                                                 35.44

  clock SCAN_CLK (rise edge)                            100.00     100.00
  clock network delay (ideal)                             0.00     100.00
  clock uncertainty                                      -0.20      99.80
  u_RegFile/RdData_reg[6]/CK (SDFFRQX2M)                  0.00      99.80 r
  library setup time                                     -0.61      99.19
  data required time                                                99.19
  --------------------------------------------------------------------------
  data required time                                                99.19
  data arrival time                                                -35.44
  --------------------------------------------------------------------------
  slack (MET)                                                       63.75


  Startpoint: SE (input port clocked by SCAN_CLK)
  Endpoint: u_RegFile/RdData_reg[5]
            (rising edge-triggered flip-flop clocked by SCAN_CLK)
  Path Group: SCAN_CLK
  Path Type: max

  Des/Clust/Port     Wire Load Model       Library
  ------------------------------------------------
  SYS_TOP            tsmc13_wl30           scmetro_tsmc_cl013g_rvt_ss_1p08v_125c

  Point                                                   Incr       Path
  --------------------------------------------------------------------------
  clock SCAN_CLK (rise edge)                              0.00       0.00
  clock network delay (ideal)                             0.00       0.00
  input external delay                                   20.00      20.00 r
  SE (in)                                                 0.66      20.66 r
  U137/Y (INVXLM)                                         0.57      21.24 f
  U103/Y (INVXLM)                                         0.61      21.85 r
  U78/Y (DLY1X1M)                                         0.88      22.73 r
  U104/Y (INVXLM)                                         0.55      23.27 f
  U79/Y (DLY1X1M)                                         0.83      24.10 f
  U138/Y (INVXLM)                                         0.62      24.72 r
  U122/Y (INVXLM)                                         0.48      25.20 f
  U84/Y (DLY1X1M)                                         0.81      26.01 f
  U123/Y (INVXLM)                                         0.62      26.64 r
  U113/Y (DLY1X1M)                                        0.89      27.52 r
  U136/Y (DLY1X1M)                                        0.88      28.40 r
  U135/Y (DLY1X1M)                                        0.88      29.28 r
  u_RegFile/test_se (RegisterFile_DATA_WIDTH8_DATA_DEPTH16_ADDR_WIDTH4_test_1)
                                                          0.00      29.28 r
  u_RegFile/U629/Y (DLY1X1M)                              0.88      30.15 r
  u_RegFile/U655/Y (DLY1X1M)                              0.88      31.03 r
  u_RegFile/U570/Y (DLY1X1M)                              0.88      31.91 r
  u_RegFile/U647/Y (DLY1X1M)                              0.88      32.78 r
  u_RegFile/U687/Y (DLY1X1M)                              0.88      33.66 r
  u_RegFile/U688/Y (DLY1X1M)                              0.89      34.54 r
  u_RegFile/U626/Y (DLY1X1M)                              0.90      35.44 r
  u_RegFile/RdData_reg[5]/SE (SDFFRQX2M)                  0.00      35.44 r
  data arrival time                                                 35.44

  clock SCAN_CLK (rise edge)                            100.00     100.00
  clock network delay (ideal)                             0.00     100.00
  clock uncertainty                                      -0.20      99.80
  u_RegFile/RdData_reg[5]/CK (SDFFRQX2M)                  0.00      99.80 r
  library setup time                                     -0.61      99.19
  data required time                                                99.19
  --------------------------------------------------------------------------
  data required time                                                99.19
  data arrival time                                                -35.44
  --------------------------------------------------------------------------
  slack (MET)                                                       63.75


  Startpoint: SE (input port clocked by SCAN_CLK)
  Endpoint: u_RegFile/mem_reg[5][0]
            (rising edge-triggered flip-flop clocked by SCAN_CLK)
  Path Group: SCAN_CLK
  Path Type: max

  Des/Clust/Port     Wire Load Model       Library
  ------------------------------------------------
  SYS_TOP            tsmc13_wl30           scmetro_tsmc_cl013g_rvt_ss_1p08v_125c

  Point                                                   Incr       Path
  --------------------------------------------------------------------------
  clock SCAN_CLK (rise edge)                              0.00       0.00
  clock network delay (ideal)                             0.00       0.00
  input external delay                                   20.00      20.00 r
  SE (in)                                                 0.66      20.66 r
  U137/Y (INVXLM)                                         0.57      21.24 f
  U103/Y (INVXLM)                                         0.61      21.85 r
  U78/Y (DLY1X1M)                                         0.88      22.73 r
  U104/Y (INVXLM)                                         0.55      23.27 f
  U79/Y (DLY1X1M)                                         0.83      24.10 f
  U138/Y (INVXLM)                                         0.62      24.72 r
  U122/Y (INVXLM)                                         0.48      25.20 f
  U84/Y (DLY1X1M)                                         0.81      26.01 f
  U123/Y (INVXLM)                                         0.62      26.64 r
  U113/Y (DLY1X1M)                                        0.89      27.52 r
  U136/Y (DLY1X1M)                                        0.88      28.40 r
  U135/Y (DLY1X1M)                                        0.88      29.28 r
  u_RegFile/test_se (RegisterFile_DATA_WIDTH8_DATA_DEPTH16_ADDR_WIDTH4_test_1)
                                                          0.00      29.28 r
  u_RegFile/U629/Y (DLY1X1M)                              0.88      30.15 r
  u_RegFile/U655/Y (DLY1X1M)                              0.88      31.03 r
  u_RegFile/U570/Y (DLY1X1M)                              0.88      31.91 r
  u_RegFile/U651/Y (DLY1X1M)                              0.88      32.78 r
  u_RegFile/U681/Y (DLY1X1M)                              0.88      33.66 r
  u_RegFile/U682/Y (DLY1X1M)                              0.89      34.54 r
  u_RegFile/U623/Y (DLY1X1M)                              0.90      35.44 r
  u_RegFile/mem_reg[5][0]/SE (SDFFRQX2M)                  0.00      35.44 r
  data arrival time                                                 35.44

  clock SCAN_CLK (rise edge)                            100.00     100.00
  clock network delay (ideal)                             0.00     100.00
  clock uncertainty                                      -0.20      99.80
  u_RegFile/mem_reg[5][0]/CK (SDFFRQX2M)                  0.00      99.80 r
  library setup time                                     -0.61      99.19
  data required time                                                99.19
  --------------------------------------------------------------------------
  data required time                                                99.19
  data arrival time                                                -35.44
  --------------------------------------------------------------------------
  slack (MET)                                                       63.75


  Startpoint: SE (input port clocked by SCAN_CLK)
  Endpoint: u_RegFile/mem_reg[7][7]
            (rising edge-triggered flip-flop clocked by SCAN_CLK)
  Path Group: SCAN_CLK
  Path Type: max

  Des/Clust/Port     Wire Load Model       Library
  ------------------------------------------------
  SYS_TOP            tsmc13_wl30           scmetro_tsmc_cl013g_rvt_ss_1p08v_125c

  Point                                                   Incr       Path
  --------------------------------------------------------------------------
  clock SCAN_CLK (rise edge)                              0.00       0.00
  clock network delay (ideal)                             0.00       0.00
  input external delay                                   20.00      20.00 r
  SE (in)                                                 0.66      20.66 r
  U137/Y (INVXLM)                                         0.57      21.24 f
  U103/Y (INVXLM)                                         0.61      21.85 r
  U78/Y (DLY1X1M)                                         0.88      22.73 r
  U104/Y (INVXLM)                                         0.55      23.27 f
  U79/Y (DLY1X1M)                                         0.83      24.10 f
  U138/Y (INVXLM)                                         0.62      24.72 r
  U122/Y (INVXLM)                                         0.48      25.20 f
  U84/Y (DLY1X1M)                                         0.81      26.01 f
  U123/Y (INVXLM)                                         0.62      26.64 r
  U113/Y (DLY1X1M)                                        0.89      27.52 r
  U136/Y (DLY1X1M)                                        0.88      28.40 r
  U135/Y (DLY1X1M)                                        0.88      29.28 r
  u_RegFile/test_se (RegisterFile_DATA_WIDTH8_DATA_DEPTH16_ADDR_WIDTH4_test_1)
                                                          0.00      29.28 r
  u_RegFile/U629/Y (DLY1X1M)                              0.88      30.15 r
  u_RegFile/U655/Y (DLY1X1M)                              0.88      31.03 r
  u_RegFile/U570/Y (DLY1X1M)                              0.88      31.91 r
  u_RegFile/U651/Y (DLY1X1M)                              0.88      32.78 r
  u_RegFile/U681/Y (DLY1X1M)                              0.88      33.66 r
  u_RegFile/U682/Y (DLY1X1M)                              0.89      34.54 r
  u_RegFile/U623/Y (DLY1X1M)                              0.90      35.44 r
  u_RegFile/mem_reg[7][7]/SE (SDFFRQX2M)                  0.00      35.44 r
  data arrival time                                                 35.44

  clock SCAN_CLK (rise edge)                            100.00     100.00
  clock network delay (ideal)                             0.00     100.00
  clock uncertainty                                      -0.20      99.80
  u_RegFile/mem_reg[7][7]/CK (SDFFRQX2M)                  0.00      99.80 r
  library setup time                                     -0.61      99.19
  data required time                                                99.19
  --------------------------------------------------------------------------
  data required time                                                99.19
  data arrival time                                                -35.44
  --------------------------------------------------------------------------
  slack (MET)                                                       63.75


  Startpoint: SE (input port clocked by SCAN_CLK)
  Endpoint: u_RegFile/mem_reg[7][0]
            (rising edge-triggered flip-flop clocked by SCAN_CLK)
  Path Group: SCAN_CLK
  Path Type: max

  Des/Clust/Port     Wire Load Model       Library
  ------------------------------------------------
  SYS_TOP            tsmc13_wl30           scmetro_tsmc_cl013g_rvt_ss_1p08v_125c

  Point                                                   Incr       Path
  --------------------------------------------------------------------------
  clock SCAN_CLK (rise edge)                              0.00       0.00
  clock network delay (ideal)                             0.00       0.00
  input external delay                                   20.00      20.00 r
  SE (in)                                                 0.66      20.66 r
  U137/Y (INVXLM)                                         0.57      21.24 f
  U103/Y (INVXLM)                                         0.61      21.85 r
  U78/Y (DLY1X1M)                                         0.88      22.73 r
  U104/Y (INVXLM)                                         0.55      23.27 f
  U79/Y (DLY1X1M)                                         0.83      24.10 f
  U138/Y (INVXLM)                                         0.62      24.72 r
  U122/Y (INVXLM)                                         0.48      25.20 f
  U84/Y (DLY1X1M)                                         0.81      26.01 f
  U123/Y (INVXLM)                                         0.62      26.64 r
  U113/Y (DLY1X1M)                                        0.89      27.52 r
  U136/Y (DLY1X1M)                                        0.88      28.40 r
  U135/Y (DLY1X1M)                                        0.88      29.28 r
  u_RegFile/test_se (RegisterFile_DATA_WIDTH8_DATA_DEPTH16_ADDR_WIDTH4_test_1)
                                                          0.00      29.28 r
  u_RegFile/U563/Y (DLY1X1M)                              0.88      30.15 r
  u_RegFile/U566/Y (DLY1X1M)                              0.88      31.03 r
  u_RegFile/U628/Y (DLY1X1M)                              0.88      31.91 r
  u_RegFile/U565/Y (DLY1X1M)                              0.88      32.78 r
  u_RegFile/U646/Y (DLY1X1M)                              0.89      33.67 r
  u_RegFile/U679/Y (DLY1X1M)                              0.88      34.54 r
  u_RegFile/U599/Y (DLY1X1M)                              0.90      35.44 r
  u_RegFile/mem_reg[7][0]/SE (SDFFRQX2M)                  0.00      35.44 r
  data arrival time                                                 35.44

  clock SCAN_CLK (rise edge)                            100.00     100.00
  clock network delay (ideal)                             0.00     100.00
  clock uncertainty                                      -0.20      99.80
  u_RegFile/mem_reg[7][0]/CK (SDFFRQX2M)                  0.00      99.80 r
  library setup time                                     -0.61      99.19
  data required time                                                99.19
  --------------------------------------------------------------------------
  data required time                                                99.19
  data arrival time                                                -35.44
  --------------------------------------------------------------------------
  slack (MET)                                                       63.75


  Startpoint: SE (input port clocked by SCAN_CLK)
  Endpoint: u_RegFile/mem_reg[9][7]
            (rising edge-triggered flip-flop clocked by SCAN_CLK)
  Path Group: SCAN_CLK
  Path Type: max

  Des/Clust/Port     Wire Load Model       Library
  ------------------------------------------------
  SYS_TOP            tsmc13_wl30           scmetro_tsmc_cl013g_rvt_ss_1p08v_125c

  Point                                                   Incr       Path
  --------------------------------------------------------------------------
  clock SCAN_CLK (rise edge)                              0.00       0.00
  clock network delay (ideal)                             0.00       0.00
  input external delay                                   20.00      20.00 r
  SE (in)                                                 0.66      20.66 r
  U137/Y (INVXLM)                                         0.57      21.24 f
  U103/Y (INVXLM)                                         0.61      21.85 r
  U78/Y (DLY1X1M)                                         0.88      22.73 r
  U104/Y (INVXLM)                                         0.55      23.27 f
  U79/Y (DLY1X1M)                                         0.83      24.10 f
  U138/Y (INVXLM)                                         0.62      24.72 r
  U122/Y (INVXLM)                                         0.48      25.20 f
  U84/Y (DLY1X1M)                                         0.81      26.01 f
  U123/Y (INVXLM)                                         0.62      26.64 r
  U113/Y (DLY1X1M)                                        0.89      27.52 r
  U136/Y (DLY1X1M)                                        0.88      28.40 r
  U135/Y (DLY1X1M)                                        0.88      29.28 r
  u_RegFile/test_se (RegisterFile_DATA_WIDTH8_DATA_DEPTH16_ADDR_WIDTH4_test_1)
                                                          0.00      29.28 r
  u_RegFile/U563/Y (DLY1X1M)                              0.88      30.15 r
  u_RegFile/U566/Y (DLY1X1M)                              0.88      31.03 r
  u_RegFile/U628/Y (DLY1X1M)                              0.88      31.91 r
  u_RegFile/U565/Y (DLY1X1M)                              0.88      32.78 r
  u_RegFile/U646/Y (DLY1X1M)                              0.89      33.67 r
  u_RegFile/U679/Y (DLY1X1M)                              0.88      34.54 r
  u_RegFile/U599/Y (DLY1X1M)                              0.90      35.44 r
  u_RegFile/mem_reg[9][7]/SE (SDFFRQX2M)                  0.00      35.44 r
  data arrival time                                                 35.44

  clock SCAN_CLK (rise edge)                            100.00     100.00
  clock network delay (ideal)                             0.00     100.00
  clock uncertainty                                      -0.20      99.80
  u_RegFile/mem_reg[9][7]/CK (SDFFRQX2M)                  0.00      99.80 r
  library setup time                                     -0.61      99.19
  data required time                                                99.19
  --------------------------------------------------------------------------
  data required time                                                99.19
  data arrival time                                                -35.44
  --------------------------------------------------------------------------
  slack (MET)                                                       63.75


  Startpoint: SE (input port clocked by SCAN_CLK)
  Endpoint: u_RegFile/mem_reg[9][3]
            (rising edge-triggered flip-flop clocked by SCAN_CLK)
  Path Group: SCAN_CLK
  Path Type: max

  Des/Clust/Port     Wire Load Model       Library
  ------------------------------------------------
  SYS_TOP            tsmc13_wl30           scmetro_tsmc_cl013g_rvt_ss_1p08v_125c

  Point                                                   Incr       Path
  --------------------------------------------------------------------------
  clock SCAN_CLK (rise edge)                              0.00       0.00
  clock network delay (ideal)                             0.00       0.00
  input external delay                                   20.00      20.00 r
  SE (in)                                                 0.66      20.66 r
  U137/Y (INVXLM)                                         0.57      21.24 f
  U103/Y (INVXLM)                                         0.61      21.85 r
  U78/Y (DLY1X1M)                                         0.88      22.73 r
  U104/Y (INVXLM)                                         0.55      23.27 f
  U79/Y (DLY1X1M)                                         0.83      24.10 f
  U138/Y (INVXLM)                                         0.62      24.72 r
  U122/Y (INVXLM)                                         0.48      25.20 f
  U84/Y (DLY1X1M)                                         0.81      26.01 f
  U123/Y (INVXLM)                                         0.62      26.64 r
  U113/Y (DLY1X1M)                                        0.89      27.52 r
  U136/Y (DLY1X1M)                                        0.88      28.40 r
  U135/Y (DLY1X1M)                                        0.88      29.28 r
  u_RegFile/test_se (RegisterFile_DATA_WIDTH8_DATA_DEPTH16_ADDR_WIDTH4_test_1)
                                                          0.00      29.28 r
  u_RegFile/U563/Y (DLY1X1M)                              0.88      30.15 r
  u_RegFile/U630/Y (DLY1X1M)                              0.88      31.03 r
  u_RegFile/U627/Y (DLY1X1M)                              0.88      31.91 r
  u_RegFile/U564/Y (DLY1X1M)                              0.88      32.78 r
  u_RegFile/U642/Y (DLY1X1M)                              0.89      33.67 r
  u_RegFile/U677/Y (DLY1X1M)                              0.88      34.54 r
  u_RegFile/U598/Y (DLY1X1M)                              0.90      35.44 r
  u_RegFile/mem_reg[9][3]/SE (SDFFRQX2M)                  0.00      35.44 r
  data arrival time                                                 35.44

  clock SCAN_CLK (rise edge)                            100.00     100.00
  clock network delay (ideal)                             0.00     100.00
  clock uncertainty                                      -0.20      99.80
  u_RegFile/mem_reg[9][3]/CK (SDFFRQX2M)                  0.00      99.80 r
  library setup time                                     -0.61      99.19
  data required time                                                99.19
  --------------------------------------------------------------------------
  data required time                                                99.19
  data arrival time                                                -35.44
  --------------------------------------------------------------------------
  slack (MET)                                                       63.75


  Startpoint: SE (input port clocked by SCAN_CLK)
  Endpoint: u_RegFile/mem_reg[9][2]
            (rising edge-triggered flip-flop clocked by SCAN_CLK)
  Path Group: SCAN_CLK
  Path Type: max

  Des/Clust/Port     Wire Load Model       Library
  ------------------------------------------------
  SYS_TOP            tsmc13_wl30           scmetro_tsmc_cl013g_rvt_ss_1p08v_125c

  Point                                                   Incr       Path
  --------------------------------------------------------------------------
  clock SCAN_CLK (rise edge)                              0.00       0.00
  clock network delay (ideal)                             0.00       0.00
  input external delay                                   20.00      20.00 r
  SE (in)                                                 0.66      20.66 r
  U137/Y (INVXLM)                                         0.57      21.24 f
  U103/Y (INVXLM)                                         0.61      21.85 r
  U78/Y (DLY1X1M)                                         0.88      22.73 r
  U104/Y (INVXLM)                                         0.55      23.27 f
  U79/Y (DLY1X1M)                                         0.83      24.10 f
  U138/Y (INVXLM)                                         0.62      24.72 r
  U122/Y (INVXLM)                                         0.48      25.20 f
  U84/Y (DLY1X1M)                                         0.81      26.01 f
  U123/Y (INVXLM)                                         0.62      26.64 r
  U113/Y (DLY1X1M)                                        0.89      27.52 r
  U136/Y (DLY1X1M)                                        0.88      28.40 r
  U135/Y (DLY1X1M)                                        0.88      29.28 r
  u_RegFile/test_se (RegisterFile_DATA_WIDTH8_DATA_DEPTH16_ADDR_WIDTH4_test_1)
                                                          0.00      29.28 r
  u_RegFile/U563/Y (DLY1X1M)                              0.88      30.15 r
  u_RegFile/U630/Y (DLY1X1M)                              0.88      31.03 r
  u_RegFile/U627/Y (DLY1X1M)                              0.88      31.91 r
  u_RegFile/U564/Y (DLY1X1M)                              0.88      32.78 r
  u_RegFile/U642/Y (DLY1X1M)                              0.89      33.67 r
  u_RegFile/U677/Y (DLY1X1M)                              0.88      34.54 r
  u_RegFile/U598/Y (DLY1X1M)                              0.90      35.44 r
  u_RegFile/mem_reg[9][2]/SE (SDFFRQX2M)                  0.00      35.44 r
  data arrival time                                                 35.44

  clock SCAN_CLK (rise edge)                            100.00     100.00
  clock network delay (ideal)                             0.00     100.00
  clock uncertainty                                      -0.20      99.80
  u_RegFile/mem_reg[9][2]/CK (SDFFRQX2M)                  0.00      99.80 r
  library setup time                                     -0.61      99.19
  data required time                                                99.19
  --------------------------------------------------------------------------
  data required time                                                99.19
  data arrival time                                                -35.44
  --------------------------------------------------------------------------
  slack (MET)                                                       63.75


  Startpoint: SE (input port clocked by SCAN_CLK)
  Endpoint: u_RegFile/mem_reg[13][7]
            (rising edge-triggered flip-flop clocked by SCAN_CLK)
  Path Group: SCAN_CLK
  Path Type: max

  Des/Clust/Port     Wire Load Model       Library
  ------------------------------------------------
  SYS_TOP            tsmc13_wl30           scmetro_tsmc_cl013g_rvt_ss_1p08v_125c

  Point                                                   Incr       Path
  --------------------------------------------------------------------------
  clock SCAN_CLK (rise edge)                              0.00       0.00
  clock network delay (ideal)                             0.00       0.00
  input external delay                                   20.00      20.00 r
  SE (in)                                                 0.66      20.66 r
  U137/Y (INVXLM)                                         0.57      21.24 f
  U103/Y (INVXLM)                                         0.61      21.85 r
  U78/Y (DLY1X1M)                                         0.88      22.73 r
  U104/Y (INVXLM)                                         0.55      23.27 f
  U79/Y (DLY1X1M)                                         0.83      24.10 f
  U138/Y (INVXLM)                                         0.62      24.72 r
  U122/Y (INVXLM)                                         0.48      25.20 f
  U84/Y (DLY1X1M)                                         0.81      26.01 f
  U123/Y (INVXLM)                                         0.62      26.64 r
  U113/Y (DLY1X1M)                                        0.89      27.52 r
  U136/Y (DLY1X1M)                                        0.88      28.40 r
  U135/Y (DLY1X1M)                                        0.88      29.28 r
  u_RegFile/test_se (RegisterFile_DATA_WIDTH8_DATA_DEPTH16_ADDR_WIDTH4_test_1)
                                                          0.00      29.28 r
  u_RegFile/U629/Y (DLY1X1M)                              0.88      30.15 r
  u_RegFile/U652/Y (DLY1X1M)                              0.88      31.03 r
  u_RegFile/U567/Y (DLY1X1M)                              0.88      31.91 r
  u_RegFile/U645/Y (DLY1X1M)                              0.88      32.78 r
  u_RegFile/U671/Y (DLY1X1M)                              0.88      33.66 r
  u_RegFile/U672/Y (DLY1X1M)                              0.89      34.54 r
  u_RegFile/U618/Y (DLY1X1M)                              0.90      35.44 r
  u_RegFile/mem_reg[13][7]/SE (SDFFRQX2M)                 0.00      35.44 r
  data arrival time                                                 35.44

  clock SCAN_CLK (rise edge)                            100.00     100.00
  clock network delay (ideal)                             0.00     100.00
  clock uncertainty                                      -0.20      99.80
  u_RegFile/mem_reg[13][7]/CK (SDFFRQX2M)                 0.00      99.80 r
  library setup time                                     -0.61      99.19
  data required time                                                99.19
  --------------------------------------------------------------------------
  data required time                                                99.19
  data arrival time                                                -35.44
  --------------------------------------------------------------------------
  slack (MET)                                                       63.75


  Startpoint: SE (input port clocked by SCAN_CLK)
  Endpoint: u_RegFile/mem_reg[13][6]
            (rising edge-triggered flip-flop clocked by SCAN_CLK)
  Path Group: SCAN_CLK
  Path Type: max

  Des/Clust/Port     Wire Load Model       Library
  ------------------------------------------------
  SYS_TOP            tsmc13_wl30           scmetro_tsmc_cl013g_rvt_ss_1p08v_125c

  Point                                                   Incr       Path
  --------------------------------------------------------------------------
  clock SCAN_CLK (rise edge)                              0.00       0.00
  clock network delay (ideal)                             0.00       0.00
  input external delay                                   20.00      20.00 r
  SE (in)                                                 0.66      20.66 r
  U137/Y (INVXLM)                                         0.57      21.24 f
  U103/Y (INVXLM)                                         0.61      21.85 r
  U78/Y (DLY1X1M)                                         0.88      22.73 r
  U104/Y (INVXLM)                                         0.55      23.27 f
  U79/Y (DLY1X1M)                                         0.83      24.10 f
  U138/Y (INVXLM)                                         0.62      24.72 r
  U122/Y (INVXLM)                                         0.48      25.20 f
  U84/Y (DLY1X1M)                                         0.81      26.01 f
  U123/Y (INVXLM)                                         0.62      26.64 r
  U113/Y (DLY1X1M)                                        0.89      27.52 r
  U136/Y (DLY1X1M)                                        0.88      28.40 r
  U135/Y (DLY1X1M)                                        0.88      29.28 r
  u_RegFile/test_se (RegisterFile_DATA_WIDTH8_DATA_DEPTH16_ADDR_WIDTH4_test_1)
                                                          0.00      29.28 r
  u_RegFile/U629/Y (DLY1X1M)                              0.88      30.15 r
  u_RegFile/U652/Y (DLY1X1M)                              0.88      31.03 r
  u_RegFile/U567/Y (DLY1X1M)                              0.88      31.91 r
  u_RegFile/U645/Y (DLY1X1M)                              0.88      32.78 r
  u_RegFile/U671/Y (DLY1X1M)                              0.88      33.66 r
  u_RegFile/U672/Y (DLY1X1M)                              0.89      34.54 r
  u_RegFile/U618/Y (DLY1X1M)                              0.90      35.44 r
  u_RegFile/mem_reg[13][6]/SE (SDFFRQX2M)                 0.00      35.44 r
  data arrival time                                                 35.44

  clock SCAN_CLK (rise edge)                            100.00     100.00
  clock network delay (ideal)                             0.00     100.00
  clock uncertainty                                      -0.20      99.80
  u_RegFile/mem_reg[13][6]/CK (SDFFRQX2M)                 0.00      99.80 r
  library setup time                                     -0.61      99.19
  data required time                                                99.19
  --------------------------------------------------------------------------
  data required time                                                99.19
  data arrival time                                                -35.44
  --------------------------------------------------------------------------
  slack (MET)                                                       63.75


  Startpoint: SE (input port clocked by SCAN_CLK)
  Endpoint: u_RegFile/mem_reg[4][3]
            (rising edge-triggered flip-flop clocked by SCAN_CLK)
  Path Group: SCAN_CLK
  Path Type: max

  Des/Clust/Port     Wire Load Model       Library
  ------------------------------------------------
  SYS_TOP            tsmc13_wl30           scmetro_tsmc_cl013g_rvt_ss_1p08v_125c

  Point                                                   Incr       Path
  --------------------------------------------------------------------------
  clock SCAN_CLK (rise edge)                              0.00       0.00
  clock network delay (ideal)                             0.00       0.00
  input external delay                                   20.00      20.00 r
  SE (in)                                                 0.66      20.66 r
  U137/Y (INVXLM)                                         0.57      21.24 f
  U103/Y (INVXLM)                                         0.61      21.85 r
  U78/Y (DLY1X1M)                                         0.88      22.73 r
  U104/Y (INVXLM)                                         0.55      23.27 f
  U79/Y (DLY1X1M)                                         0.83      24.10 f
  U138/Y (INVXLM)                                         0.62      24.72 r
  U122/Y (INVXLM)                                         0.48      25.20 f
  U84/Y (DLY1X1M)                                         0.81      26.01 f
  U123/Y (INVXLM)                                         0.62      26.64 r
  U113/Y (DLY1X1M)                                        0.89      27.52 r
  U136/Y (DLY1X1M)                                        0.88      28.40 r
  U135/Y (DLY1X1M)                                        0.88      29.28 r
  u_RegFile/test_se (RegisterFile_DATA_WIDTH8_DATA_DEPTH16_ADDR_WIDTH4_test_1)
                                                          0.00      29.28 r
  u_RegFile/U629/Y (DLY1X1M)                              0.88      30.15 r
  u_RegFile/U652/Y (DLY1X1M)                              0.88      31.03 r
  u_RegFile/U567/Y (DLY1X1M)                              0.88      31.91 r
  u_RegFile/U644/Y (DLY1X1M)                              0.88      32.78 r
  u_RegFile/U663/Y (DLY1X1M)                              0.88      33.66 r
  u_RegFile/U664/Y (DLY1X1M)                              0.89      34.54 r
  u_RegFile/U614/Y (DLY1X1M)                              0.90      35.44 r
  u_RegFile/mem_reg[4][3]/SE (SDFFRQX2M)                  0.00      35.44 r
  data arrival time                                                 35.44

  clock SCAN_CLK (rise edge)                            100.00     100.00
  clock network delay (ideal)                             0.00     100.00
  clock uncertainty                                      -0.20      99.80
  u_RegFile/mem_reg[4][3]/CK (SDFFRQX2M)                  0.00      99.80 r
  library setup time                                     -0.61      99.19
  data required time                                                99.19
  --------------------------------------------------------------------------
  data required time                                                99.19
  data arrival time                                                -35.44
  --------------------------------------------------------------------------
  slack (MET)                                                       63.75


  Startpoint: SE (input port clocked by SCAN_CLK)
  Endpoint: u_RegFile/mem_reg[4][2]
            (rising edge-triggered flip-flop clocked by SCAN_CLK)
  Path Group: SCAN_CLK
  Path Type: max

  Des/Clust/Port     Wire Load Model       Library
  ------------------------------------------------
  SYS_TOP            tsmc13_wl30           scmetro_tsmc_cl013g_rvt_ss_1p08v_125c

  Point                                                   Incr       Path
  --------------------------------------------------------------------------
  clock SCAN_CLK (rise edge)                              0.00       0.00
  clock network delay (ideal)                             0.00       0.00
  input external delay                                   20.00      20.00 r
  SE (in)                                                 0.66      20.66 r
  U137/Y (INVXLM)                                         0.57      21.24 f
  U103/Y (INVXLM)                                         0.61      21.85 r
  U78/Y (DLY1X1M)                                         0.88      22.73 r
  U104/Y (INVXLM)                                         0.55      23.27 f
  U79/Y (DLY1X1M)                                         0.83      24.10 f
  U138/Y (INVXLM)                                         0.62      24.72 r
  U122/Y (INVXLM)                                         0.48      25.20 f
  U84/Y (DLY1X1M)                                         0.81      26.01 f
  U123/Y (INVXLM)                                         0.62      26.64 r
  U113/Y (DLY1X1M)                                        0.89      27.52 r
  U136/Y (DLY1X1M)                                        0.88      28.40 r
  U135/Y (DLY1X1M)                                        0.88      29.28 r
  u_RegFile/test_se (RegisterFile_DATA_WIDTH8_DATA_DEPTH16_ADDR_WIDTH4_test_1)
                                                          0.00      29.28 r
  u_RegFile/U629/Y (DLY1X1M)                              0.88      30.15 r
  u_RegFile/U652/Y (DLY1X1M)                              0.88      31.03 r
  u_RegFile/U567/Y (DLY1X1M)                              0.88      31.91 r
  u_RegFile/U644/Y (DLY1X1M)                              0.88      32.78 r
  u_RegFile/U663/Y (DLY1X1M)                              0.88      33.66 r
  u_RegFile/U664/Y (DLY1X1M)                              0.89      34.54 r
  u_RegFile/U614/Y (DLY1X1M)                              0.90      35.44 r
  u_RegFile/mem_reg[4][2]/SE (SDFFRQX2M)                  0.00      35.44 r
  data arrival time                                                 35.44

  clock SCAN_CLK (rise edge)                            100.00     100.00
  clock network delay (ideal)                             0.00     100.00
  clock uncertainty                                      -0.20      99.80
  u_RegFile/mem_reg[4][2]/CK (SDFFRQX2M)                  0.00      99.80 r
  library setup time                                     -0.61      99.19
  data required time                                                99.19
  --------------------------------------------------------------------------
  data required time                                                99.19
  data arrival time                                                -35.44
  --------------------------------------------------------------------------
  slack (MET)                                                       63.75


  Startpoint: SE (input port clocked by SCAN_CLK)
  Endpoint: u_RegFile/mem_reg[6][6]
            (rising edge-triggered flip-flop clocked by SCAN_CLK)
  Path Group: SCAN_CLK
  Path Type: max

  Des/Clust/Port     Wire Load Model       Library
  ------------------------------------------------
  SYS_TOP            tsmc13_wl30           scmetro_tsmc_cl013g_rvt_ss_1p08v_125c

  Point                                                   Incr       Path
  --------------------------------------------------------------------------
  clock SCAN_CLK (rise edge)                              0.00       0.00
  clock network delay (ideal)                             0.00       0.00
  input external delay                                   20.00      20.00 r
  SE (in)                                                 0.66      20.66 r
  U137/Y (INVXLM)                                         0.57      21.24 f
  U103/Y (INVXLM)                                         0.61      21.85 r
  U78/Y (DLY1X1M)                                         0.88      22.73 r
  U104/Y (INVXLM)                                         0.55      23.27 f
  U79/Y (DLY1X1M)                                         0.83      24.10 f
  U138/Y (INVXLM)                                         0.62      24.72 r
  U122/Y (INVXLM)                                         0.48      25.20 f
  U84/Y (DLY1X1M)                                         0.81      26.01 f
  U123/Y (INVXLM)                                         0.62      26.64 r
  U113/Y (DLY1X1M)                                        0.89      27.52 r
  U136/Y (DLY1X1M)                                        0.88      28.40 r
  U135/Y (DLY1X1M)                                        0.88      29.28 r
  u_RegFile/test_se (RegisterFile_DATA_WIDTH8_DATA_DEPTH16_ADDR_WIDTH4_test_1)
                                                          0.00      29.28 r
  u_RegFile/U563/Y (DLY1X1M)                              0.88      30.15 r
  u_RegFile/U566/Y (DLY1X1M)                              0.88      31.03 r
  u_RegFile/U654/Y (DLY1X1M)                              0.88      31.91 r
  u_RegFile/U640/Y (DLY1X1M)                              0.88      32.78 r
  u_RegFile/U661/Y (DLY1X1M)                              0.88      33.66 r
  u_RegFile/U662/Y (DLY1X1M)                              0.89      34.54 r
  u_RegFile/U613/Y (DLY1X1M)                              0.90      35.44 r
  u_RegFile/mem_reg[6][6]/SE (SDFFRQX2M)                  0.00      35.44 r
  data arrival time                                                 35.44

  clock SCAN_CLK (rise edge)                            100.00     100.00
  clock network delay (ideal)                             0.00     100.00
  clock uncertainty                                      -0.20      99.80
  u_RegFile/mem_reg[6][6]/CK (SDFFRQX2M)                  0.00      99.80 r
  library setup time                                     -0.61      99.19
  data required time                                                99.19
  --------------------------------------------------------------------------
  data required time                                                99.19
  data arrival time                                                -35.44
  --------------------------------------------------------------------------
  slack (MET)                                                       63.75


  Startpoint: SE (input port clocked by SCAN_CLK)
  Endpoint: u_RegFile/mem_reg[6][5]
            (rising edge-triggered flip-flop clocked by SCAN_CLK)
  Path Group: SCAN_CLK
  Path Type: max

  Des/Clust/Port     Wire Load Model       Library
  ------------------------------------------------
  SYS_TOP            tsmc13_wl30           scmetro_tsmc_cl013g_rvt_ss_1p08v_125c

  Point                                                   Incr       Path
  --------------------------------------------------------------------------
  clock SCAN_CLK (rise edge)                              0.00       0.00
  clock network delay (ideal)                             0.00       0.00
  input external delay                                   20.00      20.00 r
  SE (in)                                                 0.66      20.66 r
  U137/Y (INVXLM)                                         0.57      21.24 f
  U103/Y (INVXLM)                                         0.61      21.85 r
  U78/Y (DLY1X1M)                                         0.88      22.73 r
  U104/Y (INVXLM)                                         0.55      23.27 f
  U79/Y (DLY1X1M)                                         0.83      24.10 f
  U138/Y (INVXLM)                                         0.62      24.72 r
  U122/Y (INVXLM)                                         0.48      25.20 f
  U84/Y (DLY1X1M)                                         0.81      26.01 f
  U123/Y (INVXLM)                                         0.62      26.64 r
  U113/Y (DLY1X1M)                                        0.89      27.52 r
  U136/Y (DLY1X1M)                                        0.88      28.40 r
  U135/Y (DLY1X1M)                                        0.88      29.28 r
  u_RegFile/test_se (RegisterFile_DATA_WIDTH8_DATA_DEPTH16_ADDR_WIDTH4_test_1)
                                                          0.00      29.28 r
  u_RegFile/U563/Y (DLY1X1M)                              0.88      30.15 r
  u_RegFile/U566/Y (DLY1X1M)                              0.88      31.03 r
  u_RegFile/U654/Y (DLY1X1M)                              0.88      31.91 r
  u_RegFile/U640/Y (DLY1X1M)                              0.88      32.78 r
  u_RegFile/U661/Y (DLY1X1M)                              0.88      33.66 r
  u_RegFile/U662/Y (DLY1X1M)                              0.89      34.54 r
  u_RegFile/U613/Y (DLY1X1M)                              0.90      35.44 r
  u_RegFile/mem_reg[6][5]/SE (SDFFRQX2M)                  0.00      35.44 r
  data arrival time                                                 35.44

  clock SCAN_CLK (rise edge)                            100.00     100.00
  clock network delay (ideal)                             0.00     100.00
  clock uncertainty                                      -0.20      99.80
  u_RegFile/mem_reg[6][5]/CK (SDFFRQX2M)                  0.00      99.80 r
  library setup time                                     -0.61      99.19
  data required time                                                99.19
  --------------------------------------------------------------------------
  data required time                                                99.19
  data arrival time                                                -35.44
  --------------------------------------------------------------------------
  slack (MET)                                                       63.75


  Startpoint: SE (input port clocked by SCAN_CLK)
  Endpoint: u_RegFile/mem_reg[1][1]
            (rising edge-triggered flip-flop clocked by SCAN_CLK)
  Path Group: SCAN_CLK
  Path Type: max

  Des/Clust/Port     Wire Load Model       Library
  ------------------------------------------------
  SYS_TOP            tsmc13_wl30           scmetro_tsmc_cl013g_rvt_ss_1p08v_125c

  Point                                                   Incr       Path
  --------------------------------------------------------------------------
  clock SCAN_CLK (rise edge)                              0.00       0.00
  clock network delay (ideal)                             0.00       0.00
  input external delay                                   20.00      20.00 r
  SE (in)                                                 0.66      20.66 r
  U137/Y (INVXLM)                                         0.57      21.24 f
  U103/Y (INVXLM)                                         0.61      21.85 r
  U78/Y (DLY1X1M)                                         0.88      22.73 r
  U104/Y (INVXLM)                                         0.55      23.27 f
  U79/Y (DLY1X1M)                                         0.83      24.10 f
  U138/Y (INVXLM)                                         0.62      24.72 r
  U122/Y (INVXLM)                                         0.48      25.20 f
  U84/Y (DLY1X1M)                                         0.81      26.01 f
  U123/Y (INVXLM)                                         0.62      26.64 r
  U113/Y (DLY1X1M)                                        0.89      27.52 r
  U136/Y (DLY1X1M)                                        0.88      28.40 r
  U135/Y (DLY1X1M)                                        0.88      29.28 r
  u_RegFile/test_se (RegisterFile_DATA_WIDTH8_DATA_DEPTH16_ADDR_WIDTH4_test_1)
                                                          0.00      29.28 r
  u_RegFile/U629/Y (DLY1X1M)                              0.88      30.15 r
  u_RegFile/U652/Y (DLY1X1M)                              0.88      31.03 r
  u_RegFile/U648/Y (DLY1X1M)                              0.88      31.91 r
  u_RegFile/U631/Y (DLY1X1M)                              0.89      32.79 r
  u_RegFile/U689/Y (DLY1X1M)                              0.88      33.67 r
  u_RegFile/U691/Y (DLY1X1M)                              0.88      34.54 r
  u_RegFile/U578/Y (DLY1X1M)                              0.90      35.44 r
  u_RegFile/mem_reg[1][1]/SE (SDFFRQX1M)                  0.00      35.44 r
  data arrival time                                                 35.44

  clock SCAN_CLK (rise edge)                            100.00     100.00
  clock network delay (ideal)                             0.00     100.00
  clock uncertainty                                      -0.20      99.80
  u_RegFile/mem_reg[1][1]/CK (SDFFRQX1M)                  0.00      99.80 r
  library setup time                                     -0.60      99.20
  data required time                                                99.20
  --------------------------------------------------------------------------
  data required time                                                99.20
  data arrival time                                                -35.44
  --------------------------------------------------------------------------
  slack (MET)                                                       63.76


  Startpoint: SE (input port clocked by SCAN_CLK)
  Endpoint: u_RegFile/mem_reg[3][0]
            (rising edge-triggered flip-flop clocked by SCAN_CLK)
  Path Group: SCAN_CLK
  Path Type: max

  Des/Clust/Port     Wire Load Model       Library
  ------------------------------------------------
  SYS_TOP            tsmc13_wl30           scmetro_tsmc_cl013g_rvt_ss_1p08v_125c

  Point                                                   Incr       Path
  --------------------------------------------------------------------------
  clock SCAN_CLK (rise edge)                              0.00       0.00
  clock network delay (ideal)                             0.00       0.00
  input external delay                                   20.00      20.00 r
  SE (in)                                                 0.66      20.66 r
  U137/Y (INVXLM)                                         0.57      21.24 f
  U103/Y (INVXLM)                                         0.61      21.85 r
  U78/Y (DLY1X1M)                                         0.88      22.73 r
  U104/Y (INVXLM)                                         0.55      23.27 f
  U79/Y (DLY1X1M)                                         0.83      24.10 f
  U138/Y (INVXLM)                                         0.62      24.72 r
  U122/Y (INVXLM)                                         0.48      25.20 f
  U84/Y (DLY1X1M)                                         0.81      26.01 f
  U123/Y (INVXLM)                                         0.62      26.64 r
  U113/Y (DLY1X1M)                                        0.89      27.52 r
  U136/Y (DLY1X1M)                                        0.88      28.40 r
  U135/Y (DLY1X1M)                                        0.88      29.28 r
  u_RegFile/test_se (RegisterFile_DATA_WIDTH8_DATA_DEPTH16_ADDR_WIDTH4_test_1)
                                                          0.00      29.28 r
  u_RegFile/U629/Y (DLY1X1M)                              0.88      30.15 r
  u_RegFile/U652/Y (DLY1X1M)                              0.88      31.03 r
  u_RegFile/U648/Y (DLY1X1M)                              0.88      31.91 r
  u_RegFile/U631/Y (DLY1X1M)                              0.89      32.79 r
  u_RegFile/U689/Y (DLY1X1M)                              0.88      33.67 r
  u_RegFile/U691/Y (DLY1X1M)                              0.88      34.54 r
  u_RegFile/U578/Y (DLY1X1M)                              0.90      35.44 r
  u_RegFile/mem_reg[3][0]/SE (SDFFRQX1M)                  0.00      35.44 r
  data arrival time                                                 35.44

  clock SCAN_CLK (rise edge)                            100.00     100.00
  clock network delay (ideal)                             0.00     100.00
  clock uncertainty                                      -0.20      99.80
  u_RegFile/mem_reg[3][0]/CK (SDFFRQX1M)                  0.00      99.80 r
  library setup time                                     -0.60      99.20
  data required time                                                99.20
  --------------------------------------------------------------------------
  data required time                                                99.20
  data arrival time                                                -35.44
  --------------------------------------------------------------------------
  slack (MET)                                                       63.76


  Startpoint: SE (input port clocked by SCAN_CLK)
  Endpoint: u_RegFile/mem_reg[15][7]
            (rising edge-triggered flip-flop clocked by SCAN_CLK)
  Path Group: SCAN_CLK
  Path Type: max

  Des/Clust/Port     Wire Load Model       Library
  ------------------------------------------------
  SYS_TOP            tsmc13_wl30           scmetro_tsmc_cl013g_rvt_ss_1p08v_125c

  Point                                                   Incr       Path
  --------------------------------------------------------------------------
  clock SCAN_CLK (rise edge)                              0.00       0.00
  clock network delay (ideal)                             0.00       0.00
  input external delay                                   20.00      20.00 r
  SE (in)                                                 0.66      20.66 r
  U137/Y (INVXLM)                                         0.57      21.24 f
  U103/Y (INVXLM)                                         0.61      21.85 r
  U78/Y (DLY1X1M)                                         0.88      22.73 r
  U104/Y (INVXLM)                                         0.55      23.27 f
  U79/Y (DLY1X1M)                                         0.83      24.10 f
  U138/Y (INVXLM)                                         0.62      24.72 r
  U122/Y (INVXLM)                                         0.48      25.20 f
  U84/Y (DLY1X1M)                                         0.81      26.01 f
  U123/Y (INVXLM)                                         0.62      26.64 r
  U113/Y (DLY1X1M)                                        0.89      27.52 r
  U136/Y (DLY1X1M)                                        0.88      28.40 r
  U135/Y (DLY1X1M)                                        0.88      29.28 r
  u_RegFile/test_se (RegisterFile_DATA_WIDTH8_DATA_DEPTH16_ADDR_WIDTH4_test_1)
                                                          0.00      29.28 r
  u_RegFile/U563/Y (DLY1X1M)                              0.88      30.15 r
  u_RegFile/U630/Y (DLY1X1M)                              0.88      31.03 r
  u_RegFile/U653/Y (DLY1X1M)                              0.88      31.91 r
  u_RegFile/U568/Y (DLY1X1M)                              0.88      32.78 r
  u_RegFile/U641/Y (DLY1X1M)                              0.88      33.66 r
  u_RegFile/U669/Y (DLY1X1M)                              0.88      34.54 r
  u_RegFile/U594/Y (DLY1X1M)                              0.90      35.43 r
  u_RegFile/mem_reg[15][7]/SE (SDFFRQX2M)                 0.00      35.43 r
  data arrival time                                                 35.43

  clock SCAN_CLK (rise edge)                            100.00     100.00
  clock network delay (ideal)                             0.00     100.00
  clock uncertainty                                      -0.20      99.80
  u_RegFile/mem_reg[15][7]/CK (SDFFRQX2M)                 0.00      99.80 r
  library setup time                                     -0.61      99.19
  data required time                                                99.19
  --------------------------------------------------------------------------
  data required time                                                99.19
  data arrival time                                                -35.43
  --------------------------------------------------------------------------
  slack (MET)                                                       63.76


  Startpoint: SE (input port clocked by SCAN_CLK)
  Endpoint: u_RegFile/mem_reg[15][6]
            (rising edge-triggered flip-flop clocked by SCAN_CLK)
  Path Group: SCAN_CLK
  Path Type: max

  Des/Clust/Port     Wire Load Model       Library
  ------------------------------------------------
  SYS_TOP            tsmc13_wl30           scmetro_tsmc_cl013g_rvt_ss_1p08v_125c

  Point                                                   Incr       Path
  --------------------------------------------------------------------------
  clock SCAN_CLK (rise edge)                              0.00       0.00
  clock network delay (ideal)                             0.00       0.00
  input external delay                                   20.00      20.00 r
  SE (in)                                                 0.66      20.66 r
  U137/Y (INVXLM)                                         0.57      21.24 f
  U103/Y (INVXLM)                                         0.61      21.85 r
  U78/Y (DLY1X1M)                                         0.88      22.73 r
  U104/Y (INVXLM)                                         0.55      23.27 f
  U79/Y (DLY1X1M)                                         0.83      24.10 f
  U138/Y (INVXLM)                                         0.62      24.72 r
  U122/Y (INVXLM)                                         0.48      25.20 f
  U84/Y (DLY1X1M)                                         0.81      26.01 f
  U123/Y (INVXLM)                                         0.62      26.64 r
  U113/Y (DLY1X1M)                                        0.89      27.52 r
  U136/Y (DLY1X1M)                                        0.88      28.40 r
  U135/Y (DLY1X1M)                                        0.88      29.28 r
  u_RegFile/test_se (RegisterFile_DATA_WIDTH8_DATA_DEPTH16_ADDR_WIDTH4_test_1)
                                                          0.00      29.28 r
  u_RegFile/U563/Y (DLY1X1M)                              0.88      30.15 r
  u_RegFile/U630/Y (DLY1X1M)                              0.88      31.03 r
  u_RegFile/U653/Y (DLY1X1M)                              0.88      31.91 r
  u_RegFile/U568/Y (DLY1X1M)                              0.88      32.78 r
  u_RegFile/U641/Y (DLY1X1M)                              0.88      33.66 r
  u_RegFile/U669/Y (DLY1X1M)                              0.88      34.54 r
  u_RegFile/U594/Y (DLY1X1M)                              0.90      35.43 r
  u_RegFile/mem_reg[15][6]/SE (SDFFRQX2M)                 0.00      35.43 r
  data arrival time                                                 35.43

  clock SCAN_CLK (rise edge)                            100.00     100.00
  clock network delay (ideal)                             0.00     100.00
  clock uncertainty                                      -0.20      99.80
  u_RegFile/mem_reg[15][6]/CK (SDFFRQX2M)                 0.00      99.80 r
  library setup time                                     -0.61      99.19
  data required time                                                99.19
  --------------------------------------------------------------------------
  data required time                                                99.19
  data arrival time                                                -35.43
  --------------------------------------------------------------------------
  slack (MET)                                                       63.76


  Startpoint: SE (input port clocked by SCAN_CLK)
  Endpoint: u_RegFile/mem_reg[5][7]
            (rising edge-triggered flip-flop clocked by SCAN_CLK)
  Path Group: SCAN_CLK
  Path Type: max

  Des/Clust/Port     Wire Load Model       Library
  ------------------------------------------------
  SYS_TOP            tsmc13_wl30           scmetro_tsmc_cl013g_rvt_ss_1p08v_125c

  Point                                                   Incr       Path
  --------------------------------------------------------------------------
  clock SCAN_CLK (rise edge)                              0.00       0.00
  clock network delay (ideal)                             0.00       0.00
  input external delay                                   20.00      20.00 r
  SE (in)                                                 0.66      20.66 r
  U137/Y (INVXLM)                                         0.57      21.24 f
  U103/Y (INVXLM)                                         0.61      21.85 r
  U78/Y (DLY1X1M)                                         0.88      22.73 r
  U104/Y (INVXLM)                                         0.55      23.27 f
  U79/Y (DLY1X1M)                                         0.83      24.10 f
  U138/Y (INVXLM)                                         0.62      24.72 r
  U122/Y (INVXLM)                                         0.48      25.20 f
  U84/Y (DLY1X1M)                                         0.81      26.01 f
  U123/Y (INVXLM)                                         0.62      26.64 r
  U113/Y (DLY1X1M)                                        0.89      27.52 r
  U136/Y (DLY1X1M)                                        0.88      28.40 r
  U135/Y (DLY1X1M)                                        0.88      29.28 r
  u_RegFile/test_se (RegisterFile_DATA_WIDTH8_DATA_DEPTH16_ADDR_WIDTH4_test_1)
                                                          0.00      29.28 r
  u_RegFile/U563/Y (DLY1X1M)                              0.88      30.15 r
  u_RegFile/U566/Y (DLY1X1M)                              0.88      31.03 r
  u_RegFile/U654/Y (DLY1X1M)                              0.88      31.91 r
  u_RegFile/U569/Y (DLY1X1M)                              0.88      32.78 r
  u_RegFile/U643/Y (DLY1X1M)                              0.88      33.66 r
  u_RegFile/U685/Y (DLY1X1M)                              0.88      34.53 r
  u_RegFile/U602/Y (DLY1X1M)                              0.90      35.43 r
  u_RegFile/mem_reg[5][7]/SE (SDFFRQX2M)                  0.00      35.43 r
  data arrival time                                                 35.43

  clock SCAN_CLK (rise edge)                            100.00     100.00
  clock network delay (ideal)                             0.00     100.00
  clock uncertainty                                      -0.20      99.80
  u_RegFile/mem_reg[5][7]/CK (SDFFRQX2M)                  0.00      99.80 r
  library setup time                                     -0.61      99.19
  data required time                                                99.19
  --------------------------------------------------------------------------
  data required time                                                99.19
  data arrival time                                                -35.43
  --------------------------------------------------------------------------
  slack (MET)                                                       63.76


  Startpoint: SE (input port clocked by SCAN_CLK)
  Endpoint: u_RegFile/mem_reg[5][6]
            (rising edge-triggered flip-flop clocked by SCAN_CLK)
  Path Group: SCAN_CLK
  Path Type: max

  Des/Clust/Port     Wire Load Model       Library
  ------------------------------------------------
  SYS_TOP            tsmc13_wl30           scmetro_tsmc_cl013g_rvt_ss_1p08v_125c

  Point                                                   Incr       Path
  --------------------------------------------------------------------------
  clock SCAN_CLK (rise edge)                              0.00       0.00
  clock network delay (ideal)                             0.00       0.00
  input external delay                                   20.00      20.00 r
  SE (in)                                                 0.66      20.66 r
  U137/Y (INVXLM)                                         0.57      21.24 f
  U103/Y (INVXLM)                                         0.61      21.85 r
  U78/Y (DLY1X1M)                                         0.88      22.73 r
  U104/Y (INVXLM)                                         0.55      23.27 f
  U79/Y (DLY1X1M)                                         0.83      24.10 f
  U138/Y (INVXLM)                                         0.62      24.72 r
  U122/Y (INVXLM)                                         0.48      25.20 f
  U84/Y (DLY1X1M)                                         0.81      26.01 f
  U123/Y (INVXLM)                                         0.62      26.64 r
  U113/Y (DLY1X1M)                                        0.89      27.52 r
  U136/Y (DLY1X1M)                                        0.88      28.40 r
  U135/Y (DLY1X1M)                                        0.88      29.28 r
  u_RegFile/test_se (RegisterFile_DATA_WIDTH8_DATA_DEPTH16_ADDR_WIDTH4_test_1)
                                                          0.00      29.28 r
  u_RegFile/U563/Y (DLY1X1M)                              0.88      30.15 r
  u_RegFile/U566/Y (DLY1X1M)                              0.88      31.03 r
  u_RegFile/U654/Y (DLY1X1M)                              0.88      31.91 r
  u_RegFile/U569/Y (DLY1X1M)                              0.88      32.78 r
  u_RegFile/U643/Y (DLY1X1M)                              0.88      33.66 r
  u_RegFile/U685/Y (DLY1X1M)                              0.88      34.53 r
  u_RegFile/U602/Y (DLY1X1M)                              0.90      35.43 r
  u_RegFile/mem_reg[5][6]/SE (SDFFRQX2M)                  0.00      35.43 r
  data arrival time                                                 35.43

  clock SCAN_CLK (rise edge)                            100.00     100.00
  clock network delay (ideal)                             0.00     100.00
  clock uncertainty                                      -0.20      99.80
  u_RegFile/mem_reg[5][6]/CK (SDFFRQX2M)                  0.00      99.80 r
  library setup time                                     -0.61      99.19
  data required time                                                99.19
  --------------------------------------------------------------------------
  data required time                                                99.19
  data arrival time                                                -35.43
  --------------------------------------------------------------------------
  slack (MET)                                                       63.76


  Startpoint: SE (input port clocked by SCAN_CLK)
  Endpoint: u_RegFile/mem_reg[5][2]
            (rising edge-triggered flip-flop clocked by SCAN_CLK)
  Path Group: SCAN_CLK
  Path Type: max

  Des/Clust/Port     Wire Load Model       Library
  ------------------------------------------------
  SYS_TOP            tsmc13_wl30           scmetro_tsmc_cl013g_rvt_ss_1p08v_125c

  Point                                                   Incr       Path
  --------------------------------------------------------------------------
  clock SCAN_CLK (rise edge)                              0.00       0.00
  clock network delay (ideal)                             0.00       0.00
  input external delay                                   20.00      20.00 r
  SE (in)                                                 0.66      20.66 r
  U137/Y (INVXLM)                                         0.57      21.24 f
  U103/Y (INVXLM)                                         0.61      21.85 r
  U78/Y (DLY1X1M)                                         0.88      22.73 r
  U104/Y (INVXLM)                                         0.55      23.27 f
  U79/Y (DLY1X1M)                                         0.83      24.10 f
  U138/Y (INVXLM)                                         0.62      24.72 r
  U122/Y (INVXLM)                                         0.48      25.20 f
  U84/Y (DLY1X1M)                                         0.81      26.01 f
  U123/Y (INVXLM)                                         0.62      26.64 r
  U113/Y (DLY1X1M)                                        0.89      27.52 r
  U136/Y (DLY1X1M)                                        0.88      28.40 r
  U135/Y (DLY1X1M)                                        0.88      29.28 r
  u_RegFile/test_se (RegisterFile_DATA_WIDTH8_DATA_DEPTH16_ADDR_WIDTH4_test_1)
                                                          0.00      29.28 r
  u_RegFile/U563/Y (DLY1X1M)                              0.88      30.15 r
  u_RegFile/U566/Y (DLY1X1M)                              0.88      31.03 r
  u_RegFile/U654/Y (DLY1X1M)                              0.88      31.91 r
  u_RegFile/U569/Y (DLY1X1M)                              0.88      32.78 r
  u_RegFile/U639/Y (DLY1X1M)                              0.88      33.66 r
  u_RegFile/U683/Y (DLY1X1M)                              0.88      34.53 r
  u_RegFile/U601/Y (DLY1X1M)                              0.90      35.43 r
  u_RegFile/mem_reg[5][2]/SE (SDFFRQX2M)                  0.00      35.43 r
  data arrival time                                                 35.43

  clock SCAN_CLK (rise edge)                            100.00     100.00
  clock network delay (ideal)                             0.00     100.00
  clock uncertainty                                      -0.20      99.80
  u_RegFile/mem_reg[5][2]/CK (SDFFRQX2M)                  0.00      99.80 r
  library setup time                                     -0.61      99.19
  data required time                                                99.19
  --------------------------------------------------------------------------
  data required time                                                99.19
  data arrival time                                                -35.43
  --------------------------------------------------------------------------
  slack (MET)                                                       63.76


  Startpoint: SE (input port clocked by SCAN_CLK)
  Endpoint: u_RegFile/mem_reg[5][1]
            (rising edge-triggered flip-flop clocked by SCAN_CLK)
  Path Group: SCAN_CLK
  Path Type: max

  Des/Clust/Port     Wire Load Model       Library
  ------------------------------------------------
  SYS_TOP            tsmc13_wl30           scmetro_tsmc_cl013g_rvt_ss_1p08v_125c

  Point                                                   Incr       Path
  --------------------------------------------------------------------------
  clock SCAN_CLK (rise edge)                              0.00       0.00
  clock network delay (ideal)                             0.00       0.00
  input external delay                                   20.00      20.00 r
  SE (in)                                                 0.66      20.66 r
  U137/Y (INVXLM)                                         0.57      21.24 f
  U103/Y (INVXLM)                                         0.61      21.85 r
  U78/Y (DLY1X1M)                                         0.88      22.73 r
  U104/Y (INVXLM)                                         0.55      23.27 f
  U79/Y (DLY1X1M)                                         0.83      24.10 f
  U138/Y (INVXLM)                                         0.62      24.72 r
  U122/Y (INVXLM)                                         0.48      25.20 f
  U84/Y (DLY1X1M)                                         0.81      26.01 f
  U123/Y (INVXLM)                                         0.62      26.64 r
  U113/Y (DLY1X1M)                                        0.89      27.52 r
  U136/Y (DLY1X1M)                                        0.88      28.40 r
  U135/Y (DLY1X1M)                                        0.88      29.28 r
  u_RegFile/test_se (RegisterFile_DATA_WIDTH8_DATA_DEPTH16_ADDR_WIDTH4_test_1)
                                                          0.00      29.28 r
  u_RegFile/U563/Y (DLY1X1M)                              0.88      30.15 r
  u_RegFile/U566/Y (DLY1X1M)                              0.88      31.03 r
  u_RegFile/U654/Y (DLY1X1M)                              0.88      31.91 r
  u_RegFile/U569/Y (DLY1X1M)                              0.88      32.78 r
  u_RegFile/U639/Y (DLY1X1M)                              0.88      33.66 r
  u_RegFile/U683/Y (DLY1X1M)                              0.88      34.53 r
  u_RegFile/U601/Y (DLY1X1M)                              0.90      35.43 r
  u_RegFile/mem_reg[5][1]/SE (SDFFRQX2M)                  0.00      35.43 r
  data arrival time                                                 35.43

  clock SCAN_CLK (rise edge)                            100.00     100.00
  clock network delay (ideal)                             0.00     100.00
  clock uncertainty                                      -0.20      99.80
  u_RegFile/mem_reg[5][1]/CK (SDFFRQX2M)                  0.00      99.80 r
  library setup time                                     -0.61      99.19
  data required time                                                99.19
  --------------------------------------------------------------------------
  data required time                                                99.19
  data arrival time                                                -35.43
  --------------------------------------------------------------------------
  slack (MET)                                                       63.76


  Startpoint: SE (input port clocked by SCAN_CLK)
  Endpoint: u_RegFile/mem_reg[15][2]
            (rising edge-triggered flip-flop clocked by SCAN_CLK)
  Path Group: SCAN_CLK
  Path Type: max

  Des/Clust/Port     Wire Load Model       Library
  ------------------------------------------------
  SYS_TOP            tsmc13_wl30           scmetro_tsmc_cl013g_rvt_ss_1p08v_125c

  Point                                                   Incr       Path
  --------------------------------------------------------------------------
  clock SCAN_CLK (rise edge)                              0.00       0.00
  clock network delay (ideal)                             0.00       0.00
  input external delay                                   20.00      20.00 r
  SE (in)                                                 0.66      20.66 r
  U137/Y (INVXLM)                                         0.57      21.24 f
  U103/Y (INVXLM)                                         0.61      21.85 r
  U78/Y (DLY1X1M)                                         0.88      22.73 r
  U104/Y (INVXLM)                                         0.55      23.27 f
  U79/Y (DLY1X1M)                                         0.83      24.10 f
  U138/Y (INVXLM)                                         0.62      24.72 r
  U122/Y (INVXLM)                                         0.48      25.20 f
  U84/Y (DLY1X1M)                                         0.81      26.01 f
  U123/Y (INVXLM)                                         0.62      26.64 r
  U113/Y (DLY1X1M)                                        0.89      27.52 r
  U136/Y (DLY1X1M)                                        0.88      28.40 r
  U135/Y (DLY1X1M)                                        0.88      29.28 r
  u_RegFile/test_se (RegisterFile_DATA_WIDTH8_DATA_DEPTH16_ADDR_WIDTH4_test_1)
                                                          0.00      29.28 r
  u_RegFile/U563/Y (DLY1X1M)                              0.88      30.15 r
  u_RegFile/U630/Y (DLY1X1M)                              0.88      31.03 r
  u_RegFile/U653/Y (DLY1X1M)                              0.88      31.91 r
  u_RegFile/U568/Y (DLY1X1M)                              0.88      32.78 r
  u_RegFile/U637/Y (DLY1X1M)                              0.88      33.66 r
  u_RegFile/U667/Y (DLY1X1M)                              0.88      34.53 r
  u_RegFile/U593/Y (DLY1X1M)                              0.90      35.43 r
  u_RegFile/mem_reg[15][2]/SE (SDFFRQX2M)                 0.00      35.43 r
  data arrival time                                                 35.43

  clock SCAN_CLK (rise edge)                            100.00     100.00
  clock network delay (ideal)                             0.00     100.00
  clock uncertainty                                      -0.20      99.80
  u_RegFile/mem_reg[15][2]/CK (SDFFRQX2M)                 0.00      99.80 r
  library setup time                                     -0.61      99.19
  data required time                                                99.19
  --------------------------------------------------------------------------
  data required time                                                99.19
  data arrival time                                                -35.43
  --------------------------------------------------------------------------
  slack (MET)                                                       63.76


  Startpoint: SE (input port clocked by SCAN_CLK)
  Endpoint: u_RegFile/mem_reg[15][1]
            (rising edge-triggered flip-flop clocked by SCAN_CLK)
  Path Group: SCAN_CLK
  Path Type: max

  Des/Clust/Port     Wire Load Model       Library
  ------------------------------------------------
  SYS_TOP            tsmc13_wl30           scmetro_tsmc_cl013g_rvt_ss_1p08v_125c

  Point                                                   Incr       Path
  --------------------------------------------------------------------------
  clock SCAN_CLK (rise edge)                              0.00       0.00
  clock network delay (ideal)                             0.00       0.00
  input external delay                                   20.00      20.00 r
  SE (in)                                                 0.66      20.66 r
  U137/Y (INVXLM)                                         0.57      21.24 f
  U103/Y (INVXLM)                                         0.61      21.85 r
  U78/Y (DLY1X1M)                                         0.88      22.73 r
  U104/Y (INVXLM)                                         0.55      23.27 f
  U79/Y (DLY1X1M)                                         0.83      24.10 f
  U138/Y (INVXLM)                                         0.62      24.72 r
  U122/Y (INVXLM)                                         0.48      25.20 f
  U84/Y (DLY1X1M)                                         0.81      26.01 f
  U123/Y (INVXLM)                                         0.62      26.64 r
  U113/Y (DLY1X1M)                                        0.89      27.52 r
  U136/Y (DLY1X1M)                                        0.88      28.40 r
  U135/Y (DLY1X1M)                                        0.88      29.28 r
  u_RegFile/test_se (RegisterFile_DATA_WIDTH8_DATA_DEPTH16_ADDR_WIDTH4_test_1)
                                                          0.00      29.28 r
  u_RegFile/U563/Y (DLY1X1M)                              0.88      30.15 r
  u_RegFile/U630/Y (DLY1X1M)                              0.88      31.03 r
  u_RegFile/U653/Y (DLY1X1M)                              0.88      31.91 r
  u_RegFile/U568/Y (DLY1X1M)                              0.88      32.78 r
  u_RegFile/U637/Y (DLY1X1M)                              0.88      33.66 r
  u_RegFile/U667/Y (DLY1X1M)                              0.88      34.53 r
  u_RegFile/U593/Y (DLY1X1M)                              0.90      35.43 r
  u_RegFile/mem_reg[15][1]/SE (SDFFRQX2M)                 0.00      35.43 r
  data arrival time                                                 35.43

  clock SCAN_CLK (rise edge)                            100.00     100.00
  clock network delay (ideal)                             0.00     100.00
  clock uncertainty                                      -0.20      99.80
  u_RegFile/mem_reg[15][1]/CK (SDFFRQX2M)                 0.00      99.80 r
  library setup time                                     -0.61      99.19
  data required time                                                99.19
  --------------------------------------------------------------------------
  data required time                                                99.19
  data arrival time                                                -35.43
  --------------------------------------------------------------------------
  slack (MET)                                                       63.76


  Startpoint: SE (input port clocked by SCAN_CLK)
  Endpoint: u_RegFile/mem_reg[7][1]
            (rising edge-triggered flip-flop clocked by SCAN_CLK)
  Path Group: SCAN_CLK
  Path Type: max

  Des/Clust/Port     Wire Load Model       Library
  ------------------------------------------------
  SYS_TOP            tsmc13_wl30           scmetro_tsmc_cl013g_rvt_ss_1p08v_125c

  Point                                                   Incr       Path
  --------------------------------------------------------------------------
  clock SCAN_CLK (rise edge)                              0.00       0.00
  clock network delay (ideal)                             0.00       0.00
  input external delay                                   20.00      20.00 r
  SE (in)                                                 0.66      20.66 r
  U137/Y (INVXLM)                                         0.57      21.24 f
  U103/Y (INVXLM)                                         0.61      21.85 r
  U78/Y (DLY1X1M)                                         0.88      22.73 r
  U104/Y (INVXLM)                                         0.55      23.27 f
  U79/Y (DLY1X1M)                                         0.83      24.10 f
  U138/Y (INVXLM)                                         0.62      24.72 r
  U122/Y (INVXLM)                                         0.48      25.20 f
  U84/Y (DLY1X1M)                                         0.81      26.01 f
  U123/Y (INVXLM)                                         0.62      26.64 r
  U113/Y (DLY1X1M)                                        0.89      27.52 r
  U136/Y (DLY1X1M)                                        0.88      28.40 r
  U135/Y (DLY1X1M)                                        0.88      29.28 r
  u_RegFile/test_se (RegisterFile_DATA_WIDTH8_DATA_DEPTH16_ADDR_WIDTH4_test_1)
                                                          0.00      29.28 r
  u_RegFile/U563/Y (DLY1X1M)                              0.88      30.15 r
  u_RegFile/U566/Y (DLY1X1M)                              0.88      31.03 r
  u_RegFile/U628/Y (DLY1X1M)                              0.88      31.91 r
  u_RegFile/U565/Y (DLY1X1M)                              0.88      32.78 r
  u_RegFile/U646/Y (DLY1X1M)                              0.89      33.67 r
  u_RegFile/U679/Y (DLY1X1M)                              0.88      34.54 r
  u_RegFile/U680/Y (DLY1X1M)                              0.89      35.43 r
  u_RegFile/mem_reg[7][1]/SE (SDFFRQX2M)                  0.00      35.43 r
  data arrival time                                                 35.43

  clock SCAN_CLK (rise edge)                            100.00     100.00
  clock network delay (ideal)                             0.00     100.00
  clock uncertainty                                      -0.20      99.80
  u_RegFile/mem_reg[7][1]/CK (SDFFRQX2M)                  0.00      99.80 r
  library setup time                                     -0.61      99.19
  data required time                                                99.19
  --------------------------------------------------------------------------
  data required time                                                99.19
  data arrival time                                                -35.43
  --------------------------------------------------------------------------
  slack (MET)                                                       63.76


  Startpoint: SE (input port clocked by SCAN_CLK)
  Endpoint: u_RegFile/mem_reg[9][4]
            (rising edge-triggered flip-flop clocked by SCAN_CLK)
  Path Group: SCAN_CLK
  Path Type: max

  Des/Clust/Port     Wire Load Model       Library
  ------------------------------------------------
  SYS_TOP            tsmc13_wl30           scmetro_tsmc_cl013g_rvt_ss_1p08v_125c

  Point                                                   Incr       Path
  --------------------------------------------------------------------------
  clock SCAN_CLK (rise edge)                              0.00       0.00
  clock network delay (ideal)                             0.00       0.00
  input external delay                                   20.00      20.00 r
  SE (in)                                                 0.66      20.66 r
  U137/Y (INVXLM)                                         0.57      21.24 f
  U103/Y (INVXLM)                                         0.61      21.85 r
  U78/Y (DLY1X1M)                                         0.88      22.73 r
  U104/Y (INVXLM)                                         0.55      23.27 f
  U79/Y (DLY1X1M)                                         0.83      24.10 f
  U138/Y (INVXLM)                                         0.62      24.72 r
  U122/Y (INVXLM)                                         0.48      25.20 f
  U84/Y (DLY1X1M)                                         0.81      26.01 f
  U123/Y (INVXLM)                                         0.62      26.64 r
  U113/Y (DLY1X1M)                                        0.89      27.52 r
  U136/Y (DLY1X1M)                                        0.88      28.40 r
  U135/Y (DLY1X1M)                                        0.88      29.28 r
  u_RegFile/test_se (RegisterFile_DATA_WIDTH8_DATA_DEPTH16_ADDR_WIDTH4_test_1)
                                                          0.00      29.28 r
  u_RegFile/U563/Y (DLY1X1M)                              0.88      30.15 r
  u_RegFile/U630/Y (DLY1X1M)                              0.88      31.03 r
  u_RegFile/U627/Y (DLY1X1M)                              0.88      31.91 r
  u_RegFile/U564/Y (DLY1X1M)                              0.88      32.78 r
  u_RegFile/U642/Y (DLY1X1M)                              0.89      33.67 r
  u_RegFile/U677/Y (DLY1X1M)                              0.88      34.54 r
  u_RegFile/U678/Y (DLY1X1M)                              0.89      35.43 r
  u_RegFile/mem_reg[9][4]/SE (SDFFRQX2M)                  0.00      35.43 r
  data arrival time                                                 35.43

  clock SCAN_CLK (rise edge)                            100.00     100.00
  clock network delay (ideal)                             0.00     100.00
  clock uncertainty                                      -0.20      99.80
  u_RegFile/mem_reg[9][4]/CK (SDFFRQX2M)                  0.00      99.80 r
  library setup time                                     -0.61      99.19
  data required time                                                99.19
  --------------------------------------------------------------------------
  data required time                                                99.19
  data arrival time                                                -35.43
  --------------------------------------------------------------------------
  slack (MET)                                                       63.76


  Startpoint: SE (input port clocked by SCAN_CLK)
  Endpoint: u_RegFile/mem_reg[1][2]
            (rising edge-triggered flip-flop clocked by SCAN_CLK)
  Path Group: SCAN_CLK
  Path Type: max

  Des/Clust/Port     Wire Load Model       Library
  ------------------------------------------------
  SYS_TOP            tsmc13_wl30           scmetro_tsmc_cl013g_rvt_ss_1p08v_125c

  Point                                                   Incr       Path
  --------------------------------------------------------------------------
  clock SCAN_CLK (rise edge)                              0.00       0.00
  clock network delay (ideal)                             0.00       0.00
  input external delay                                   20.00      20.00 r
  SE (in)                                                 0.66      20.66 r
  U137/Y (INVXLM)                                         0.57      21.24 f
  U103/Y (INVXLM)                                         0.61      21.85 r
  U78/Y (DLY1X1M)                                         0.88      22.73 r
  U104/Y (INVXLM)                                         0.55      23.27 f
  U79/Y (DLY1X1M)                                         0.83      24.10 f
  U138/Y (INVXLM)                                         0.62      24.72 r
  U122/Y (INVXLM)                                         0.48      25.20 f
  U84/Y (DLY1X1M)                                         0.81      26.01 f
  U123/Y (INVXLM)                                         0.62      26.64 r
  U113/Y (DLY1X1M)                                        0.89      27.52 r
  U136/Y (DLY1X1M)                                        0.88      28.40 r
  U135/Y (DLY1X1M)                                        0.88      29.28 r
  u_RegFile/test_se (RegisterFile_DATA_WIDTH8_DATA_DEPTH16_ADDR_WIDTH4_test_1)
                                                          0.00      29.28 r
  u_RegFile/U629/Y (DLY1X1M)                              0.88      30.15 r
  u_RegFile/U652/Y (DLY1X1M)                              0.88      31.03 r
  u_RegFile/U648/Y (DLY1X1M)                              0.88      31.91 r
  u_RegFile/U631/Y (DLY1X1M)                              0.89      32.79 r
  u_RegFile/U689/Y (DLY1X1M)                              0.88      33.67 r
  u_RegFile/U691/Y (DLY1X1M)                              0.88      34.54 r
  u_RegFile/U692/Y (DLY1X1M)                              0.89      35.43 r
  u_RegFile/mem_reg[1][2]/SE (SDFFRQX1M)                  0.00      35.43 r
  data arrival time                                                 35.43

  clock SCAN_CLK (rise edge)                            100.00     100.00
  clock network delay (ideal)                             0.00     100.00
  clock uncertainty                                      -0.20      99.80
  u_RegFile/mem_reg[1][2]/CK (SDFFRQX1M)                  0.00      99.80 r
  library setup time                                     -0.60      99.20
  data required time                                                99.20
  --------------------------------------------------------------------------
  data required time                                                99.20
  data arrival time                                                -35.43
  --------------------------------------------------------------------------
  slack (MET)                                                       63.77


  Startpoint: SE (input port clocked by SCAN_CLK)
  Endpoint: u_RegFile/RdData_Valid_reg
            (rising edge-triggered flip-flop clocked by SCAN_CLK)
  Path Group: SCAN_CLK
  Path Type: max

  Des/Clust/Port     Wire Load Model       Library
  ------------------------------------------------
  SYS_TOP            tsmc13_wl30           scmetro_tsmc_cl013g_rvt_ss_1p08v_125c

  Point                                                   Incr       Path
  --------------------------------------------------------------------------
  clock SCAN_CLK (rise edge)                              0.00       0.00
  clock network delay (ideal)                             0.00       0.00
  input external delay                                   20.00      20.00 r
  SE (in)                                                 0.66      20.66 r
  U137/Y (INVXLM)                                         0.57      21.24 f
  U103/Y (INVXLM)                                         0.61      21.85 r
  U78/Y (DLY1X1M)                                         0.88      22.73 r
  U104/Y (INVXLM)                                         0.55      23.27 f
  U79/Y (DLY1X1M)                                         0.83      24.10 f
  U138/Y (INVXLM)                                         0.62      24.72 r
  U122/Y (INVXLM)                                         0.48      25.20 f
  U84/Y (DLY1X1M)                                         0.81      26.01 f
  U123/Y (INVXLM)                                         0.62      26.64 r
  U113/Y (DLY1X1M)                                        0.89      27.52 r
  U136/Y (DLY1X1M)                                        0.88      28.40 r
  U135/Y (DLY1X1M)                                        0.88      29.28 r
  u_RegFile/test_se (RegisterFile_DATA_WIDTH8_DATA_DEPTH16_ADDR_WIDTH4_test_1)
                                                          0.00      29.28 r
  u_RegFile/U563/Y (DLY1X1M)                              0.88      30.15 r
  u_RegFile/U566/Y (DLY1X1M)                              0.88      31.03 r
  u_RegFile/U654/Y (DLY1X1M)                              0.88      31.91 r
  u_RegFile/U569/Y (DLY1X1M)                              0.88      32.78 r
  u_RegFile/U643/Y (DLY1X1M)                              0.88      33.66 r
  u_RegFile/U685/Y (DLY1X1M)                              0.88      34.53 r
  u_RegFile/U686/Y (DLY1X1M)                              0.89      35.42 r
  u_RegFile/RdData_Valid_reg/SE (SDFFRQX2M)               0.00      35.42 r
  data arrival time                                                 35.42

  clock SCAN_CLK (rise edge)                            100.00     100.00
  clock network delay (ideal)                             0.00     100.00
  clock uncertainty                                      -0.20      99.80
  u_RegFile/RdData_Valid_reg/CK (SDFFRQX2M)               0.00      99.80 r
  library setup time                                     -0.61      99.19
  data required time                                                99.19
  --------------------------------------------------------------------------
  data required time                                                99.19
  data arrival time                                                -35.42
  --------------------------------------------------------------------------
  slack (MET)                                                       63.77


  Startpoint: SE (input port clocked by SCAN_CLK)
  Endpoint: u_RegFile/mem_reg[5][3]
            (rising edge-triggered flip-flop clocked by SCAN_CLK)
  Path Group: SCAN_CLK
  Path Type: max

  Des/Clust/Port     Wire Load Model       Library
  ------------------------------------------------
  SYS_TOP            tsmc13_wl30           scmetro_tsmc_cl013g_rvt_ss_1p08v_125c

  Point                                                   Incr       Path
  --------------------------------------------------------------------------
  clock SCAN_CLK (rise edge)                              0.00       0.00
  clock network delay (ideal)                             0.00       0.00
  input external delay                                   20.00      20.00 r
  SE (in)                                                 0.66      20.66 r
  U137/Y (INVXLM)                                         0.57      21.24 f
  U103/Y (INVXLM)                                         0.61      21.85 r
  U78/Y (DLY1X1M)                                         0.88      22.73 r
  U104/Y (INVXLM)                                         0.55      23.27 f
  U79/Y (DLY1X1M)                                         0.83      24.10 f
  U138/Y (INVXLM)                                         0.62      24.72 r
  U122/Y (INVXLM)                                         0.48      25.20 f
  U84/Y (DLY1X1M)                                         0.81      26.01 f
  U123/Y (INVXLM)                                         0.62      26.64 r
  U113/Y (DLY1X1M)                                        0.89      27.52 r
  U136/Y (DLY1X1M)                                        0.88      28.40 r
  U135/Y (DLY1X1M)                                        0.88      29.28 r
  u_RegFile/test_se (RegisterFile_DATA_WIDTH8_DATA_DEPTH16_ADDR_WIDTH4_test_1)
                                                          0.00      29.28 r
  u_RegFile/U563/Y (DLY1X1M)                              0.88      30.15 r
  u_RegFile/U566/Y (DLY1X1M)                              0.88      31.03 r
  u_RegFile/U654/Y (DLY1X1M)                              0.88      31.91 r
  u_RegFile/U569/Y (DLY1X1M)                              0.88      32.78 r
  u_RegFile/U639/Y (DLY1X1M)                              0.88      33.66 r
  u_RegFile/U683/Y (DLY1X1M)                              0.88      34.53 r
  u_RegFile/U684/Y (DLY1X1M)                              0.89      35.42 r
  u_RegFile/mem_reg[5][3]/SE (SDFFRQX2M)                  0.00      35.42 r
  data arrival time                                                 35.42

  clock SCAN_CLK (rise edge)                            100.00     100.00
  clock network delay (ideal)                             0.00     100.00
  clock uncertainty                                      -0.20      99.80
  u_RegFile/mem_reg[5][3]/CK (SDFFRQX2M)                  0.00      99.80 r
  library setup time                                     -0.61      99.19
  data required time                                                99.19
  --------------------------------------------------------------------------
  data required time                                                99.19
  data arrival time                                                -35.42
  --------------------------------------------------------------------------
  slack (MET)                                                       63.77


  Startpoint: SE (input port clocked by SCAN_CLK)
  Endpoint: u_RegFile/mem_reg[15][3]
            (rising edge-triggered flip-flop clocked by SCAN_CLK)
  Path Group: SCAN_CLK
  Path Type: max

  Des/Clust/Port     Wire Load Model       Library
  ------------------------------------------------
  SYS_TOP            tsmc13_wl30           scmetro_tsmc_cl013g_rvt_ss_1p08v_125c

  Point                                                   Incr       Path
  --------------------------------------------------------------------------
  clock SCAN_CLK (rise edge)                              0.00       0.00
  clock network delay (ideal)                             0.00       0.00
  input external delay                                   20.00      20.00 r
  SE (in)                                                 0.66      20.66 r
  U137/Y (INVXLM)                                         0.57      21.24 f
  U103/Y (INVXLM)                                         0.61      21.85 r
  U78/Y (DLY1X1M)                                         0.88      22.73 r
  U104/Y (INVXLM)                                         0.55      23.27 f
  U79/Y (DLY1X1M)                                         0.83      24.10 f
  U138/Y (INVXLM)                                         0.62      24.72 r
  U122/Y (INVXLM)                                         0.48      25.20 f
  U84/Y (DLY1X1M)                                         0.81      26.01 f
  U123/Y (INVXLM)                                         0.62      26.64 r
  U113/Y (DLY1X1M)                                        0.89      27.52 r
  U136/Y (DLY1X1M)                                        0.88      28.40 r
  U135/Y (DLY1X1M)                                        0.88      29.28 r
  u_RegFile/test_se (RegisterFile_DATA_WIDTH8_DATA_DEPTH16_ADDR_WIDTH4_test_1)
                                                          0.00      29.28 r
  u_RegFile/U563/Y (DLY1X1M)                              0.88      30.15 r
  u_RegFile/U630/Y (DLY1X1M)                              0.88      31.03 r
  u_RegFile/U653/Y (DLY1X1M)                              0.88      31.91 r
  u_RegFile/U568/Y (DLY1X1M)                              0.88      32.78 r
  u_RegFile/U637/Y (DLY1X1M)                              0.88      33.66 r
  u_RegFile/U667/Y (DLY1X1M)                              0.88      34.53 r
  u_RegFile/U668/Y (DLY1X1M)                              0.89      35.42 r
  u_RegFile/mem_reg[15][3]/SE (SDFFRQX2M)                 0.00      35.42 r
  data arrival time                                                 35.42

  clock SCAN_CLK (rise edge)                            100.00     100.00
  clock network delay (ideal)                             0.00     100.00
  clock uncertainty                                      -0.20      99.80
  u_RegFile/mem_reg[15][3]/CK (SDFFRQX2M)                 0.00      99.80 r
  library setup time                                     -0.61      99.19
  data required time                                                99.19
  --------------------------------------------------------------------------
  data required time                                                99.19
  data arrival time                                                -35.42
  --------------------------------------------------------------------------
  slack (MET)                                                       63.77


  Startpoint: SE (input port clocked by SCAN_CLK)
  Endpoint: u_RegFile/mem_reg[3][6]
            (rising edge-triggered flip-flop clocked by SCAN_CLK)
  Path Group: SCAN_CLK
  Path Type: max

  Des/Clust/Port     Wire Load Model       Library
  ------------------------------------------------
  SYS_TOP            tsmc13_wl30           scmetro_tsmc_cl013g_rvt_ss_1p08v_125c

  Point                                                   Incr       Path
  --------------------------------------------------------------------------
  clock SCAN_CLK (rise edge)                              0.00       0.00
  clock network delay (ideal)                             0.00       0.00
  input external delay                                   20.00      20.00 r
  SE (in)                                                 0.66      20.66 r
  U137/Y (INVXLM)                                         0.57      21.24 f
  U103/Y (INVXLM)                                         0.61      21.85 r
  U78/Y (DLY1X1M)                                         0.88      22.73 r
  U104/Y (INVXLM)                                         0.55      23.27 f
  U79/Y (DLY1X1M)                                         0.83      24.10 f
  U138/Y (INVXLM)                                         0.62      24.72 r
  U122/Y (INVXLM)                                         0.48      25.20 f
  U84/Y (DLY1X1M)                                         0.81      26.01 f
  U123/Y (INVXLM)                                         0.62      26.64 r
  U113/Y (DLY1X1M)                                        0.89      27.52 r
  U136/Y (DLY1X1M)                                        0.88      28.40 r
  U135/Y (DLY1X1M)                                        0.88      29.28 r
  u_RegFile/test_se (RegisterFile_DATA_WIDTH8_DATA_DEPTH16_ADDR_WIDTH4_test_1)
                                                          0.00      29.28 r
  u_RegFile/U563/Y (DLY1X1M)                              0.88      30.15 r
  u_RegFile/U630/Y (DLY1X1M)                              0.88      31.03 r
  u_RegFile/U653/Y (DLY1X1M)                              0.88      31.91 r
  u_RegFile/U636/Y (DLY1X1M)                              0.88      32.78 r
  u_RegFile/U690/Y (DLY1X1M)                              0.88      33.66 r
  u_RegFile/U697/Y (DLY1X1M)                              0.88      34.53 r
  u_RegFile/U633/Y (DLY1X1M)                              0.89      35.42 r
  u_RegFile/mem_reg[3][6]/SE (SDFFRQX1M)                  0.00      35.42 r
  data arrival time                                                 35.42

  clock SCAN_CLK (rise edge)                            100.00     100.00
  clock network delay (ideal)                             0.00     100.00
  clock uncertainty                                      -0.20      99.80
  u_RegFile/mem_reg[3][6]/CK (SDFFRQX1M)                  0.00      99.80 r
  library setup time                                     -0.60      99.20
  data required time                                                99.20
  --------------------------------------------------------------------------
  data required time                                                99.20
  data arrival time                                                -35.42
  --------------------------------------------------------------------------
  slack (MET)                                                       63.78


  Startpoint: SE (input port clocked by SCAN_CLK)
  Endpoint: u_RegFile/mem_reg[13][0]
            (rising edge-triggered flip-flop clocked by SCAN_CLK)
  Path Group: SCAN_CLK
  Path Type: max

  Des/Clust/Port     Wire Load Model       Library
  ------------------------------------------------
  SYS_TOP            tsmc13_wl30           scmetro_tsmc_cl013g_rvt_ss_1p08v_125c

  Point                                                   Incr       Path
  --------------------------------------------------------------------------
  clock SCAN_CLK (rise edge)                              0.00       0.00
  clock network delay (ideal)                             0.00       0.00
  input external delay                                   20.00      20.00 r
  SE (in)                                                 0.66      20.66 r
  U137/Y (INVXLM)                                         0.57      21.24 f
  U103/Y (INVXLM)                                         0.61      21.85 r
  U78/Y (DLY1X1M)                                         0.88      22.73 r
  U104/Y (INVXLM)                                         0.55      23.27 f
  U79/Y (DLY1X1M)                                         0.83      24.10 f
  U138/Y (INVXLM)                                         0.62      24.72 r
  U122/Y (INVXLM)                                         0.48      25.20 f
  U84/Y (DLY1X1M)                                         0.81      26.01 f
  U123/Y (INVXLM)                                         0.62      26.64 r
  U113/Y (DLY1X1M)                                        0.89      27.52 r
  U136/Y (DLY1X1M)                                        0.88      28.40 r
  U135/Y (DLY1X1M)                                        0.88      29.28 r
  u_RegFile/test_se (RegisterFile_DATA_WIDTH8_DATA_DEPTH16_ADDR_WIDTH4_test_1)
                                                          0.00      29.28 r
  u_RegFile/U563/Y (DLY1X1M)                              0.88      30.15 r
  u_RegFile/U630/Y (DLY1X1M)                              0.88      31.03 r
  u_RegFile/U653/Y (DLY1X1M)                              0.88      31.91 r
  u_RegFile/U568/Y (DLY1X1M)                              0.88      32.78 r
  u_RegFile/U641/Y (DLY1X1M)                              0.88      33.66 r
  u_RegFile/U669/Y (DLY1X1M)                              0.88      34.54 r
  u_RegFile/U3/Y (BUFX2M)                                 0.51      35.05 r
  u_RegFile/mem_reg[13][0]/SE (SDFFRQX4M)                 0.00      35.05 r
  data arrival time                                                 35.05

  clock SCAN_CLK (rise edge)                            100.00     100.00
  clock network delay (ideal)                             0.00     100.00
  clock uncertainty                                      -0.20      99.80
  u_RegFile/mem_reg[13][0]/CK (SDFFRQX4M)                 0.00      99.80 r
  library setup time                                     -0.59      99.21
  data required time                                                99.21
  --------------------------------------------------------------------------
  data required time                                                99.21
  data arrival time                                                -35.05
  --------------------------------------------------------------------------
  slack (MET)                                                       64.16


  Startpoint: SE (input port clocked by SCAN_CLK)
  Endpoint: u_RegFile/mem_reg[6][1]
            (rising edge-triggered flip-flop clocked by SCAN_CLK)
  Path Group: SCAN_CLK
  Path Type: max

  Des/Clust/Port     Wire Load Model       Library
  ------------------------------------------------
  SYS_TOP            tsmc13_wl30           scmetro_tsmc_cl013g_rvt_ss_1p08v_125c

  Point                                                   Incr       Path
  --------------------------------------------------------------------------
  clock SCAN_CLK (rise edge)                              0.00       0.00
  clock network delay (ideal)                             0.00       0.00
  input external delay                                   20.00      20.00 r
  SE (in)                                                 0.66      20.66 r
  U137/Y (INVXLM)                                         0.57      21.24 f
  U103/Y (INVXLM)                                         0.61      21.85 r
  U78/Y (DLY1X1M)                                         0.88      22.73 r
  U104/Y (INVXLM)                                         0.55      23.27 f
  U79/Y (DLY1X1M)                                         0.83      24.10 f
  U138/Y (INVXLM)                                         0.62      24.72 r
  U122/Y (INVXLM)                                         0.48      25.20 f
  U84/Y (DLY1X1M)                                         0.81      26.01 f
  U123/Y (INVXLM)                                         0.62      26.64 r
  U113/Y (DLY1X1M)                                        0.89      27.52 r
  U136/Y (DLY1X1M)                                        0.88      28.40 r
  U135/Y (DLY1X1M)                                        0.88      29.28 r
  u_RegFile/test_se (RegisterFile_DATA_WIDTH8_DATA_DEPTH16_ADDR_WIDTH4_test_1)
                                                          0.00      29.28 r
  u_RegFile/U629/Y (DLY1X1M)                              0.88      30.15 r
  u_RegFile/U655/Y (DLY1X1M)                              0.88      31.03 r
  u_RegFile/U649/Y (DLY1X1M)                              0.88      31.91 r
  u_RegFile/U576/Y (DLY1X1M)                              0.89      32.79 r
  u_RegFile/U660/Y (DLY1X1M)                              0.89      33.68 r
  u_RegFile/U612/Y (DLY1X1M)                              0.90      34.57 r
  u_RegFile/mem_reg[6][1]/SE (SDFFRQX2M)                  0.00      34.57 r
  data arrival time                                                 34.57

  clock SCAN_CLK (rise edge)                            100.00     100.00
  clock network delay (ideal)                             0.00     100.00
  clock uncertainty                                      -0.20      99.80
  u_RegFile/mem_reg[6][1]/CK (SDFFRQX2M)                  0.00      99.80 r
  library setup time                                     -0.61      99.19
  data required time                                                99.19
  --------------------------------------------------------------------------
  data required time                                                99.19
  data arrival time                                                -34.57
  --------------------------------------------------------------------------
  slack (MET)                                                       64.62


  Startpoint: SE (input port clocked by SCAN_CLK)
  Endpoint: u_RegFile/mem_reg[6][0]
            (rising edge-triggered flip-flop clocked by SCAN_CLK)
  Path Group: SCAN_CLK
  Path Type: max

  Des/Clust/Port     Wire Load Model       Library
  ------------------------------------------------
  SYS_TOP            tsmc13_wl30           scmetro_tsmc_cl013g_rvt_ss_1p08v_125c

  Point                                                   Incr       Path
  --------------------------------------------------------------------------
  clock SCAN_CLK (rise edge)                              0.00       0.00
  clock network delay (ideal)                             0.00       0.00
  input external delay                                   20.00      20.00 r
  SE (in)                                                 0.66      20.66 r
  U137/Y (INVXLM)                                         0.57      21.24 f
  U103/Y (INVXLM)                                         0.61      21.85 r
  U78/Y (DLY1X1M)                                         0.88      22.73 r
  U104/Y (INVXLM)                                         0.55      23.27 f
  U79/Y (DLY1X1M)                                         0.83      24.10 f
  U138/Y (INVXLM)                                         0.62      24.72 r
  U122/Y (INVXLM)                                         0.48      25.20 f
  U84/Y (DLY1X1M)                                         0.81      26.01 f
  U123/Y (INVXLM)                                         0.62      26.64 r
  U113/Y (DLY1X1M)                                        0.89      27.52 r
  U136/Y (DLY1X1M)                                        0.88      28.40 r
  U135/Y (DLY1X1M)                                        0.88      29.28 r
  u_RegFile/test_se (RegisterFile_DATA_WIDTH8_DATA_DEPTH16_ADDR_WIDTH4_test_1)
                                                          0.00      29.28 r
  u_RegFile/U629/Y (DLY1X1M)                              0.88      30.15 r
  u_RegFile/U655/Y (DLY1X1M)                              0.88      31.03 r
  u_RegFile/U649/Y (DLY1X1M)                              0.88      31.91 r
  u_RegFile/U576/Y (DLY1X1M)                              0.89      32.79 r
  u_RegFile/U660/Y (DLY1X1M)                              0.89      33.68 r
  u_RegFile/U612/Y (DLY1X1M)                              0.90      34.57 r
  u_RegFile/mem_reg[6][0]/SE (SDFFRQX2M)                  0.00      34.57 r
  data arrival time                                                 34.57

  clock SCAN_CLK (rise edge)                            100.00     100.00
  clock network delay (ideal)                             0.00     100.00
  clock uncertainty                                      -0.20      99.80
  u_RegFile/mem_reg[6][0]/CK (SDFFRQX2M)                  0.00      99.80 r
  library setup time                                     -0.61      99.19
  data required time                                                99.19
  --------------------------------------------------------------------------
  data required time                                                99.19
  data arrival time                                                -34.57
  --------------------------------------------------------------------------
  slack (MET)                                                       64.62


  Startpoint: SE (input port clocked by SCAN_CLK)
  Endpoint: u_RegFile/mem_reg[10][5]
            (rising edge-triggered flip-flop clocked by SCAN_CLK)
  Path Group: SCAN_CLK
  Path Type: max

  Des/Clust/Port     Wire Load Model       Library
  ------------------------------------------------
  SYS_TOP            tsmc13_wl30           scmetro_tsmc_cl013g_rvt_ss_1p08v_125c

  Point                                                   Incr       Path
  --------------------------------------------------------------------------
  clock SCAN_CLK (rise edge)                              0.00       0.00
  clock network delay (ideal)                             0.00       0.00
  input external delay                                   20.00      20.00 r
  SE (in)                                                 0.66      20.66 r
  U137/Y (INVXLM)                                         0.57      21.24 f
  U103/Y (INVXLM)                                         0.61      21.85 r
  U78/Y (DLY1X1M)                                         0.88      22.73 r
  U104/Y (INVXLM)                                         0.55      23.27 f
  U79/Y (DLY1X1M)                                         0.83      24.10 f
  U138/Y (INVXLM)                                         0.62      24.72 r
  U122/Y (INVXLM)                                         0.48      25.20 f
  U84/Y (DLY1X1M)                                         0.81      26.01 f
  U123/Y (INVXLM)                                         0.62      26.64 r
  U113/Y (DLY1X1M)                                        0.89      27.52 r
  U136/Y (DLY1X1M)                                        0.88      28.40 r
  U135/Y (DLY1X1M)                                        0.88      29.28 r
  u_RegFile/test_se (RegisterFile_DATA_WIDTH8_DATA_DEPTH16_ADDR_WIDTH4_test_1)
                                                          0.00      29.28 r
  u_RegFile/U629/Y (DLY1X1M)                              0.88      30.15 r
  u_RegFile/U652/Y (DLY1X1M)                              0.88      31.03 r
  u_RegFile/U648/Y (DLY1X1M)                              0.88      31.91 r
  u_RegFile/U632/Y (DLY1X1M)                              0.89      32.79 r
  u_RegFile/U656/Y (DLY1X1M)                              0.89      33.68 r
  u_RegFile/U608/Y (DLY1X1M)                              0.90      34.57 r
  u_RegFile/mem_reg[10][5]/SE (SDFFRQX2M)                 0.00      34.57 r
  data arrival time                                                 34.57

  clock SCAN_CLK (rise edge)                            100.00     100.00
  clock network delay (ideal)                             0.00     100.00
  clock uncertainty                                      -0.20      99.80
  u_RegFile/mem_reg[10][5]/CK (SDFFRQX2M)                 0.00      99.80 r
  library setup time                                     -0.61      99.19
  data required time                                                99.19
  --------------------------------------------------------------------------
  data required time                                                99.19
  data arrival time                                                -34.57
  --------------------------------------------------------------------------
  slack (MET)                                                       64.62


  Startpoint: SE (input port clocked by SCAN_CLK)
  Endpoint: u_RegFile/mem_reg[10][4]
            (rising edge-triggered flip-flop clocked by SCAN_CLK)
  Path Group: SCAN_CLK
  Path Type: max

  Des/Clust/Port     Wire Load Model       Library
  ------------------------------------------------
  SYS_TOP            tsmc13_wl30           scmetro_tsmc_cl013g_rvt_ss_1p08v_125c

  Point                                                   Incr       Path
  --------------------------------------------------------------------------
  clock SCAN_CLK (rise edge)                              0.00       0.00
  clock network delay (ideal)                             0.00       0.00
  input external delay                                   20.00      20.00 r
  SE (in)                                                 0.66      20.66 r
  U137/Y (INVXLM)                                         0.57      21.24 f
  U103/Y (INVXLM)                                         0.61      21.85 r
  U78/Y (DLY1X1M)                                         0.88      22.73 r
  U104/Y (INVXLM)                                         0.55      23.27 f
  U79/Y (DLY1X1M)                                         0.83      24.10 f
  U138/Y (INVXLM)                                         0.62      24.72 r
  U122/Y (INVXLM)                                         0.48      25.20 f
  U84/Y (DLY1X1M)                                         0.81      26.01 f
  U123/Y (INVXLM)                                         0.62      26.64 r
  U113/Y (DLY1X1M)                                        0.89      27.52 r
  U136/Y (DLY1X1M)                                        0.88      28.40 r
  U135/Y (DLY1X1M)                                        0.88      29.28 r
  u_RegFile/test_se (RegisterFile_DATA_WIDTH8_DATA_DEPTH16_ADDR_WIDTH4_test_1)
                                                          0.00      29.28 r
  u_RegFile/U629/Y (DLY1X1M)                              0.88      30.15 r
  u_RegFile/U652/Y (DLY1X1M)                              0.88      31.03 r
  u_RegFile/U648/Y (DLY1X1M)                              0.88      31.91 r
  u_RegFile/U632/Y (DLY1X1M)                              0.89      32.79 r
  u_RegFile/U656/Y (DLY1X1M)                              0.89      33.68 r
  u_RegFile/U608/Y (DLY1X1M)                              0.90      34.57 r
  u_RegFile/mem_reg[10][4]/SE (SDFFRQX2M)                 0.00      34.57 r
  data arrival time                                                 34.57

  clock SCAN_CLK (rise edge)                            100.00     100.00
  clock network delay (ideal)                             0.00     100.00
  clock uncertainty                                      -0.20      99.80
  u_RegFile/mem_reg[10][4]/CK (SDFFRQX2M)                 0.00      99.80 r
  library setup time                                     -0.61      99.19
  data required time                                                99.19
  --------------------------------------------------------------------------
  data required time                                                99.19
  data arrival time                                                -34.57
  --------------------------------------------------------------------------
  slack (MET)                                                       64.62


  Startpoint: SE (input port clocked by SCAN_CLK)
  Endpoint: u_RegFile/mem_reg[11][6]
            (rising edge-triggered flip-flop clocked by SCAN_CLK)
  Path Group: SCAN_CLK
  Path Type: max

  Des/Clust/Port     Wire Load Model       Library
  ------------------------------------------------
  SYS_TOP            tsmc13_wl30           scmetro_tsmc_cl013g_rvt_ss_1p08v_125c

  Point                                                   Incr       Path
  --------------------------------------------------------------------------
  clock SCAN_CLK (rise edge)                              0.00       0.00
  clock network delay (ideal)                             0.00       0.00
  input external delay                                   20.00      20.00 r
  SE (in)                                                 0.66      20.66 r
  U137/Y (INVXLM)                                         0.57      21.24 f
  U103/Y (INVXLM)                                         0.61      21.85 r
  U78/Y (DLY1X1M)                                         0.88      22.73 r
  U104/Y (INVXLM)                                         0.55      23.27 f
  U79/Y (DLY1X1M)                                         0.83      24.10 f
  U138/Y (INVXLM)                                         0.62      24.72 r
  U122/Y (INVXLM)                                         0.48      25.20 f
  U84/Y (DLY1X1M)                                         0.81      26.01 f
  U123/Y (INVXLM)                                         0.62      26.64 r
  U113/Y (DLY1X1M)                                        0.89      27.52 r
  U136/Y (DLY1X1M)                                        0.88      28.40 r
  U135/Y (DLY1X1M)                                        0.88      29.28 r
  u_RegFile/test_se (RegisterFile_DATA_WIDTH8_DATA_DEPTH16_ADDR_WIDTH4_test_1)
                                                          0.00      29.28 r
  u_RegFile/U563/Y (DLY1X1M)                              0.88      30.15 r
  u_RegFile/U630/Y (DLY1X1M)                              0.88      31.03 r
  u_RegFile/U627/Y (DLY1X1M)                              0.88      31.91 r
  u_RegFile/U638/Y (DLY1X1M)                              0.89      32.79 r
  u_RegFile/U675/Y (DLY1X1M)                              0.88      33.67 r
  u_RegFile/U597/Y (DLY1X1M)                              0.90      34.56 r
  u_RegFile/mem_reg[11][6]/SE (SDFFRQX2M)                 0.00      34.56 r
  data arrival time                                                 34.56

  clock SCAN_CLK (rise edge)                            100.00     100.00
  clock network delay (ideal)                             0.00     100.00
  clock uncertainty                                      -0.20      99.80
  u_RegFile/mem_reg[11][6]/CK (SDFFRQX2M)                 0.00      99.80 r
  library setup time                                     -0.61      99.19
  data required time                                                99.19
  --------------------------------------------------------------------------
  data required time                                                99.19
  data arrival time                                                -34.56
  --------------------------------------------------------------------------
  slack (MET)                                                       64.63


  Startpoint: SE (input port clocked by SCAN_CLK)
  Endpoint: u_RegFile/mem_reg[11][5]
            (rising edge-triggered flip-flop clocked by SCAN_CLK)
  Path Group: SCAN_CLK
  Path Type: max

  Des/Clust/Port     Wire Load Model       Library
  ------------------------------------------------
  SYS_TOP            tsmc13_wl30           scmetro_tsmc_cl013g_rvt_ss_1p08v_125c

  Point                                                   Incr       Path
  --------------------------------------------------------------------------
  clock SCAN_CLK (rise edge)                              0.00       0.00
  clock network delay (ideal)                             0.00       0.00
  input external delay                                   20.00      20.00 r
  SE (in)                                                 0.66      20.66 r
  U137/Y (INVXLM)                                         0.57      21.24 f
  U103/Y (INVXLM)                                         0.61      21.85 r
  U78/Y (DLY1X1M)                                         0.88      22.73 r
  U104/Y (INVXLM)                                         0.55      23.27 f
  U79/Y (DLY1X1M)                                         0.83      24.10 f
  U138/Y (INVXLM)                                         0.62      24.72 r
  U122/Y (INVXLM)                                         0.48      25.20 f
  U84/Y (DLY1X1M)                                         0.81      26.01 f
  U123/Y (INVXLM)                                         0.62      26.64 r
  U113/Y (DLY1X1M)                                        0.89      27.52 r
  U136/Y (DLY1X1M)                                        0.88      28.40 r
  U135/Y (DLY1X1M)                                        0.88      29.28 r
  u_RegFile/test_se (RegisterFile_DATA_WIDTH8_DATA_DEPTH16_ADDR_WIDTH4_test_1)
                                                          0.00      29.28 r
  u_RegFile/U563/Y (DLY1X1M)                              0.88      30.15 r
  u_RegFile/U630/Y (DLY1X1M)                              0.88      31.03 r
  u_RegFile/U627/Y (DLY1X1M)                              0.88      31.91 r
  u_RegFile/U638/Y (DLY1X1M)                              0.89      32.79 r
  u_RegFile/U675/Y (DLY1X1M)                              0.88      33.67 r
  u_RegFile/U597/Y (DLY1X1M)                              0.90      34.56 r
  u_RegFile/mem_reg[11][5]/SE (SDFFRQX2M)                 0.00      34.56 r
  data arrival time                                                 34.56

  clock SCAN_CLK (rise edge)                            100.00     100.00
  clock network delay (ideal)                             0.00     100.00
  clock uncertainty                                      -0.20      99.80
  u_RegFile/mem_reg[11][5]/CK (SDFFRQX2M)                 0.00      99.80 r
  library setup time                                     -0.61      99.19
  data required time                                                99.19
  --------------------------------------------------------------------------
  data required time                                                99.19
  data arrival time                                                -34.56
  --------------------------------------------------------------------------
  slack (MET)                                                       64.63


  Startpoint: SE (input port clocked by SCAN_CLK)
  Endpoint: u_RegFile/mem_reg[11][1]
            (rising edge-triggered flip-flop clocked by SCAN_CLK)
  Path Group: SCAN_CLK
  Path Type: max

  Des/Clust/Port     Wire Load Model       Library
  ------------------------------------------------
  SYS_TOP            tsmc13_wl30           scmetro_tsmc_cl013g_rvt_ss_1p08v_125c

  Point                                                   Incr       Path
  --------------------------------------------------------------------------
  clock SCAN_CLK (rise edge)                              0.00       0.00
  clock network delay (ideal)                             0.00       0.00
  input external delay                                   20.00      20.00 r
  SE (in)                                                 0.66      20.66 r
  U137/Y (INVXLM)                                         0.57      21.24 f
  U103/Y (INVXLM)                                         0.61      21.85 r
  U78/Y (DLY1X1M)                                         0.88      22.73 r
  U104/Y (INVXLM)                                         0.55      23.27 f
  U79/Y (DLY1X1M)                                         0.83      24.10 f
  U138/Y (INVXLM)                                         0.62      24.72 r
  U122/Y (INVXLM)                                         0.48      25.20 f
  U84/Y (DLY1X1M)                                         0.81      26.01 f
  U123/Y (INVXLM)                                         0.62      26.64 r
  U113/Y (DLY1X1M)                                        0.89      27.52 r
  U136/Y (DLY1X1M)                                        0.88      28.40 r
  U135/Y (DLY1X1M)                                        0.88      29.28 r
  u_RegFile/test_se (RegisterFile_DATA_WIDTH8_DATA_DEPTH16_ADDR_WIDTH4_test_1)
                                                          0.00      29.28 r
  u_RegFile/U563/Y (DLY1X1M)                              0.88      30.15 r
  u_RegFile/U566/Y (DLY1X1M)                              0.88      31.03 r
  u_RegFile/U628/Y (DLY1X1M)                              0.88      31.91 r
  u_RegFile/U650/Y (DLY1X1M)                              0.89      32.79 r
  u_RegFile/U673/Y (DLY1X1M)                              0.88      33.67 r
  u_RegFile/U596/Y (DLY1X1M)                              0.90      34.56 r
  u_RegFile/mem_reg[11][1]/SE (SDFFRQX2M)                 0.00      34.56 r
  data arrival time                                                 34.56

  clock SCAN_CLK (rise edge)                            100.00     100.00
  clock network delay (ideal)                             0.00     100.00
  clock uncertainty                                      -0.20      99.80
  u_RegFile/mem_reg[11][1]/CK (SDFFRQX2M)                 0.00      99.80 r
  library setup time                                     -0.61      99.19
  data required time                                                99.19
  --------------------------------------------------------------------------
  data required time                                                99.19
  data arrival time                                                -34.56
  --------------------------------------------------------------------------
  slack (MET)                                                       64.63


  Startpoint: SE (input port clocked by SCAN_CLK)
  Endpoint: u_RegFile/mem_reg[11][0]
            (rising edge-triggered flip-flop clocked by SCAN_CLK)
  Path Group: SCAN_CLK
  Path Type: max

  Des/Clust/Port     Wire Load Model       Library
  ------------------------------------------------
  SYS_TOP            tsmc13_wl30           scmetro_tsmc_cl013g_rvt_ss_1p08v_125c

  Point                                                   Incr       Path
  --------------------------------------------------------------------------
  clock SCAN_CLK (rise edge)                              0.00       0.00
  clock network delay (ideal)                             0.00       0.00
  input external delay                                   20.00      20.00 r
  SE (in)                                                 0.66      20.66 r
  U137/Y (INVXLM)                                         0.57      21.24 f
  U103/Y (INVXLM)                                         0.61      21.85 r
  U78/Y (DLY1X1M)                                         0.88      22.73 r
  U104/Y (INVXLM)                                         0.55      23.27 f
  U79/Y (DLY1X1M)                                         0.83      24.10 f
  U138/Y (INVXLM)                                         0.62      24.72 r
  U122/Y (INVXLM)                                         0.48      25.20 f
  U84/Y (DLY1X1M)                                         0.81      26.01 f
  U123/Y (INVXLM)                                         0.62      26.64 r
  U113/Y (DLY1X1M)                                        0.89      27.52 r
  U136/Y (DLY1X1M)                                        0.88      28.40 r
  U135/Y (DLY1X1M)                                        0.88      29.28 r
  u_RegFile/test_se (RegisterFile_DATA_WIDTH8_DATA_DEPTH16_ADDR_WIDTH4_test_1)
                                                          0.00      29.28 r
  u_RegFile/U563/Y (DLY1X1M)                              0.88      30.15 r
  u_RegFile/U566/Y (DLY1X1M)                              0.88      31.03 r
  u_RegFile/U628/Y (DLY1X1M)                              0.88      31.91 r
  u_RegFile/U650/Y (DLY1X1M)                              0.89      32.79 r
  u_RegFile/U673/Y (DLY1X1M)                              0.88      33.67 r
  u_RegFile/U596/Y (DLY1X1M)                              0.90      34.56 r
  u_RegFile/mem_reg[11][0]/SE (SDFFRQX2M)                 0.00      34.56 r
  data arrival time                                                 34.56

  clock SCAN_CLK (rise edge)                            100.00     100.00
  clock network delay (ideal)                             0.00     100.00
  clock uncertainty                                      -0.20      99.80
  u_RegFile/mem_reg[11][0]/CK (SDFFRQX2M)                 0.00      99.80 r
  library setup time                                     -0.61      99.19
  data required time                                                99.19
  --------------------------------------------------------------------------
  data required time                                                99.19
  data arrival time                                                -34.56
  --------------------------------------------------------------------------
  slack (MET)                                                       64.63


  Startpoint: SE (input port clocked by SCAN_CLK)
  Endpoint: u_RegFile/mem_reg[15][0]
            (rising edge-triggered flip-flop clocked by SCAN_CLK)
  Path Group: SCAN_CLK
  Path Type: max

  Des/Clust/Port     Wire Load Model       Library
  ------------------------------------------------
  SYS_TOP            tsmc13_wl30           scmetro_tsmc_cl013g_rvt_ss_1p08v_125c

  Point                                                   Incr       Path
  --------------------------------------------------------------------------
  clock SCAN_CLK (rise edge)                              0.00       0.00
  clock network delay (ideal)                             0.00       0.00
  input external delay                                   20.00      20.00 r
  SE (in)                                                 0.66      20.66 r
  U137/Y (INVXLM)                                         0.57      21.24 f
  U103/Y (INVXLM)                                         0.61      21.85 r
  U78/Y (DLY1X1M)                                         0.88      22.73 r
  U104/Y (INVXLM)                                         0.55      23.27 f
  U79/Y (DLY1X1M)                                         0.83      24.10 f
  U138/Y (INVXLM)                                         0.62      24.72 r
  U122/Y (INVXLM)                                         0.48      25.20 f
  U84/Y (DLY1X1M)                                         0.81      26.01 f
  U123/Y (INVXLM)                                         0.62      26.64 r
  U113/Y (DLY1X1M)                                        0.89      27.52 r
  U136/Y (DLY1X1M)                                        0.88      28.40 r
  U135/Y (DLY1X1M)                                        0.88      29.28 r
  u_RegFile/test_se (RegisterFile_DATA_WIDTH8_DATA_DEPTH16_ADDR_WIDTH4_test_1)
                                                          0.00      29.28 r
  u_RegFile/U629/Y (DLY1X1M)                              0.88      30.15 r
  u_RegFile/U655/Y (DLY1X1M)                              0.88      31.03 r
  u_RegFile/U649/Y (DLY1X1M)                              0.88      31.91 r
  u_RegFile/U665/Y (DLY1X1M)                              0.88      32.78 r
  u_RegFile/U666/Y (DLY1X1M)                              0.89      33.67 r
  u_RegFile/U615/Y (DLY1X1M)                              0.90      34.56 r
  u_RegFile/mem_reg[15][0]/SE (SDFFRQX2M)                 0.00      34.56 r
  data arrival time                                                 34.56

  clock SCAN_CLK (rise edge)                            100.00     100.00
  clock network delay (ideal)                             0.00     100.00
  clock uncertainty                                      -0.20      99.80
  u_RegFile/mem_reg[15][0]/CK (SDFFRQX2M)                 0.00      99.80 r
  library setup time                                     -0.61      99.19
  data required time                                                99.19
  --------------------------------------------------------------------------
  data required time                                                99.19
  data arrival time                                                -34.56
  --------------------------------------------------------------------------
  slack (MET)                                                       64.63


  Startpoint: SE (input port clocked by SCAN_CLK)
  Endpoint: u_RegFile/mem_reg[4][7]
            (rising edge-triggered flip-flop clocked by SCAN_CLK)
  Path Group: SCAN_CLK
  Path Type: max

  Des/Clust/Port     Wire Load Model       Library
  ------------------------------------------------
  SYS_TOP            tsmc13_wl30           scmetro_tsmc_cl013g_rvt_ss_1p08v_125c

  Point                                                   Incr       Path
  --------------------------------------------------------------------------
  clock SCAN_CLK (rise edge)                              0.00       0.00
  clock network delay (ideal)                             0.00       0.00
  input external delay                                   20.00      20.00 r
  SE (in)                                                 0.66      20.66 r
  U137/Y (INVXLM)                                         0.57      21.24 f
  U103/Y (INVXLM)                                         0.61      21.85 r
  U78/Y (DLY1X1M)                                         0.88      22.73 r
  U104/Y (INVXLM)                                         0.55      23.27 f
  U79/Y (DLY1X1M)                                         0.83      24.10 f
  U138/Y (INVXLM)                                         0.62      24.72 r
  U122/Y (INVXLM)                                         0.48      25.20 f
  U84/Y (DLY1X1M)                                         0.81      26.01 f
  U123/Y (INVXLM)                                         0.62      26.64 r
  U113/Y (DLY1X1M)                                        0.89      27.52 r
  U136/Y (DLY1X1M)                                        0.88      28.40 r
  U135/Y (DLY1X1M)                                        0.88      29.28 r
  u_RegFile/test_se (RegisterFile_DATA_WIDTH8_DATA_DEPTH16_ADDR_WIDTH4_test_1)
                                                          0.00      29.28 r
  u_RegFile/U629/Y (DLY1X1M)                              0.88      30.15 r
  u_RegFile/U655/Y (DLY1X1M)                              0.88      31.03 r
  u_RegFile/U649/Y (DLY1X1M)                              0.88      31.91 r
  u_RegFile/U665/Y (DLY1X1M)                              0.88      32.78 r
  u_RegFile/U666/Y (DLY1X1M)                              0.89      33.67 r
  u_RegFile/U615/Y (DLY1X1M)                              0.90      34.56 r
  u_RegFile/mem_reg[4][7]/SE (SDFFRQX2M)                  0.00      34.56 r
  data arrival time                                                 34.56

  clock SCAN_CLK (rise edge)                            100.00     100.00
  clock network delay (ideal)                             0.00     100.00
  clock uncertainty                                      -0.20      99.80
  u_RegFile/mem_reg[4][7]/CK (SDFFRQX2M)                  0.00      99.80 r
  library setup time                                     -0.61      99.19
  data required time                                                99.19
  --------------------------------------------------------------------------
  data required time                                                99.19
  data arrival time                                                -34.56
  --------------------------------------------------------------------------
  slack (MET)                                                       64.63


  Startpoint: SE (input port clocked by SCAN_CLK)
  Endpoint: u_RegFile/RdData_reg[3]
            (rising edge-triggered flip-flop clocked by SCAN_CLK)
  Path Group: SCAN_CLK
  Path Type: max

  Des/Clust/Port     Wire Load Model       Library
  ------------------------------------------------
  SYS_TOP            tsmc13_wl30           scmetro_tsmc_cl013g_rvt_ss_1p08v_125c

  Point                                                   Incr       Path
  --------------------------------------------------------------------------
  clock SCAN_CLK (rise edge)                              0.00       0.00
  clock network delay (ideal)                             0.00       0.00
  input external delay                                   20.00      20.00 r
  SE (in)                                                 0.66      20.66 r
  U137/Y (INVXLM)                                         0.57      21.24 f
  U103/Y (INVXLM)                                         0.61      21.85 r
  U78/Y (DLY1X1M)                                         0.88      22.73 r
  U104/Y (INVXLM)                                         0.55      23.27 f
  U79/Y (DLY1X1M)                                         0.83      24.10 f
  U138/Y (INVXLM)                                         0.62      24.72 r
  U122/Y (INVXLM)                                         0.48      25.20 f
  U84/Y (DLY1X1M)                                         0.81      26.01 f
  U123/Y (INVXLM)                                         0.62      26.64 r
  U113/Y (DLY1X1M)                                        0.89      27.52 r
  U136/Y (DLY1X1M)                                        0.88      28.40 r
  U135/Y (DLY1X1M)                                        0.88      29.28 r
  u_RegFile/test_se (RegisterFile_DATA_WIDTH8_DATA_DEPTH16_ADDR_WIDTH4_test_1)
                                                          0.00      29.28 r
  u_RegFile/U629/Y (DLY1X1M)                              0.88      30.15 r
  u_RegFile/U655/Y (DLY1X1M)                              0.88      31.03 r
  u_RegFile/U570/Y (DLY1X1M)                              0.88      31.91 r
  u_RegFile/U647/Y (DLY1X1M)                              0.88      32.78 r
  u_RegFile/U687/Y (DLY1X1M)                              0.88      33.66 r
  u_RegFile/U603/Y (DLY1X1M)                              0.90      34.55 r
  u_RegFile/RdData_reg[3]/SE (SDFFRQX2M)                  0.00      34.55 r
  data arrival time                                                 34.55

  clock SCAN_CLK (rise edge)                            100.00     100.00
  clock network delay (ideal)                             0.00     100.00
  clock uncertainty                                      -0.20      99.80
  u_RegFile/RdData_reg[3]/CK (SDFFRQX2M)                  0.00      99.80 r
  library setup time                                     -0.61      99.19
  data required time                                                99.19
  --------------------------------------------------------------------------
  data required time                                                99.19
  data arrival time                                                -34.55
  --------------------------------------------------------------------------
  slack (MET)                                                       64.64


  Startpoint: SE (input port clocked by SCAN_CLK)
  Endpoint: u_RegFile/RdData_reg[2]
            (rising edge-triggered flip-flop clocked by SCAN_CLK)
  Path Group: SCAN_CLK
  Path Type: max

  Des/Clust/Port     Wire Load Model       Library
  ------------------------------------------------
  SYS_TOP            tsmc13_wl30           scmetro_tsmc_cl013g_rvt_ss_1p08v_125c

  Point                                                   Incr       Path
  --------------------------------------------------------------------------
  clock SCAN_CLK (rise edge)                              0.00       0.00
  clock network delay (ideal)                             0.00       0.00
  input external delay                                   20.00      20.00 r
  SE (in)                                                 0.66      20.66 r
  U137/Y (INVXLM)                                         0.57      21.24 f
  U103/Y (INVXLM)                                         0.61      21.85 r
  U78/Y (DLY1X1M)                                         0.88      22.73 r
  U104/Y (INVXLM)                                         0.55      23.27 f
  U79/Y (DLY1X1M)                                         0.83      24.10 f
  U138/Y (INVXLM)                                         0.62      24.72 r
  U122/Y (INVXLM)                                         0.48      25.20 f
  U84/Y (DLY1X1M)                                         0.81      26.01 f
  U123/Y (INVXLM)                                         0.62      26.64 r
  U113/Y (DLY1X1M)                                        0.89      27.52 r
  U136/Y (DLY1X1M)                                        0.88      28.40 r
  U135/Y (DLY1X1M)                                        0.88      29.28 r
  u_RegFile/test_se (RegisterFile_DATA_WIDTH8_DATA_DEPTH16_ADDR_WIDTH4_test_1)
                                                          0.00      29.28 r
  u_RegFile/U629/Y (DLY1X1M)                              0.88      30.15 r
  u_RegFile/U655/Y (DLY1X1M)                              0.88      31.03 r
  u_RegFile/U570/Y (DLY1X1M)                              0.88      31.91 r
  u_RegFile/U647/Y (DLY1X1M)                              0.88      32.78 r
  u_RegFile/U687/Y (DLY1X1M)                              0.88      33.66 r
  u_RegFile/U603/Y (DLY1X1M)                              0.90      34.55 r
  u_RegFile/RdData_reg[2]/SE (SDFFRQX2M)                  0.00      34.55 r
  data arrival time                                                 34.55

  clock SCAN_CLK (rise edge)                            100.00     100.00
  clock network delay (ideal)                             0.00     100.00
  clock uncertainty                                      -0.20      99.80
  u_RegFile/RdData_reg[2]/CK (SDFFRQX2M)                  0.00      99.80 r
  library setup time                                     -0.61      99.19
  data required time                                                99.19
  --------------------------------------------------------------------------
  data required time                                                99.19
  data arrival time                                                -34.55
  --------------------------------------------------------------------------
  slack (MET)                                                       64.64


  Startpoint: SE (input port clocked by SCAN_CLK)
  Endpoint: u_RegFile/mem_reg[0][4]
            (rising edge-triggered flip-flop clocked by SCAN_CLK)
  Path Group: SCAN_CLK
  Path Type: max

  Des/Clust/Port     Wire Load Model       Library
  ------------------------------------------------
  SYS_TOP            tsmc13_wl30           scmetro_tsmc_cl013g_rvt_ss_1p08v_125c

  Point                                                   Incr       Path
  --------------------------------------------------------------------------
  clock SCAN_CLK (rise edge)                              0.00       0.00
  clock network delay (ideal)                             0.00       0.00
  input external delay                                   20.00      20.00 r
  SE (in)                                                 0.66      20.66 r
  U137/Y (INVXLM)                                         0.57      21.24 f
  U103/Y (INVXLM)                                         0.61      21.85 r
  U78/Y (DLY1X1M)                                         0.88      22.73 r
  U104/Y (INVXLM)                                         0.55      23.27 f
  U79/Y (DLY1X1M)                                         0.83      24.10 f
  U138/Y (INVXLM)                                         0.62      24.72 r
  U122/Y (INVXLM)                                         0.48      25.20 f
  U84/Y (DLY1X1M)                                         0.81      26.01 f
  U123/Y (INVXLM)                                         0.62      26.64 r
  U113/Y (DLY1X1M)                                        0.89      27.52 r
  U136/Y (DLY1X1M)                                        0.88      28.40 r
  U135/Y (DLY1X1M)                                        0.88      29.28 r
  u_RegFile/test_se (RegisterFile_DATA_WIDTH8_DATA_DEPTH16_ADDR_WIDTH4_test_1)
                                                          0.00      29.28 r
  u_RegFile/U563/Y (DLY1X1M)                              0.88      30.15 r
  u_RegFile/U630/Y (DLY1X1M)                              0.88      31.03 r
  u_RegFile/U653/Y (DLY1X1M)                              0.88      31.91 r
  u_RegFile/U568/Y (DLY1X1M)                              0.88      32.78 r
  u_RegFile/U637/Y (DLY1X1M)                              0.88      33.66 r
  u_RegFile/U581/Y (DLY1X1M)                              0.90      34.55 r
  u_RegFile/mem_reg[0][4]/SE (SDFFRQX2M)                  0.00      34.55 r
  data arrival time                                                 34.55

  clock SCAN_CLK (rise edge)                            100.00     100.00
  clock network delay (ideal)                             0.00     100.00
  clock uncertainty                                      -0.20      99.80
  u_RegFile/mem_reg[0][4]/CK (SDFFRQX2M)                  0.00      99.80 r
  library setup time                                     -0.61      99.19
  data required time                                                99.19
  --------------------------------------------------------------------------
  data required time                                                99.19
  data arrival time                                                -34.55
  --------------------------------------------------------------------------
  slack (MET)                                                       64.64


  Startpoint: SE (input port clocked by SCAN_CLK)
  Endpoint: u_RegFile/mem_reg[0][1]
            (rising edge-triggered flip-flop clocked by SCAN_CLK)
  Path Group: SCAN_CLK
  Path Type: max

  Des/Clust/Port     Wire Load Model       Library
  ------------------------------------------------
  SYS_TOP            tsmc13_wl30           scmetro_tsmc_cl013g_rvt_ss_1p08v_125c

  Point                                                   Incr       Path
  --------------------------------------------------------------------------
  clock SCAN_CLK (rise edge)                              0.00       0.00
  clock network delay (ideal)                             0.00       0.00
  input external delay                                   20.00      20.00 r
  SE (in)                                                 0.66      20.66 r
  U137/Y (INVXLM)                                         0.57      21.24 f
  U103/Y (INVXLM)                                         0.61      21.85 r
  U78/Y (DLY1X1M)                                         0.88      22.73 r
  U104/Y (INVXLM)                                         0.55      23.27 f
  U79/Y (DLY1X1M)                                         0.83      24.10 f
  U138/Y (INVXLM)                                         0.62      24.72 r
  U122/Y (INVXLM)                                         0.48      25.20 f
  U84/Y (DLY1X1M)                                         0.81      26.01 f
  U123/Y (INVXLM)                                         0.62      26.64 r
  U113/Y (DLY1X1M)                                        0.89      27.52 r
  U136/Y (DLY1X1M)                                        0.88      28.40 r
  U135/Y (DLY1X1M)                                        0.88      29.28 r
  u_RegFile/test_se (RegisterFile_DATA_WIDTH8_DATA_DEPTH16_ADDR_WIDTH4_test_1)
                                                          0.00      29.28 r
  u_RegFile/U563/Y (DLY1X1M)                              0.88      30.15 r
  u_RegFile/U630/Y (DLY1X1M)                              0.88      31.03 r
  u_RegFile/U653/Y (DLY1X1M)                              0.88      31.91 r
  u_RegFile/U568/Y (DLY1X1M)                              0.88      32.78 r
  u_RegFile/U641/Y (DLY1X1M)                              0.88      33.66 r
  u_RegFile/U583/Y (DLY1X1M)                              0.90      34.55 r
  u_RegFile/mem_reg[0][1]/SE (SDFFRQX2M)                  0.00      34.55 r
  data arrival time                                                 34.55

  clock SCAN_CLK (rise edge)                            100.00     100.00
  clock network delay (ideal)                             0.00     100.00
  clock uncertainty                                      -0.20      99.80
  u_RegFile/mem_reg[0][1]/CK (SDFFRQX2M)                  0.00      99.80 r
  library setup time                                     -0.61      99.19
  data required time                                                99.19
  --------------------------------------------------------------------------
  data required time                                                99.19
  data arrival time                                                -34.55
  --------------------------------------------------------------------------
  slack (MET)                                                       64.64


1
